show_id,type,title,director,cast,country,date_added,release_year,rating,duration,listed_in,description,duration_num,primary_country,primary_genre,Cluster
0,0,1975,2295,7246,603,1713,2020,7,210,274,2577,90.0,79,10,0
1111,1,1091,4303,409,426,1712,2021,11,110,414,1762,2.0,66,16,2
2222,1,2651,2105,6296,736,1712,2021,11,0,242,7341,1.0,80,8,2
3333,1,3506,4303,7246,736,1712,2021,11,0,297,3617,1.0,80,11,2
4444,1,3861,4303,4815,251,1712,2021,11,110,393,4416,2.0,29,16,2
5555,1,4574,2866,3781,736,1712,2021,11,0,499,6468,1.0,80,31,1
6666,0,4879,3542,7267,736,1712,2021,6,211,121,3458,91.0,80,4,0
7777,0,6062,1504,4033,663,1712,1993,11,32,319,5520,125.0,79,12,2
8696,1,7216,299,4843,506,1712,2021,9,208,114,1158,9.0,78,3,0
1,0,7767,4157,4853,603,1712,2021,7,7,197,1338,104.0,79,7,3
112,1,8358,4303,7246,736,1712,2021,11,0,235,6083,1.0,80,8,2
223,1,794,2301,6824,736,1711,2021,11,0,242,6268,1.0,80,8,2
334,0,3529,792,4458,218,1711,2021,11,34,326,1939,127.0,22,12,2
445,0,1660,628,4027,736,1710,2021,12,211,125,8360,91.0,80,4,0
556,1,1729,4303,7246,736,1710,2021,11,0,96,2925,1.0,80,3,2
667,1,1888,4303,4338,603,1710,2021,11,151,488,6277,4.0,79,30,1
778,0,2288,3230,7246,736,1710,2020,11,182,281,3184,67.0,80,10,0
889,1,2358,4303,4420,342,1710,2020,11,110,253,6253,2.0,44,8,2
1000,0,3419,53,2338,736,1710,2021,9,214,513,1588,94.0,80,35,1
1112,1,3502,4303,1015,736,1710,2021,11,0,398,4616,1.0,80,16,2
1223,1,4720,3105,7246,736,1710,2021,9,0,235,4657,1.0,80,8,3
1334,1,5829,4303,2110,492,1710,2018,9,162,405,7896,5.0,75,16,0
1445,0,692,2150,3690,736,1709,1996,12,74,217,5444,161.0,80,7,2
1556,0,2755,170,4538,736,1709,2021,13,176,121,3940,61.0,80,4,0
1667,0,3531,3653,5706,251,1709,1998,9,79,220,8366,166.0,29,7,3
1778,1,4239,4303,1115,15,1709,2021,9,110,293,3656,2.0,1,11,3
1889,0,4621,3397,762,736,1709,1997,12,57,219,1168,147.0,80,7,2
2000,0,2859,1058,103,603,1708,2010,7,6,185,5380,103.0,79,7,3
2111,0,1831,3791,3917,603,1707,2013,7,217,357,404,97.0,79,13,0
2223,0,5377,3549,4275,673,1707,2013,7,9,513,2829,106.0,79,35,1
2334,0,585,406,71,736,1706,2021,9,16,319,2557,111.0,80,12,3
2445,1,1487,4303,4170,736,1706,2021,11,0,487,2980,1.0,80,30,1
2556,1,6220,4303,769,506,1706,2020,11,138,108,4936,3.0,78,3,0
2667,1,6515,4303,4207,736,1706,2021,11,0,416,4251,1.0,80,16,2
2778,1,6763,4303,1582,736,1706,2020,14,0,422,6333,1.0,80,17,2
2889,0,7138,928,154,736,1706,2021,11,15,332,8276,110.0,80,12,2
3000,0,7776,870,2440,736,1706,2021,11,8,39,7286,105.0,80,0,2
3111,1,571,4303,699,156,1705,2018,14,0,433,2827,1.0,19,17,2
3222,0,1032,1414,999,106,1705,2017,7,216,36,1384,96.0,12,0,0
3334,1,1459,4303,7281,251,1705,2021,14,138,422,144,3.0,29,17,2
3445,1,2997,4303,7606,603,1705,2021,14,0,439,5342,1.0,79,17,2
3556,0,3524,4020,6146,603,1705,1975,6,31,17,8122,124.0,79,0,3
3667,0,3525,1816,6145,603,1705,1978,6,21,317,3867,116.0,79,12,3
3778,0,3526,1908,1796,603,1705,1983,6,218,48,2038,98.0,79,0,0
3889,0,3527,2059,4361,603,1705,1987,7,211,48,1718,91.0,79,0,0
4000,0,4864,4285,7246,736,1705,2021,6,126,274,5901,23.0,80,10,3
4111,0,6019,908,1808,433,1705,2012,8,20,0,8734,115.0,66,0,3
4222,1,7738,638,5473,736,1705,2020,11,0,393,3679,1.0,80,16,2
4333,0,8107,349,1803,603,1705,2001,8,29,344,985,122.0,79,12,3
4445,1,1375,4303,5969,368,1704,2021,11,110,412,852,2.0,49,16,2
4556,1,1961,4303,3756,251,1704,2014,12,0,415,2018,1.0,29,16,2
4667,0,3422,4258,3719,319,1704,2002,9,219,5,8649,99.0,36,0,0
4778,0,3423,4258,3713,319,1704,2003,9,219,5,6407,99.0,36,0,0
4889,0,3424,4258,3715,319,1704,2004,12,206,5,2103,88.0,36,0,0
5000,0,3425,4258,3714,319,1704,2001,12,3,5,904,100.0,36,0,2
5111,1,4959,4303,5332,603,1704,2021,12,174,446,4207,6.0,79,21,1
5222,0,4981,2685,3647,319,1704,2011,9,5,5,5355,102.0,36,0,3
5333,0,4984,1506,3646,319,1704,2008,12,213,5,8332,93.0,36,0,0
5444,0,4985,2685,3644,319,1704,2009,12,216,5,8168,96.0,36,0,0
5556,0,4982,1506,3650,319,1704,2007,12,215,5,6464,95.0,36,0,0
5667,0,4983,2685,3648,319,1704,2010,9,203,5,7771,85.0,36,0,0
5778,0,4986,1593,3651,319,1704,2005,12,217,5,8491,97.0,36,0,0
5889,0,4987,4260,3649,319,1704,2006,12,215,5,3538,95.0,36,0,0
6000,0,4988,4142,3652,319,1704,2004,12,201,5,5405,83.0,36,0,0
6111,0,5057,1029,7498,736,1704,2021,12,6,121,5937,103.0,80,4,2
6222,1,5122,4303,950,506,1704,2021,13,174,422,4460,6.0,78,17,2
6333,1,5722,4303,7246,251,1704,2014,10,0,292,3520,1.0,29,11,2
6444,1,6101,4303,4691,603,1704,1994,12,208,433,3979,9.0,79,17,0
6555,0,6124,1527,4931,736,1704,2021,9,18,284,7251,113.0,80,10,3
6667,1,6567,4303,7246,251,1704,2015,12,0,412,6733,1.0,29,16,2
6778,1,8068,4303,2860,736,1704,2021,11,0,386,5586,1.0,80,16,2
6889,0,243,959,2191,736,1703,2021,13,38,121,5069,13.0,80,4,2
7000,1,3490,4303,2907,506,1703,2021,11,162,100,5082,5.0,78,3,0
7111,0,3813,2219,6678,368,1703,2018,11,97,326,7979,182.0,49,12,2
7222,1,7910,4303,7246,736,1703,2021,12,110,446,8570,2.0,80,21,1
7333,0,8723,498,880,736,1703,2021,10,9,121,1643,106.0,80,4,3
7444,1,8740,4303,1563,319,1703,2013,9,0,80,1231,1.0,36,2,3
7555,0,4117,3321,6831,736,1702,2021,14,160,125,5119,48.0,80,4,2
7666,0,8195,1050,7330,736,1702,2020,9,55,200,161,145.0,80,7,3
7778,0,8196,1050,7330,736,1702,2021,9,55,200,161,145.0,80,7,3
7889,0,2450,4239,7029,736,1701,2021,14,213,121,8256,93.0,80,4,0
8000,0,3724,690,4730,603,1701,2021,8,9,0,6131,106.0,79,0,3
8111,1,4266,4303,7102,603,1701,2021,9,174,260,2846,6.0,79,8,0
8222,1,4550,4303,3333,736,1701,2021,11,0,446,5581,1.0,80,21,2
8333,0,5197,1686,2348,368,1701,2020,11,57,22,7459,147.0,49,0,2
8444,1,5514,4303,2797,736,1701,2021,14,0,86,2502,1.0,80,2,2
8555,0,5595,4168,1722,736,1701,2021,11,205,375,618,87.0,80,15,0
8666,1,8024,4303,3204,736,1701,2019,13,110,423,7287,2.0,80,17,2
8685,0,1092,2596,4553,736,1700,2021,7,216,289,3929,96.0,80,10,0
8697,1,4588,4303,3617,736,1700,2017,14,151,422,2855,4.0,80,17,2
8708,0,5373,200,2086,469,1700,2019,11,215,467,7599,95.0,69,24,1
8719,0,7903,2912,7246,162,1700,2021,9,212,281,6959,92.0,20,10,0
8730,1,3416,4303,5610,38,1699,2021,11,110,414,5661,2.0,5,16,2
8741,0,3478,179,2042,736,1699,2021,11,211,329,3424,91.0,80,12,0
8752,0,6295,3383,7453,589,1699,2018,6,210,125,987,90.0,78,4,0
8763,1,7003,4303,4951,718,1699,2021,11,138,446,6221,3.0,79,21,1
8774,0,3316,3988,6114,603,1698,2018,11,217,288,7650,97.0,79,10,0
8785,1,3783,4303,2892,603,1698,2021,14,110,435,139,2.0,79,17,2
8796,1,5149,4303,680,506,1698,2021,13,0,110,6428,1.0,78,3,2
2,1,5204,4303,3611,206,1698,2021,11,0,488,3866,1.0,20,30,1
13,1,8040,4303,821,736,1698,2019,14,110,422,2384,2.0,80,17,2
24,0,8311,710,7246,603,1698,2021,11,198,289,7616,80.0,79,10,0
35,1,1691,1763,7246,736,1697,2021,9,0,300,4007,1.0,80,11,3
46,0,6233,4465,3277,736,1697,2020,11,22,332,393,117.0,80,12,2
57,1,6764,4303,6076,435,1697,2016,13,110,423,2618,2.0,67,17,2
68,0,561,2429,696,251,1696,2017,9,35,22,1821,128.0,29,0,3
79,1,1265,4303,5648,603,1696,2021,10,162,433,6437,5.0,79,17,0
90,0,155,1032,4578,603,1695,2018,3,210,138,7901,90.0,79,4,3
101,1,2010,4303,814,15,1694,2021,10,0,438,5574,1.0,1,17,2
113,1,3947,4303,7686,444,1694,2021,11,162,241,3411,5.0,69,8,0
124,1,4687,2483,7246,736,1694,2021,11,0,295,6546,1.0,80,11,2
135,1,6247,4303,4278,705,1694,2021,13,0,422,4098,1.0,79,17,2
146,0,8662,3749,4918,736,1694,2021,7,24,309,4690,119.0,80,12,3
157,0,356,3986,7315,736,1693,2021,12,15,230,2934,110.0,80,7,2
168,0,580,3369,4499,251,1693,1994,9,53,332,1312,143.0,29,12,3
179,0,1227,1748,47,510,1693,2009,6,24,337,6985,119.0,78,12,3
190,0,1959,2955,4077,251,1693,2015,12,19,199,788,114.0,29,7,2
201,0,2436,2496,7246,589,1693,2021,7,214,274,6950,94.0,78,10,0
212,0,2872,3847,274,251,1693,2017,9,9,332,8362,106.0,29,12,3
224,0,3043,1687,3044,736,1693,2020,11,219,329,1936,99.0,80,12,0
235,1,3048,4303,3468,15,1693,2021,14,0,433,1626,1.0,1,17,2
246,1,3176,4303,4204,736,1693,2019,9,0,393,8193,1.0,80,16,3
257,0,3353,1748,4827,511,1693,2003,8,23,513,1785,118.0,78,35,1
268,1,4286,4303,7246,736,1693,2012,14,0,422,2749,1.0,80,17,2
279,1,5533,4303,7246,435,1693,2013,14,138,423,5531,3.0,67,17,2
290,1,5650,4303,6441,603,1693,2021,11,0,255,501,1.0,79,8,2
301,0,6269,4340,6,251,1693,2020,9,20,329,264,115.0,29,12,3
312,0,163,2650,2700,621,1692,2004,6,215,125,6342,95.0,79,4,0
323,0,361,1433,2463,736,1692,2017,7,20,332,7866,115.0,80,12,3
335,0,541,2359,6062,228,1692,2005,7,11,309,532,108.0,22,12,3
346,0,810,3788,434,736,1692,2021,13,178,148,2670,63.0,80,4,0
357,0,1071,3507,2632,603,1692,1982,8,22,16,4484,117.0,79,0,3
368,1,1198,4303,7201,736,1692,2021,11,0,404,567,1.0,80,16,2
379,0,1418,2998,6570,431,1692,2015,8,28,60,4441,121.0,66,0,3
390,0,1580,3296,2634,690,1692,1994,7,52,36,8377,142.0,79,0,3
401,0,1587,3461,6881,683,1692,1993,8,18,0,5800,113.0,79,0,3
412,0,1632,342,3573,684,1692,2003,8,66,337,6987,154.0,79,12,3
423,0,1740,3917,5583,30,1692,2001,6,215,20,7770,95.0,1,0,0
434,0,1885,2359,1277,603,1692,2010,7,11,337,8493,108.0,79,12,3
446,0,2016,3949,1654,603,1692,1989,8,27,164,5529,120.0,79,6,3
457,0,2208,3807,3344,14,1692,2014,11,3,332,658,100.0,0,12,2
468,0,2325,4013,1125,720,1692,2015,8,200,0,7997,82.0,79,0,0
479,0,2561,3489,2703,228,1692,2007,7,31,309,8463,124.0,22,12,3
490,0,2842,2665,6189,603,1692,2011,7,19,60,6374,114.0,79,0,3
501,0,3182,3451,1445,603,1692,1990,8,7,186,4083,104.0,79,7,3
512,0,3183,1411,1444,603,1692,1991,8,214,192,5120,94.0,79,7,0
523,0,3184,1209,1446,603,1692,1994,8,214,227,1550,94.0,79,7,0
534,1,3197,4303,7246,736,1692,2021,12,0,446,3140,1.0,80,21,2
545,1,2887,1422,2569,736,1692,2020,9,0,512,7877,1.0,80,34,1
557,0,3276,2806,4751,603,1692,1998,8,213,20,1815,93.0,79,0,0
568,0,3350,2819,5449,603,1692,1999,8,217,513,5913,97.0,79,35,1
579,0,3384,280,3107,108,1692,2005,9,12,52,2910,109.0,12,0,3
590,0,3517,594,2944,603,1692,2016,11,206,185,3737,88.0,79,7,0
601,1,3785,4303,4358,407,1692,2016,13,110,422,3108,2.0,59,17,2
612,1,3893,4303,3908,319,1692,2015,11,138,85,3683,3.0,36,2,0
623,0,3953,1892,1703,589,1692,1986,6,4,10,4383,101.0,78,0,3
634,0,4052,1387,416,603,1692,2010,6,8,203,2914,105.0,79,7,3
645,0,4054,938,3819,58,1692,2018,9,5,467,4412,102.0,10,24,1
656,0,4203,4278,5295,603,1692,2003,7,4,230,812,101.0,79,7,3
668,0,4237,3157,5033,239,1692,2010,11,6,200,8346,103.0,26,7,2
679,1,4353,4303,2419,603,1692,1992,12,151,487,8187,4.0,79,30,1
690,0,4440,4185,2898,603,1692,1996,7,9,193,2567,106.0,79,7,3
701,0,4442,3451,1265,635,1692,2017,7,23,309,6809,118.0,79,12,3
712,0,4846,1031,791,603,1692,2003,8,204,230,1431,86.0,79,7,0
723,0,4917,2285,923,603,1692,1999,7,28,20,1178,121.0,79,0,3
734,1,5187,4303,5550,736,1692,2019,11,0,241,7206,1.0,80,8,2
745,0,5214,3823,6042,316,1692,1984,8,125,174,3269,229.0,34,6,3
756,0,5254,2723,3367,621,1692,2008,6,192,125,3431,76.0,79,4,0
767,0,5283,563,1393,603,1692,2001,6,215,9,5685,95.0,79,0,0
779,0,5537,4435,3537,603,1692,2006,7,218,36,1225,98.0,79,0,0
790,0,5847,3265,7163,603,1692,1997,8,207,288,6724,89.0,79,10,0
801,0,6046,2775,2500,603,1692,2017,7,27,310,1310,120.0,79,12,3
812,0,6121,3491,2888,656,1692,2003,7,15,227,5394,110.0,79,7,3
823,0,6405,244,7219,603,1692,2015,7,201,285,6579,83.0,79,10,0
834,0,6770,349,1128,603,1692,2003,8,28,36,73,121.0,79,0,3
845,0,6926,3421,1116,603,1692,1980,8,8,337,7546,105.0,79,12,3
856,0,7198,2817,1958,603,1692,1986,7,214,20,413,94.0,79,0,0
867,0,7233,1677,2503,589,1692,1961,9,68,14,3357,156.0,78,0,3
878,0,7311,1237,2987,603,1692,2014,8,17,20,6036,112.0,79,0,3
890,0,7555,4232,1959,603,1692,1996,7,215,230,1737,95.0,79,7,0
901,0,7556,3263,1960,736,1692,2000,7,10,230,1813,107.0,80,7,3
912,1,8208,4303,7246,736,1692,2021,9,0,291,7160,1.0,80,11,3
923,0,8497,2540,4713,603,1692,2008,7,19,185,5771,114.0,79,7,3
934,0,3354,4435,1483,603,1691,1993,8,36,14,1274,129.0,79,0,3
945,1,6471,4303,4642,603,1691,2021,12,0,446,4853,1.0,79,21,2
956,0,8313,710,7246,736,1691,2021,11,204,289,6748,86.0,80,10,0
967,1,3138,4303,6606,736,1690,2021,9,0,393,115,1.0,80,16,3
978,1,7301,4303,3898,736,1690,2021,10,0,409,1240,1.0,80,16,2
989,0,54,3416,5862,162,1689,2008,11,217,217,166,97.0,20,7,0
1001,1,1204,4303,7235,736,1689,2020,13,110,433,4495,2.0,80,17,2
1012,0,7948,3851,6398,251,1689,2021,9,32,326,3414,125.0,29,12,3
1023,0,8614,4132,3211,520,1689,2017,8,10,318,1245,107.0,78,12,3
1034,0,1287,3670,5049,251,1688,2008,9,34,25,7184,127.0,29,0,3
1045,1,1765,4303,3633,1,1688,2021,11,0,412,1456,1.0,86,16,2
1056,1,1875,4303,2313,736,1688,2002,11,0,400,791,1.0,80,16,2
1067,0,2141,3771,6336,251,1688,2008,9,35,200,107,128.0,29,7,3
1078,0,2995,2655,114,736,1688,2021,9,212,230,2374,92.0,80,7,0
1089,1,3280,4303,4910,736,1688,2021,14,0,433,4991,1.0,80,17,2
1100,1,3814,2219,6679,368,1688,2021,11,0,244,2120,1.0,49,8,2
1113,0,3849,3170,176,251,1688,2006,9,44,200,6211,135.0,29,7,3
1124,0,3873,3747,6675,251,1688,2004,9,31,46,7434,124.0,29,0,3
1135,0,3878,316,7208,251,1688,2003,9,45,332,1130,136.0,29,12,3
1146,0,3899,3732,7210,251,1688,2005,11,78,219,5219,165.0,29,7,2
1157,0,3900,4297,7207,251,1688,2016,11,31,217,8134,124.0,29,7,2
1168,0,3901,3670,7209,251,1688,2012,11,45,217,2264,136.0,29,7,2
1179,0,3903,973,2480,251,1688,2001,9,62,221,6596,150.0,29,7,3
1190,0,3928,1082,5403,251,1688,2010,11,17,319,7094,112.0,29,12,2
1201,0,4655,370,7387,251,1688,2008,9,24,53,1212,119.0,29,0,3
1212,0,5216,2882,230,251,1688,2010,9,42,328,5390,133.0,29,12,3
1224,0,5217,2882,258,251,1688,2013,9,52,328,7156,142.0,29,12,3
1235,0,5705,3223,3679,251,1688,2011,11,213,350,266,93.0,29,13,0
1246,0,5706,533,6847,251,1688,2014,11,18,350,6576,113.0,29,13,2
1257,1,5781,4303,1298,279,1688,2016,11,110,412,2518,2.0,32,16,2
1268,1,5683,4303,4011,736,1688,2021,12,138,292,6308,3.0,80,11,2
1279,0,5991,2525,6267,736,1688,2021,8,31,52,1087,124.0,80,0,3
1290,0,6283,370,461,251,1688,2007,11,21,39,2739,116.0,29,0,2
1301,0,6288,3380,6469,251,1688,2011,9,9,199,8416,106.0,29,7,3
1312,0,7093,2882,7320,251,1688,2011,9,55,200,1974,145.0,29,7,3
1323,1,8025,4303,7246,736,1688,2021,9,0,455,4406,1.0,80,21,3
1335,1,2140,4303,6925,319,1687,2021,9,0,80,1499,1.0,36,2,3
1346,1,2364,4303,4356,603,1687,2021,12,151,433,8348,4.0,79,17,2
1357,0,1124,2071,1029,736,1686,2021,9,213,274,2836,93.0,80,10,0
1368,1,1586,570,7666,736,1686,2021,11,0,264,8164,1.0,80,8,2
1379,1,3614,2731,7246,736,1686,2021,11,0,235,4264,1.0,80,8,2
1390,1,4756,4303,7246,736,1686,2021,9,0,385,2158,1.0,80,16,3
1401,1,5256,4303,4637,736,1686,2021,11,0,414,1677,1.0,80,16,2
1412,1,5541,4303,3805,736,1686,2021,11,0,410,6057,1.0,80,16,2
1423,0,5776,307,4034,603,1686,2020,11,215,322,980,95.0,79,12,0
1434,0,7552,3594,5667,718,1686,2014,8,11,0,2327,108.0,79,0,3
1446,0,7563,797,1103,603,1686,2020,11,210,345,970,90.0,79,13,0
1457,0,7682,3639,7246,736,1686,2021,11,204,289,4764,86.0,80,10,0
1468,0,7871,1010,1729,603,1686,2021,6,212,138,3210,92.0,79,4,0
1479,1,8548,4303,5548,603,1686,2019,10,138,446,5667,3.0,79,21,1
1490,0,1689,2640,7246,506,1685,2021,11,200,288,6885,82.0,78,10,0
1501,1,5162,4303,7246,736,1685,2021,13,0,433,5062,1.0,80,17,2
1512,0,8312,865,7246,736,1685,2021,12,186,287,2919,70.0,80,10,0
1523,0,1160,3431,226,736,1684,2021,9,29,353,5653,122.0,80,13,3
1534,0,1161,3431,226,736,1684,2021,9,29,353,5653,122.0,80,13,3
1545,0,1162,3431,226,736,1684,2021,9,29,353,5653,122.0,80,13,3
1557,0,1163,3431,226,736,1684,2021,9,29,353,5653,122.0,80,13,3
1568,0,7897,1517,7022,736,1684,2021,11,202,1,3466,84.0,80,0,0
1579,1,4393,4303,4856,603,1683,2021,9,138,500,7976,3.0,79,31,1
1590,1,1649,4303,7246,736,1682,2021,11,0,409,8624,1.0,80,16,2
1601,1,2304,4303,4409,736,1682,2021,11,0,399,1018,1.0,80,16,2
1612,0,2870,2175,189,736,1682,2018,9,216,332,1584,96.0,80,12,0
1623,1,3858,4303,5501,736,1682,2021,12,0,292,5840,1.0,80,11,2
1634,0,4378,4471,6138,736,1682,2021,11,20,329,8188,115.0,80,12,2
1645,0,6686,597,3067,603,1682,2021,8,15,36,4134,110.0,79,0,3
1656,1,6986,4303,6329,736,1682,2021,11,0,488,2668,1.0,80,30,1
1668,0,7450,955,774,736,1682,2021,14,206,131,8601,88.0,80,4,0
1679,0,174,4324,5516,736,1681,2020,12,5,329,4626,102.0,80,12,2
1690,0,4085,1116,674,603,1681,2011,7,211,322,1095,91.0,79,12,0
1701,0,1053,2848,5654,736,1680,2021,11,8,375,6510,105.0,80,15,2
1712,0,1143,2555,763,251,1680,1995,9,44,329,8726,135.0,29,12,3
1723,1,2754,4303,292,603,1680,2021,13,162,422,2769,5.0,79,17,2
1734,0,4522,2794,7246,736,1680,2021,11,204,281,6021,86.0,80,10,0
1745,0,5072,4262,2783,736,1680,2020,9,50,326,8723,140.0,80,12,3
1756,0,5130,2555,1926,736,1680,2015,9,42,329,4998,133.0,80,12,3
1767,0,5304,198,4410,736,1680,2020,11,212,200,7284,92.0,80,7,0
1779,0,5348,3135,616,262,1680,2018,12,200,200,3702,82.0,29,7,0
1790,1,7074,4303,6978,736,1680,2020,11,0,244,4313,1.0,80,8,2
1801,0,7711,628,4148,736,1680,2021,9,217,220,5226,97.0,80,7,0
1812,0,8314,2363,7246,736,1680,2021,11,194,287,2998,78.0,80,10,0
1823,1,4757,4303,7246,603,1679,2016,13,110,422,3008,2.0,79,17,2
1834,0,8429,3997,2018,603,1679,2014,8,214,211,1637,94.0,79,7,0
1845,1,5746,4303,3683,319,1678,2018,9,0,81,1789,1.0,36,2,3
1856,1,7033,4303,7246,251,1678,2020,11,0,292,3947,1.0,29,11,2
1867,0,7606,1748,2722,364,1678,1993,8,28,175,8588,121.0,48,6,3
1878,0,8302,2921,4754,736,1678,2020,11,217,326,7998,97.0,80,12,0
1890,1,8622,4303,4331,302,1678,2015,14,110,422,4726,2.0,34,17,2
1901,0,879,1280,3402,304,1677,2021,11,15,0,2191,110.0,34,0,2
1912,1,1196,4303,6123,603,1677,2021,11,0,499,441,1.0,79,31,1
1923,1,2380,4303,7220,603,1677,2021,14,162,422,523,5.0,79,17,2
1934,1,2783,2084,2271,162,1677,2021,11,0,244,6366,1.0,20,8,2
1945,1,2819,4303,3030,603,1677,2021,11,185,488,6754,7.0,79,30,1
1956,1,7348,4303,1348,2,1677,2021,11,0,241,1862,1.0,0,8,2
1967,1,8338,1646,1839,444,1677,2021,11,110,391,1370,2.0,69,16,2
1978,1,398,4303,546,323,1676,2021,9,0,417,6484,1.0,37,16,3
1989,0,4157,2116,4345,121,1676,2021,11,179,470,7264,64.0,13,27,1
2001,0,4715,4022,916,686,1676,2021,12,173,2,4509,59.0,79,0,0
2012,1,775,4303,7246,603,1675,2021,12,0,446,3508,1.0,79,21,2
2023,0,1238,717,4981,368,1675,2016,9,4,217,2970,101.0,49,7,3
2034,0,3948,2117,7516,342,1675,2020,11,34,319,1343,127.0,44,12,2
2045,0,4635,3693,7246,43,1675,2021,7,210,281,2531,90.0,5,10,0
2056,0,7352,4360,3376,589,1675,2021,9,19,230,3245,114.0,78,7,3
2067,0,7649,2036,1506,478,1675,2013,8,11,326,3170,108.0,71,12,3
2078,1,2629,4303,4122,603,1674,2021,13,110,422,3134,2.0,79,17,2
2089,1,3282,3681,3966,736,1674,2021,9,0,393,1365,1.0,80,16,3
2100,1,3981,4303,474,121,1674,2018,11,0,241,2748,1.0,13,8,2
2112,1,7040,4303,7544,435,1674,2019,9,0,394,6205,1.0,67,16,3
2123,0,8315,1304,7246,603,1674,2021,11,186,289,5118,70.0,79,10,0
2134,1,5996,4303,7555,319,1673,2021,9,0,80,5307,1.0,36,2,3
2145,0,5661,1124,4517,506,1672,2012,7,218,199,7361,98.0,78,7,0
2156,0,6382,73,2114,426,1672,2021,11,204,220,4596,86.0,66,7,0
2167,0,6728,1585,2698,736,1671,2020,12,48,366,6286,139.0,80,15,2
2178,0,7586,3347,288,603,1671,2021,7,16,20,1970,111.0,79,0,3
2189,1,3098,4303,4313,301,1670,2021,11,0,481,719,1.0,33,29,1
2200,1,5012,487,6859,251,1670,2021,11,0,512,3938,1.0,29,34,1
2211,0,5657,2197,2221,368,1670,2020,11,20,200,4872,115.0,49,7,2
2224,0,7787,2129,6826,162,1670,2021,9,5,347,1053,102.0,20,13,3
2235,0,8394,2293,4303,86,1670,2021,6,3,148,794,100.0,10,4,3
2246,0,1454,3605,6508,251,1669,2013,9,44,25,7707,135.0,29,0,3
2257,0,1567,686,7246,45,1669,2013,11,184,281,296,69.0,6,10,0
2268,0,2281,135,4417,2,1669,1985,11,215,190,3110,95.0,0,7,0
2279,0,3959,2364,2918,506,1669,2021,9,217,274,10,97.0,78,10,0
2290,0,6744,2586,2266,9,1669,1993,11,31,176,5601,124.0,0,6,2
2301,0,11,1673,5861,368,1668,2016,12,23,326,8211,118.0,49,12,2
2312,0,357,3270,784,603,1668,2021,11,20,345,3212,115.0,79,13,2
2323,0,507,4069,1716,603,1668,2012,11,20,442,6682,115.0,79,19,2
2335,1,1346,4303,4682,736,1668,2021,12,138,446,6494,3.0,80,21,1
2346,1,1615,543,7246,603,1668,2021,11,0,234,7480,1.0,79,8,2
2357,1,1671,4303,509,342,1668,2021,11,110,400,7911,2.0,44,16,2
2368,1,1677,4303,5524,603,1668,2021,11,0,446,8569,1.0,79,21,2
2379,1,684,4303,168,483,1667,2009,9,0,394,1912,1.0,73,16,3
2390,0,3014,1723,5730,603,1667,1995,8,7,322,5643,104.0,79,12,3
2401,0,3319,740,2397,699,1667,2010,11,9,326,8218,106.0,79,12,2
2412,1,5158,1607,6137,483,1667,2011,9,0,393,309,1.0,73,16,3
2423,0,5584,2314,7246,603,1667,2021,7,5,285,3489,102.0,79,10,3
2434,0,6275,1233,4809,736,1667,2021,11,217,281,5302,97.0,80,10,0
2446,1,7628,4303,3352,483,1667,2005,9,0,393,2773,1.0,73,16,3
2457,1,8077,4303,7246,736,1667,2021,12,0,291,7172,1.0,80,11,2
2468,1,8222,4303,7432,483,1667,2013,9,0,393,8428,1.0,73,16,3
2479,1,8726,4303,3351,483,1667,2008,11,0,393,1484,1.0,73,16,2
2490,1,91,4303,7073,603,1666,2012,9,185,487,5208,7.0,79,30,1
2501,1,99,4303,6382,302,1666,2020,14,138,422,5671,3.0,34,17,2
2512,0,886,604,1288,603,1666,1992,6,205,125,420,87.0,79,4,0
2523,0,887,3581,1289,603,1666,1993,6,206,125,1554,88.0,79,4,0
2534,0,923,3565,5897,718,1666,2007,7,19,60,6833,114.0,79,0,3
2545,0,1188,4211,6421,53,1666,2016,8,210,0,6553,90.0,7,0,0
2557,0,1380,4020,4248,621,1666,2002,7,52,309,2205,142.0,79,12,3
2568,0,1597,3280,974,621,1666,2009,6,210,133,8287,90.0,79,4,0
2579,1,1837,4303,7609,736,1666,2020,11,0,84,4175,1.0,80,2,2
2590,0,1902,3461,7036,690,1666,1999,8,8,47,5944,105.0,79,0,3
2601,0,2423,1964,4772,603,1666,1986,7,6,163,1796,103.0,79,6,3
2612,0,2476,2130,2574,603,1666,2019,7,21,337,1196,116.0,79,12,3
2623,0,2563,1925,6311,603,1666,2006,8,18,344,8059,113.0,79,12,3
2634,1,2573,4303,4103,736,1666,2010,9,162,506,3464,5.0,80,31,1
2645,0,2793,2636,1599,621,1666,2007,8,219,230,3475,99.0,79,7,0
2656,1,3227,4303,4832,319,1666,2014,9,174,80,7324,6.0,36,2,0
2668,0,3287,2523,7511,736,1666,2021,9,216,319,1364,96.0,80,12,0
2679,0,3360,805,4244,718,1666,2010,7,58,62,1268,148.0,79,0,3
2690,0,4337,3212,3390,603,1666,1999,8,101,318,7246,189.0,79,12,3
2701,0,4355,3018,1589,603,1666,1995,7,217,185,594,97.0,79,7,0
2712,0,4861,1603,1591,603,1666,1991,7,5,309,6825,102.0,79,12,3
2723,0,4862,1603,621,603,1666,1994,6,219,127,1193,99.0,79,4,0
2734,0,5255,978,7493,621,1666,2015,6,203,125,8018,85.0,79,4,0
2745,0,5480,984,6482,603,1666,2008,8,17,20,2083,112.0,79,0,3
2756,0,5492,2044,3663,468,1666,2009,6,211,133,1886,91.0,69,4,0
2767,0,5524,4501,1844,589,1666,2019,7,211,185,1945,91.0,78,7,0
2779,0,6134,1382,7079,603,1666,2003,7,51,343,2442,141.0,79,12,3
2790,0,6464,828,1485,603,1666,2000,7,39,41,974,130.0,79,0,3
2801,0,6767,4273,7197,656,1666,2004,8,218,21,4842,98.0,79,0,0
2812,0,7118,2216,2564,632,1666,2016,8,8,197,1267,105.0,79,7,3
2823,0,7242,4221,74,603,1666,2013,8,4,345,269,101.0,79,13,3
2834,0,7371,4253,1124,603,1666,1991,8,8,20,5747,105.0,79,0,3
2845,0,7422,572,4781,603,1666,2011,8,23,344,1115,118.0,79,12,3
2856,0,7444,4088,3162,643,1666,2010,7,217,0,1657,97.0,79,0,0
2867,0,7457,570,1409,455,1666,2004,8,5,325,4114,102.0,69,12,3
2878,0,7539,1649,6323,603,1666,1995,7,19,513,235,114.0,79,35,1
2890,0,7571,3949,6781,603,1666,2000,8,16,470,3064,111.0,79,27,1
2901,0,8336,1372,3237,603,1666,2010,7,32,230,6712,125.0,79,7,3
2912,1,1426,4303,4489,603,1665,2021,9,138,502,2052,3.0,79,31,1
2923,0,7446,2231,7205,736,1665,2018,9,192,326,2271,76.0,80,12,0
2934,0,7857,1779,2332,736,1665,2021,8,23,57,503,118.0,80,0,3
2945,1,1396,4303,4009,736,1664,2021,14,0,433,5522,1.0,80,17,2
2956,0,2332,2957,3956,0,1664,2014,9,6,319,1590,103.0,86,12,3
2967,1,2749,4303,7246,506,1664,2021,9,138,104,4744,3.0,78,3,0
2978,0,3291,3816,4874,736,1664,2020,9,19,281,4050,114.0,80,10,3
2989,1,3768,4303,7246,736,1664,2009,9,0,385,5934,1.0,80,16,3
3001,1,4924,4303,7246,736,1664,2021,9,0,96,4637,1.0,80,3,3
3012,1,5306,4303,1312,603,1664,2021,11,110,483,5534,2.0,79,29,1
3023,0,5523,2957,7534,736,1664,2009,9,215,319,1836,95.0,80,12,0
3034,0,5972,2210,6922,736,1664,2021,11,47,52,2772,138.0,80,0,2
3045,0,7386,969,3130,736,1664,2021,11,17,25,664,112.0,80,0,2
3056,0,2490,2838,1584,368,1663,2013,12,214,220,8065,94.0,49,7,0
3067,0,5824,4021,1425,736,1663,2021,9,5,230,5836,102.0,80,7,3
3078,1,8122,4303,2954,736,1663,2021,14,0,75,6555,1.0,80,2,2
3089,0,835,919,3670,394,1662,2021,11,212,52,1845,92.0,55,0,0
3100,0,2372,2462,7246,603,1662,2019,9,199,274,3194,81.0,79,10,0
3112,1,6755,4303,7246,736,1662,2021,11,0,446,2719,1.0,80,21,2
3123,1,7155,1444,2492,603,1662,2021,9,185,257,456,7.0,79,8,0
3134,1,7742,4303,3564,736,1662,2021,11,0,241,5635,1.0,80,8,2
3145,1,439,4303,1621,603,1661,2021,9,138,506,3125,3.0,79,31,1
3156,0,1929,3408,460,251,1661,2012,11,53,52,7487,143.0,29,0,2
3167,0,3162,965,3199,736,1661,2021,9,204,513,947,86.0,80,35,1
3178,1,3207,4303,4808,212,1661,2021,11,138,243,7369,3.0,22,8,0
3189,1,4580,4303,3113,621,1661,2021,13,151,422,2941,4.0,79,17,2
3200,0,4608,2374,4075,736,1661,2021,9,41,200,2267,132.0,80,7,3
3211,1,5497,3630,3378,736,1661,2021,11,0,472,3068,1.0,80,28,1
3223,0,7569,4490,1846,185,1661,2019,11,22,332,8678,117.0,20,12,2
3234,1,7863,4303,536,603,1660,2019,11,1,156,4684,10.0,79,5,2
3245,1,8670,4303,4847,86,1660,2020,11,151,405,6640,4.0,10,16,0
3256,0,2012,3345,3019,603,1659,2012,8,78,36,1503,165.0,79,0,3
3267,0,231,822,2074,15,1658,2021,6,211,150,3124,91.0,1,4,0
3278,0,347,2940,5660,736,1658,2021,11,217,319,346,97.0,80,12,0
3289,0,802,2594,306,736,1658,2021,11,217,217,7499,97.0,80,7,0
3300,0,1096,3268,5629,736,1658,2021,11,30,46,7906,123.0,80,0,2
3311,1,2413,4303,5778,736,1658,2021,11,0,393,6066,1.0,80,16,2
3322,0,3819,2280,2430,736,1658,2021,11,214,353,7402,94.0,80,13,0
3335,1,4479,4303,4674,736,1658,2021,12,0,486,1573,1.0,80,29,1
3346,1,5835,4303,3947,736,1658,2021,12,0,90,6307,1.0,80,2,2
3357,1,6373,4303,7289,444,1658,2021,11,110,398,414,2.0,69,16,2
3368,0,7384,425,6546,506,1658,2021,11,16,337,1805,111.0,78,12,2
3379,1,7526,4303,7246,603,1658,2021,11,110,291,6743,2.0,79,11,2
3390,0,144,4303,7246,736,1657,2021,11,203,274,4767,85.0,80,10,0
3401,0,1463,3906,6692,736,1657,2015,13,180,121,8001,65.0,80,4,0
3412,0,1464,3392,7281,736,1657,2013,14,179,121,6757,64.0,80,4,0
3423,0,1460,3392,7281,736,1657,2009,14,183,121,2813,68.0,80,4,0
3434,0,1461,3392,7281,736,1657,2011,14,182,121,8750,67.0,80,4,0
3446,0,1462,3392,7280,736,1657,2010,14,181,121,5140,66.0,80,4,0
3457,0,1465,3392,7281,251,1657,2013,14,179,121,8021,64.0,29,4,0
3468,0,1466,3392,7281,736,1657,2013,14,179,121,7359,64.0,80,4,0
3479,0,1476,3392,7281,736,1657,2013,14,180,121,7733,65.0,80,4,0
3490,0,1474,3392,7281,736,1657,2013,14,179,121,1892,64.0,80,4,0
3501,0,1467,3392,7281,736,1657,2012,14,183,121,8427,68.0,80,4,0
3512,0,1477,3392,7280,251,1657,2009,14,183,121,2954,68.0,29,4,0
3523,0,1478,3392,7281,736,1657,2013,14,179,121,307,64.0,80,4,0
3534,0,1479,547,6693,736,1657,2015,14,177,121,2817,62.0,80,4,0
3545,0,1470,388,3616,736,1657,2019,13,178,121,424,63.0,80,4,0
3557,0,1480,3392,7281,736,1657,2010,14,184,150,6160,69.0,80,4,0
3568,0,1481,3392,7281,736,1657,2012,14,186,121,2816,70.0,80,4,0
3579,0,1482,3395,7281,736,1657,2014,14,178,121,1648,63.0,80,4,0
3590,0,1483,3392,7279,736,1657,2011,14,183,121,6589,68.0,80,4,0
3601,0,1484,3392,5691,736,1657,2011,14,190,121,6282,74.0,80,4,0
3612,0,1485,3392,7281,736,1657,2012,14,183,121,2814,68.0,80,4,0
3623,1,1486,4303,1498,603,1657,2019,9,162,498,6524,5.0,79,31,1
3634,0,1699,96,5770,363,1657,2021,11,219,309,6014,99.0,48,12,0
3645,0,8437,2531,5847,736,1657,2019,9,210,217,8263,90.0,80,7,0
3656,0,8648,2336,6683,736,1657,2021,10,205,67,1935,87.0,80,1,0
3668,0,6060,3830,1021,368,1656,2020,9,8,332,7489,105.0,49,12,3
3679,1,6228,4303,7246,736,1656,2021,9,0,104,4231,1.0,80,3,3
3690,1,8070,4303,1130,736,1656,2021,11,0,386,6125,1.0,80,16,2
3701,0,8164,1939,2060,736,1656,2021,14,9,121,4158,106.0,80,4,2
3712,0,4602,2917,5092,603,1655,2020,11,5,199,2113,102.0,79,7,2
3723,1,5184,4303,6086,2,1655,2020,11,0,151,4361,1.0,0,5,2
3734,1,8087,4303,4197,736,1655,2019,11,0,240,4226,1.0,80,8,2
3745,0,7792,23,2215,412,1654,2021,9,211,329,4532,91.0,60,12,0
3756,0,1687,1147,2310,603,1653,2021,8,206,0,4694,88.0,79,0,0
3767,0,57,2193,956,736,1652,2020,12,10,329,167,107.0,80,12,2
3779,0,1901,3921,5508,488,1652,2021,11,4,332,3844,101.0,74,12,2
3790,1,2322,4303,7246,603,1652,2021,11,138,300,7008,3.0,79,11,0
3801,0,2405,2395,3971,736,1652,2021,8,19,354,7269,114.0,80,13,3
3812,1,3615,4303,2971,621,1652,2021,14,0,433,4246,1.0,79,17,2
3823,0,3949,2486,1587,736,1652,1999,8,30,217,3756,123.0,80,7,3
3834,1,4973,1371,7246,736,1652,2021,9,0,291,7067,1.0,80,11,3
3845,0,6899,3929,1501,603,1652,2017,8,214,325,3375,94.0,79,12,0
3856,0,6935,838,5178,603,1652,2017,7,8,309,2179,105.0,79,12,3
3867,0,7826,536,4068,603,1652,2011,7,22,337,1601,117.0,79,12,3
3878,0,7827,536,4070,603,1652,2012,7,20,337,4645,115.0,79,12,3
3890,0,7828,1023,4069,603,1652,2010,7,31,337,8560,124.0,79,12,3
3901,0,7829,781,4067,603,1652,2009,7,40,337,6236,131.0,79,12,3
3912,0,8213,684,4066,603,1652,2008,7,29,40,7722,122.0,79,0,3
3923,0,220,1502,5143,272,1651,2021,12,18,200,6172,113.0,30,7,2
3934,1,716,4303,1346,319,1651,2021,11,110,80,4507,2.0,36,2,0
3945,0,1440,4242,1314,736,1651,1983,11,211,186,6239,91.0,80,7,0
3956,0,2240,1341,2057,736,1651,2021,11,3,283,2872,100.0,80,10,2
3967,1,3039,4303,5535,435,1651,2019,9,0,393,2261,1.0,67,16,3
3978,0,4082,2744,7246,153,1651,2021,12,213,284,8634,93.0,18,10,0
3989,0,4839,144,5683,736,1651,2021,9,210,329,7571,90.0,80,12,0
4001,1,5030,4303,4540,603,1651,2021,9,110,492,1682,2.0,79,30,1
4012,0,6665,396,6600,621,1651,2007,6,204,134,6776,86.0,79,4,0
4023,0,7845,116,7582,736,1651,2019,9,3,199,3745,100.0,80,7,3
4034,0,7951,4219,7246,603,1651,2019,11,216,274,6953,96.0,79,10,0
4045,0,165,3567,4755,302,1650,2021,11,215,350,4806,95.0,34,13,0
4056,0,2869,2986,3732,736,1650,2021,8,20,20,8109,115.0,80,0,3
4067,1,3019,4303,7246,736,1650,2021,11,0,234,5347,1.0,80,8,2
4078,1,4910,4303,7246,736,1650,2021,11,0,446,3706,1.0,80,21,2
4089,0,5608,2572,1623,736,1650,2021,11,3,281,302,100.0,80,10,2
4100,0,7231,3471,4380,736,1650,2021,11,5,200,261,102.0,80,7,2
4112,0,519,3817,2727,621,1649,2019,11,205,318,4602,87.0,79,12,0
4123,0,1224,4303,1733,736,1649,2021,9,150,442,0,39.0,80,19,1
4134,0,1856,104,5440,736,1649,2021,12,15,141,8653,110.0,80,4,2
4145,1,5865,4303,2777,603,1649,2021,13,0,422,3129,1.0,79,17,2
4156,0,1177,4373,7246,603,1648,2020,11,213,289,6901,93.0,79,10,0
4167,0,516,3041,3230,714,1647,2015,8,216,20,4135,96.0,79,0,0
4178,0,7764,927,2861,736,1647,2019,11,213,470,5322,93.0,80,27,1
4189,0,7805,2128,5017,736,1647,2016,11,213,196,5348,93.0,80,7,0
4200,1,669,4303,3193,603,1646,2021,9,151,492,8031,4.0,79,30,1
4211,1,1026,4303,4459,212,1646,2021,11,110,415,748,2.0,22,16,2
4223,0,2404,2395,6219,736,1646,2021,8,16,345,4642,111.0,80,13,3
4234,0,2443,1276,117,736,1646,2020,9,8,200,5646,105.0,80,7,3
4245,0,3191,1114,5682,736,1646,2021,11,4,39,4510,101.0,80,0,2
4256,1,3200,4303,5635,736,1646,2021,11,0,291,5918,1.0,80,11,2
4267,0,3990,4303,2239,736,1646,2021,11,5,329,3374,102.0,80,12,2
4278,0,4017,2278,4222,736,1646,2021,10,158,470,5169,46.0,80,27,1
4289,0,4051,432,1730,736,1646,2021,9,207,513,1571,89.0,80,35,1
4300,0,5748,1868,5581,240,1646,2016,6,214,133,1528,94.0,26,4,0
4311,1,7028,4303,4954,736,1646,2021,11,0,391,4281,1.0,80,16,2
4322,1,8387,4303,346,603,1646,2021,9,138,462,5959,3.0,79,23,1
4334,0,747,88,3088,327,1645,2017,9,7,217,3396,104.0,39,7,3
4345,1,2231,4303,7246,736,1645,2021,11,0,235,6507,1.0,80,8,2
4356,0,3130,1511,5910,603,1645,2017,7,217,203,830,97.0,79,7,0
4367,0,4578,3789,892,603,1645,2018,7,211,337,2854,91.0,79,12,0
4378,1,5682,4303,5293,686,1645,2021,11,0,91,8722,1.0,79,2,2
4389,0,5902,472,981,603,1645,2015,8,9,227,7914,106.0,79,7,3
4400,0,700,4217,7246,736,1644,2019,11,149,281,6951,38.0,80,10,0
4411,0,1220,657,5602,178,1644,2014,7,210,52,2431,90.0,20,0,0
4422,1,1378,4303,7246,736,1644,2021,9,0,291,2939,1.0,80,11,3
4433,0,1573,3174,5455,736,1644,2020,11,205,326,8376,87.0,80,12,0
4446,1,2023,4303,7246,603,1644,2021,12,110,291,6745,2.0,79,11,2
4457,0,4354,3087,7055,736,1644,2021,11,47,52,7945,138.0,80,0,2
4468,0,4373,3830,5474,736,1644,2020,11,8,326,2089,105.0,80,12,2
4479,0,6745,2530,2395,368,1644,2010,9,7,329,829,104.0,49,12,3
4490,1,7507,1742,548,394,1644,2021,11,110,244,4526,2.0,55,8,2
4501,1,7866,4303,7264,736,1644,2021,11,0,399,8423,1.0,80,16,2
4512,0,7939,367,5970,736,1644,2020,12,203,326,1407,85.0,80,12,0
4523,0,7960,794,6393,15,1644,2021,10,212,369,1363,92.0,1,15,0
4534,0,7975,4290,4051,736,1644,2019,9,11,217,4010,108.0,80,7,3
4545,0,196,4467,5645,194,1643,2019,11,215,326,250,95.0,20,12,0
4557,1,647,4303,3581,603,1643,2019,13,138,422,3674,3.0,79,17,2
4568,1,950,4303,3179,58,1643,2016,9,110,414,1631,2.0,10,16,3
4579,1,1450,4303,7246,603,1643,2017,11,110,472,4999,2.0,79,28,1
4590,1,1621,4303,5886,165,1643,2007,14,151,422,1772,4.0,20,17,2
4601,1,1641,4303,3534,603,1643,2018,9,138,482,7759,3.0,79,29,1
4612,1,1747,4303,567,506,1643,2019,11,162,108,5776,5.0,78,3,0
4623,1,1935,4303,6359,506,1643,2019,11,110,108,2175,2.0,78,3,0
4634,1,2729,4303,1340,488,1643,2021,11,110,414,800,2.0,74,16,2
4645,1,2794,4303,2643,319,1643,2017,9,110,393,606,2.0,36,16,3
4656,0,2941,1534,6346,251,1643,2020,9,8,326,1577,105.0,29,12,3
4668,1,3247,4303,7246,506,1643,2020,11,110,96,3166,2.0,78,3,0
4679,1,3283,4303,7067,603,1643,2021,11,110,487,6739,2.0,79,30,1
4690,1,3811,4303,5600,58,1643,2021,11,162,409,8501,5.0,10,16,0
4701,1,3979,4303,7246,407,1643,2015,14,138,424,7493,3.0,59,17,2
4712,1,4416,4303,626,506,1643,2019,11,138,97,4155,3.0,78,3,0
4723,1,4573,4303,3709,319,1643,2019,11,110,412,5668,2.0,36,16,2
4734,1,4880,4303,780,621,1643,2018,13,196,422,5080,8.0,79,17,0
4745,1,5273,4303,6980,603,1643,2019,11,185,488,919,7.0,79,30,1
4756,1,5628,4303,1385,295,1643,2016,13,110,422,5187,2.0,32,17,2
4767,0,5808,3400,2510,251,1643,2012,9,21,329,2625,116.0,29,12,3
4779,0,5833,4481,4541,150,1643,1976,11,31,326,3888,124.0,18,12,2
4790,1,5859,4303,2952,603,1643,2015,10,110,433,2061,2.0,79,17,1
4801,0,5878,3775,5918,338,1643,2018,12,4,326,4943,101.0,42,12,2
4812,1,6130,4303,7478,603,1643,2019,11,138,266,4845,3.0,79,8,0
4823,1,6298,4303,1912,296,1643,2021,9,138,412,56,3.0,33,16,0
4834,0,6305,3426,4793,272,1643,2019,10,215,326,2515,95.0,30,12,0
4845,1,6430,4303,4040,58,1643,2015,13,110,433,27,2.0,10,17,2
4856,1,6733,4303,1677,15,1643,2018,9,138,294,3714,3.0,1,11,0
4867,1,6798,4303,7581,319,1643,2018,9,174,385,577,6.0,36,16,0
4878,1,6829,4303,4314,506,1643,2021,12,110,109,5910,2.0,78,3,2
4890,1,7542,4303,1269,23,1643,2020,12,110,432,1280,2.0,1,17,2
4901,1,7913,4303,890,545,1643,2020,10,151,110,2001,4.0,78,3,0
4912,0,8172,3322,4547,251,1643,2018,9,35,200,1169,128.0,29,7,3
4923,0,8239,2969,4550,251,1643,1959,9,53,326,2353,143.0,29,12,3
4934,1,8277,4303,7126,42,1643,2020,11,110,242,7619,2.0,5,8,2
4945,1,8650,4303,1243,58,1643,2021,11,162,409,5298,5.0,10,16,0
4956,1,8711,4303,4017,435,1643,2020,13,138,423,4478,3.0,67,17,2
4967,1,8714,4303,6471,736,1643,2021,9,0,394,628,1.0,80,16,3
4978,1,8481,4303,2552,603,1642,2021,14,0,422,5161,1.0,79,17,2
4989,1,2850,4303,2037,603,1641,2020,9,83,462,4962,17.0,79,23,1
5001,1,998,4303,7246,736,1640,2020,9,0,385,836,1.0,80,16,3
5012,0,2403,2395,3972,736,1640,2021,8,10,354,1659,107.0,80,13,3
5023,0,2965,4367,6894,251,1640,2021,11,45,371,7613,136.0,29,15,2
5034,0,3118,3000,1414,736,1640,2020,11,214,217,1003,94.0,80,7,0
5045,1,4747,4303,1199,162,1640,2019,11,110,244,1929,2.0,20,8,2
5056,0,5751,3415,6741,368,1640,2020,11,45,332,4893,136.0,49,12,2
5067,0,6411,567,1377,439,1640,2013,8,33,32,6399,126.0,67,0,3
5078,0,6827,2282,4225,435,1640,2021,9,21,353,8621,116.0,67,13,3
5089,0,8613,2825,2670,30,1640,2018,7,3,357,6570,100.0,1,13,3
5100,0,116,1219,3131,603,1639,2012,8,20,0,478,115.0,79,0,3
5112,0,382,4435,2627,656,1639,1997,8,32,0,8340,125.0,79,0,3
5123,0,671,2708,7246,736,1639,2021,7,150,289,6048,39.0,80,10,3
5134,0,679,1794,4987,603,1639,2002,7,214,20,6731,94.0,79,0,0
5145,0,680,1794,4989,603,1639,1997,7,210,185,1156,90.0,79,7,0
5156,0,681,1794,4990,603,1639,1999,7,215,28,8157,95.0,79,0,0
5167,0,1157,3212,4683,603,1639,1997,8,67,199,1321,155.0,79,7,3
5178,1,1267,4303,4008,20,1639,2020,10,0,377,8029,1.0,1,16,2
5189,0,1422,2749,1179,656,1639,2000,7,218,20,1226,98.0,79,0,0
5200,0,1662,1329,1942,603,1639,1995,7,11,64,3409,108.0,79,0,3
5211,0,1927,3018,7413,603,1639,1993,6,216,125,6471,96.0,79,4,0
5223,0,2106,4337,7190,746,1639,2019,9,22,329,7254,117.0,83,12,3
5234,0,2133,746,7419,736,1639,2021,9,23,52,7687,118.0,80,0,3
5245,1,2673,4303,586,736,1639,2021,11,0,393,189,1.0,80,16,2
5256,0,2911,1932,1843,513,1639,2019,7,6,200,2194,103.0,78,7,3
5267,0,3885,1988,2883,632,1639,2008,6,214,125,7980,94.0,79,4,0
5278,0,3886,1855,2881,632,1639,2011,6,213,125,8597,93.0,79,4,0
5289,0,4072,1464,3795,603,1639,2010,7,20,203,4206,115.0,79,7,3
5300,0,4462,1373,6118,512,1639,2019,8,27,312,1359,120.0,78,12,3
5311,1,4469,2542,4558,736,1639,2021,11,0,409,634,1.0,80,16,2
5322,0,4521,3523,7655,187,1639,2005,7,55,337,6148,145.0,20,12,3
5334,0,4576,2664,6039,603,1639,1988,8,33,15,254,126.0,79,0,3
5345,0,4663,3896,3906,736,1639,2021,9,216,5,1547,96.0,80,0,0
5356,0,4746,3215,1435,603,1639,1995,7,4,60,7198,101.0,79,0,3
5367,0,4758,1372,3182,603,1639,2016,7,23,197,6711,118.0,79,7,3
5378,0,5086,1668,5219,718,1639,2011,8,12,230,4,109.0,79,7,3
5389,0,5107,1930,1456,603,1639,2001,8,207,185,5510,89.0,79,7,0
5400,0,5270,815,1570,589,1639,2018,7,9,337,4866,106.0,78,12,3
5411,0,5450,2680,1979,736,1639,1992,8,4,345,7725,101.0,80,13,3
5422,1,5660,3904,138,736,1639,2020,11,0,410,7422,1.0,80,16,2
5433,1,5714,4303,5622,603,1639,2018,13,0,422,7736,1.0,79,17,2
5445,0,5795,4268,3575,506,1639,2019,8,4,326,8128,101.0,78,12,3
5456,1,6024,4303,4048,736,1639,2016,14,138,86,5339,3.0,80,2,2
5467,0,6204,1360,7475,603,1639,2008,7,30,337,7701,123.0,79,12,3
5478,0,6261,1891,3102,603,1639,2010,8,9,230,5131,106.0,79,7,3
5489,0,6409,765,1374,603,1639,2000,6,207,125,8016,89.0,79,4,0
5500,0,6521,1684,1391,656,1639,2009,7,35,60,5579,128.0,79,0,3
5511,0,6602,3526,4908,228,1639,1999,6,203,125,8265,85.0,22,4,0
5522,0,6698,2505,4604,603,1639,2019,8,207,199,2397,89.0,79,7,0
5533,0,6738,50,7458,603,1639,2006,7,11,29,5398,108.0,79,0,3
5544,0,6846,351,2407,718,1639,2010,8,8,344,3288,105.0,79,12,3
5557,0,6900,3572,6957,603,1639,2019,7,42,309,4331,133.0,79,12,3
5568,0,7180,979,4896,603,1639,1997,8,36,513,2243,129.0,79,35,1
5579,0,7335,1958,5835,603,1639,1984,6,34,8,7830,127.0,79,0,3
5590,0,7336,1958,5836,603,1639,1986,6,18,11,3145,113.0,79,0,3
5601,0,7337,1958,5837,603,1639,1989,6,17,138,977,112.0,79,4,3
5612,0,7418,122,3951,549,1639,2003,8,39,309,7814,130.0,78,12,3
5623,0,7438,4397,1704,603,1639,1980,8,3,0,6780,100.0,79,0,3
5634,0,7644,3984,2671,596,1639,2006,7,6,326,1552,103.0,78,12,3
5645,0,7774,629,4327,603,1639,2008,8,203,359,938,85.0,79,13,0
5656,0,7780,3276,901,658,1639,2002,7,31,0,2916,124.0,79,0,3
5668,0,7806,1301,582,649,1639,2010,7,6,58,2192,103.0,79,0,3
5679,0,8283,2398,3764,727,1639,2003,8,28,47,1282,121.0,79,0,3
5690,0,8284,2945,3765,621,1639,2012,8,207,47,2614,89.0,79,0,0
5701,0,8285,3186,4936,695,1639,2009,8,212,47,6032,92.0,79,0,0
5712,0,8399,3554,7255,368,1639,2020,11,17,332,146,112.0,49,12,2
5723,0,8519,4363,6073,695,1639,1998,7,19,338,874,114.0,79,12,3
5734,0,8594,1479,2583,603,1639,1998,8,21,336,4868,116.0,79,12,3
5745,0,8651,2679,2601,736,1639,2019,8,15,309,4609,110.0,80,12,3
5756,1,8730,4303,1975,470,1639,2021,11,0,394,5744,1.0,70,16,2
5767,0,490,2714,1278,603,1638,2021,11,218,20,187,98.0,79,0,0
5779,0,1930,1709,5138,736,1638,2020,9,218,326,1138,98.0,80,12,0
5790,1,2112,4303,7246,603,1638,2019,11,0,446,6773,1.0,79,21,2
5801,1,4029,3872,963,736,1638,2020,9,0,77,1900,1.0,80,2,3
5812,0,4288,2700,7020,603,1638,2019,8,3,513,1164,100.0,79,35,1
5823,0,4681,2051,5688,736,1638,2021,11,210,200,3014,90.0,80,7,0
5834,0,5597,1706,863,736,1638,2021,11,212,332,5506,92.0,80,12,0
5845,1,6444,4303,4861,342,1638,2021,11,0,241,6617,1.0,44,8,2
5856,1,6453,1952,7246,736,1638,2021,11,0,96,1034,1.0,80,3,2
5867,1,7049,4303,6833,105,1638,2020,9,0,85,4131,1.0,12,2,3
5878,1,6528,4303,5149,603,1637,2021,13,151,422,8152,4.0,79,17,2
5890,0,260,448,353,736,1636,2020,9,200,326,1960,82.0,80,12,0
5901,0,3807,272,1052,603,1636,2012,8,217,309,7858,97.0,79,12,0
5912,1,7714,4303,7600,319,1636,2021,9,162,80,7923,5.0,36,2,0
5923,0,8438,3006,1560,736,1636,2019,9,210,217,3855,90.0,80,7,0
5934,0,3418,3930,7391,736,1635,2018,11,192,319,7549,76.0,80,12,0
5945,0,8640,320,5437,162,1635,2019,9,201,281,7110,83.0,20,10,0
5956,0,3042,454,2650,328,1634,2010,11,4,326,1496,101.0,40,12,2
5967,0,7285,2028,4280,621,1634,2021,7,12,0,7355,109.0,79,0,3
5978,1,5754,3952,4591,736,1634,2021,11,0,414,3933,1.0,80,16,2
5989,1,6224,4303,6385,603,1634,2021,11,0,462,1360,1.0,79,23,1
6001,1,2768,4303,7604,736,1633,2021,9,0,80,2891,1.0,80,2,3
6012,1,3588,4303,5393,736,1633,2021,11,0,412,1161,1.0,80,16,2
6023,0,6359,4303,7246,736,1633,2021,6,217,289,7236,97.0,80,10,0
6034,1,7533,4303,6917,319,1633,2021,11,110,412,4342,2.0,36,16,2
6045,0,7717,2140,2541,603,1633,2021,8,205,345,2372,87.0,79,13,0
6056,0,2802,2283,2801,736,1632,2021,11,214,230,2092,94.0,80,7,0
6067,0,4827,4288,7246,736,1632,2021,9,207,281,4357,89.0,80,10,0
6078,0,7272,2568,1252,736,1632,2021,11,206,219,6394,88.0,80,7,0
6089,1,7588,4303,5435,736,1632,2021,10,0,385,7104,1.0,80,16,2
6100,1,8069,4303,1817,603,1632,2021,11,110,447,5575,2.0,79,21,1
6112,0,1234,366,6888,736,1631,2019,9,11,329,1973,108.0,80,12,3
6123,0,5132,1801,1556,45,1631,2016,9,216,326,349,96.0,6,12,0
6134,0,5284,2284,5363,368,1631,2003,11,202,200,1296,84.0,49,7,0
6145,0,5285,2284,5363,736,1631,2004,9,186,200,1754,70.0,80,7,0
6156,1,7956,4303,7246,736,1631,2021,11,0,292,7610,1.0,80,11,2
6167,0,6,864,2278,402,1630,2014,11,32,200,7494,125.0,58,7,2
6178,0,7,864,4533,402,1630,2016,11,24,200,1640,119.0,58,7,2
6189,0,4209,864,5840,402,1630,2015,11,8,367,7585,105.0,58,15,2
6200,1,7517,4303,524,603,1630,2001,9,110,451,4745,2.0,79,21,1
6211,1,5032,4303,6703,736,1629,2021,9,0,394,6581,1.0,80,16,3
6223,1,798,4303,5341,488,1628,2018,9,0,394,3935,1.0,74,16,3
6234,1,1054,4303,1534,603,1628,2021,9,151,482,5939,4.0,79,29,1
6245,1,1313,4303,1185,162,1628,2018,11,151,410,2671,4.0,20,16,0
6256,1,1411,4303,522,603,1628,2018,9,0,487,8711,1.0,79,30,1
6267,1,1420,4303,4549,736,1628,2019,11,0,412,4312,1.0,80,16,2
6278,1,1581,1291,7246,444,1628,2020,13,110,422,6184,2.0,69,17,2
6289,1,1877,4303,5677,158,1628,2020,11,110,244,5094,2.0,19,8,2
6300,1,2648,1666,4039,736,1628,2020,9,0,393,4863,1.0,80,16,3
6311,1,2743,4303,4186,603,1628,2015,9,174,492,2159,6.0,79,30,1
6322,1,2926,4303,3003,603,1628,2018,11,138,262,4574,3.0,79,8,0
6334,1,4149,4303,4513,444,1628,2020,11,162,241,5278,5.0,69,8,0
6345,0,4665,4477,7173,736,1628,1981,9,42,5,6397,133.0,80,0,3
6356,0,4666,4477,7172,736,1628,1982,11,50,5,6396,140.0,80,0,2
6367,0,4668,4476,7174,736,1628,1988,9,27,5,6760,120.0,80,0,3
6378,1,5087,4303,6353,2,1628,2019,11,0,387,3708,1.0,0,16,2
6389,1,5536,4303,5058,603,1628,2019,11,110,498,4349,2.0,79,31,1
6400,1,5681,4303,805,319,1628,2018,11,0,386,555,1.0,36,16,2
6411,1,5886,3528,3674,603,1628,2019,9,151,264,8490,4.0,79,8,0
6422,1,6118,4303,2176,86,1628,2020,11,174,487,6280,6.0,10,30,1
6433,1,6867,4303,1968,603,1628,2018,11,0,265,3188,1.0,79,8,2
6445,1,7331,4303,4143,488,1628,2018,11,0,244,1680,1.0,74,8,2
6456,1,7373,4303,4917,603,1628,2020,11,0,291,6976,1.0,79,11,2
6467,1,7943,3911,1749,506,1628,2018,11,0,99,5731,1.0,78,3,2
6478,1,8592,4303,5174,15,1628,2021,11,0,409,7183,1.0,1,16,2
6489,0,170,2842,2470,736,1627,2021,11,44,326,6318,135.0,80,12,2
6500,1,2223,4303,1653,444,1627,2021,11,151,241,8419,4.0,69,8,0
6511,0,2396,3216,3937,603,1627,2021,7,16,309,1330,111.0,79,12,3
6522,1,3161,4303,1357,435,1627,2021,9,110,382,3474,2.0,67,16,3
6533,0,3499,2178,1825,736,1627,2021,11,71,39,7845,159.0,80,0,2
6544,0,3706,2197,5164,368,1627,2020,9,24,220,3246,119.0,49,7,3
6556,0,4664,4477,7173,736,1627,1981,9,48,3,6398,139.0,80,0,3
6567,0,5973,2210,6920,736,1627,2021,9,46,52,4287,137.0,80,0,3
6578,1,6414,4303,5537,736,1627,2021,9,0,409,5434,1.0,80,16,3
6589,1,7656,1607,5749,736,1627,2021,9,0,394,175,1.0,80,16,3
6600,0,417,2476,2830,736,1626,2021,9,4,200,1853,101.0,80,7,3
6611,0,709,3944,1192,333,1626,2019,12,38,199,7136,13.0,40,7,2
6622,0,935,3944,4128,736,1626,2015,9,26,326,4542,12.0,80,12,3
6633,1,1067,4303,2947,86,1626,2021,11,110,480,4643,2.0,10,29,1
6644,1,2224,4303,2167,736,1626,2021,11,0,391,5930,1.0,80,16,2
6655,0,2366,350,1296,388,1626,2020,11,4,319,2373,101.0,54,12,2
6668,1,3732,4303,2542,249,1626,2021,11,0,414,6488,1.0,28,16,2
6679,1,5787,4303,5055,736,1626,2021,11,0,80,2770,1.0,80,2,2
6690,0,5797,2613,794,58,1626,2019,11,216,309,2143,96.0,10,12,0
6701,0,6323,1008,1054,603,1626,2012,8,29,199,726,122.0,79,7,3
6712,1,7191,4303,943,492,1626,2021,11,138,414,849,3.0,75,16,0
6723,0,207,37,6887,736,1625,2018,9,215,200,176,95.0,80,7,0
6734,0,1007,2734,4802,212,1625,2019,9,207,284,2795,89.0,22,10,0
6745,1,2227,4303,768,736,1625,2021,11,0,400,5483,1.0,80,16,2
6756,1,4048,3759,711,736,1625,2021,9,0,393,451,1.0,80,16,3
6767,0,4255,3472,1789,603,1625,2016,7,218,318,2949,98.0,79,12,0
6779,1,4603,4303,5338,2,1625,2020,11,138,391,556,3.0,0,16,0
6790,1,5434,4303,7246,736,1625,2021,12,0,300,4459,1.0,80,11,2
6801,0,6170,3239,4615,302,1625,2021,11,24,332,2019,119.0,34,12,2
6812,0,6324,2803,2248,736,1625,2020,11,47,39,5558,138.0,80,0,2
6823,1,689,4303,2438,603,1624,2020,14,0,433,7957,1.0,79,17,2
6834,1,964,4303,6605,736,1624,2021,11,0,247,2529,1.0,80,8,2
6845,1,2226,4303,5020,736,1624,2021,11,0,391,5399,1.0,80,16,2
6856,0,2342,1313,3029,603,1624,1972,11,7,274,6669,104.0,79,10,2
6867,0,3003,4303,564,736,1624,2021,10,135,274,3292,273.0,80,10,0
6878,0,4077,929,3184,603,1624,2013,8,4,211,2064,101.0,79,7,3
6890,1,5552,4303,6164,603,1624,2021,10,0,422,8644,1.0,79,17,2
6901,1,5848,4303,4441,736,1624,2021,13,110,422,4018,2.0,80,17,2
6912,0,5916,2868,7477,603,1624,2020,8,219,0,2617,99.0,79,0,0
6923,0,6351,1030,7200,603,1624,2005,11,202,274,6853,84.0,79,10,0
6934,1,6848,2823,3155,603,1624,2014,10,0,446,5068,1.0,79,21,2
6945,0,7659,1871,7246,718,1624,2021,9,200,274,6523,82.0,79,10,0
6956,1,2225,4303,4970,736,1623,2021,11,0,400,5821,1.0,80,16,2
6967,1,4552,1910,2991,603,1622,2014,11,0,512,6820,1.0,79,34,1
6978,0,5473,1624,7246,603,1622,2020,11,217,274,4770,97.0,79,10,0
6989,0,7082,576,383,603,1622,2021,11,207,345,8027,89.0,79,13,0
7001,0,1085,4303,1733,736,1621,2021,11,147,442,6696,36.0,80,19,1
7012,0,1612,4303,1733,736,1621,2021,11,145,442,5796,34.0,80,19,1
7023,1,4193,4303,6836,435,1621,2021,9,110,412,3481,2.0,67,16,3
7034,0,8029,4303,1235,736,1621,2021,11,147,442,2935,36.0,80,19,1
7045,1,3913,4303,2145,134,1620,2016,14,110,422,3670,2.0,17,17,2
7056,1,4281,4303,5452,206,1620,2021,11,110,242,4953,2.0,20,8,2
7067,0,6076,3312,3803,251,1620,2021,12,18,200,7843,113.0,29,7,2
7078,0,6364,2561,5772,671,1620,2021,6,15,141,8030,110.0,79,4,3
7089,1,8141,1793,6590,392,1620,2021,11,0,78,4390,1.0,54,2,2
7100,0,8142,4303,7246,736,1620,2021,9,147,68,6214,36.0,80,1,0
7112,0,8624,747,3312,119,1620,2021,6,5,125,3233,102.0,12,4,3
7123,0,187,2829,4700,603,1619,2014,8,204,207,4077,86.0,79,7,0
7134,0,1083,2351,281,334,1619,2012,11,211,326,7032,91.0,40,12,0
7145,0,1320,461,4185,746,1619,2021,11,22,326,6369,117.0,83,12,2
7156,0,1683,2647,2428,88,1619,2014,11,219,322,5689,99.0,10,12,0
7167,1,4153,4303,2334,121,1619,2021,11,0,397,3847,1.0,13,16,2
7178,0,8310,4122,182,499,1619,2019,9,193,375,1969,77.0,77,15,0
7189,0,694,2647,2446,603,1618,2021,11,217,344,1612,97.0,79,12,0
7200,0,1661,2231,5858,368,1618,2013,11,9,200,770,106.0,49,7,2
7211,1,2570,4303,7246,603,1618,2021,12,0,446,5663,1.0,79,21,2
7223,1,3906,4303,3235,603,1618,2021,11,110,255,4886,2.0,79,8,2
7234,0,8093,4488,2816,347,1618,2021,11,217,319,7314,97.0,44,12,0
7245,1,2875,4303,443,736,1617,2018,14,110,433,1046,2.0,80,17,2
7256,0,8340,2655,7674,718,1616,2014,7,7,28,583,104.0,79,0,3
7267,1,5037,4303,4725,121,1615,2007,11,0,391,1898,1.0,13,16,2
7278,0,225,2720,6125,589,1614,2018,8,15,318,4735,110.0,78,12,3
7289,0,3838,4303,5337,354,1614,2021,10,176,136,3569,61.0,47,4,0
7300,0,6396,3556,1345,368,1614,2020,11,218,329,7831,98.0,49,12,0
7311,0,1210,2024,1700,603,1613,2021,12,190,274,3154,74.0,79,10,0
7322,1,2410,210,4507,506,1613,2021,11,110,461,6204,2.0,78,23,1
7334,0,2454,1409,7246,736,1613,2015,10,175,442,6549,60.0,80,19,1
7345,0,2455,1409,7246,736,1613,2015,10,175,442,3779,60.0,80,19,1
7356,1,3220,4303,7246,736,1613,2021,12,0,300,3136,1.0,80,11,2
7367,0,6685,2386,3038,435,1613,2021,9,6,220,3542,103.0,67,7,3
7378,1,6688,4303,5379,603,1613,2021,9,0,482,5519,1.0,79,29,1
7389,0,8160,1797,2945,426,1613,2021,9,214,220,7348,94.0,66,7,0
7400,0,8679,904,6993,444,1613,2021,11,17,52,4796,112.0,69,0,2
7411,0,401,151,299,342,1612,2021,11,161,470,5329,49.0,44,27,1
7422,1,1720,4303,6203,319,1612,2021,9,0,409,3050,1.0,36,16,3
7433,0,1803,1568,5093,470,1612,2021,11,16,200,288,111.0,70,7,2
7445,0,2586,134,7246,2,1612,2020,10,172,281,1117,58.0,0,10,0
7456,0,4915,2943,5129,499,1612,2021,9,188,283,3983,72.0,77,10,0
7467,1,5591,738,4047,736,1612,2021,9,0,512,7861,1.0,80,34,1
7478,1,6625,4303,1494,302,1612,2021,11,110,394,7583,2.0,34,16,2
7489,0,7194,3365,3043,388,1612,2019,11,194,332,3602,78.0,54,12,0
7500,0,55,2349,2927,603,1611,2020,7,4,313,4589,101.0,79,12,3
7511,0,219,3029,856,603,1611,2012,11,15,320,1757,110.0,79,12,2
7522,0,512,2406,1503,603,1611,2001,7,214,0,4689,94.0,79,0,0
7533,0,551,1172,781,603,1611,2009,11,186,213,4831,70.0,79,7,0
7544,1,666,4303,7602,319,1611,2013,11,0,80,8599,1.0,36,2,2
7556,0,848,3593,3437,603,1611,2000,7,23,33,4695,118.0,79,0,3
7567,1,913,4303,5717,506,1611,2019,13,110,422,4658,2.0,78,17,2
7578,0,1050,3246,7246,736,1611,2021,9,219,274,3716,99.0,80,10,0
7589,0,1087,2350,1532,86,1611,1997,8,6,337,7593,103.0,10,12,3
7600,0,1361,2377,2453,45,1611,2021,11,215,219,1569,95.0,6,7,0
7611,0,1595,4163,5442,621,1611,2011,11,213,199,665,93.0,79,7,0
7622,1,1617,4303,7246,603,1611,2021,13,138,422,5160,3.0,79,17,2
7633,0,1654,1105,7125,603,1611,2013,8,4,36,3383,101.0,79,0,3
7644,0,1705,291,3263,603,1611,2003,8,4,0,7922,101.0,79,0,3
7655,0,2035,1540,3444,603,1611,2001,7,207,513,958,89.0,79,35,1
7667,1,2072,4303,2743,506,1611,2015,9,174,109,3535,6.0,78,3,0
7678,0,2097,277,972,603,1611,2015,11,12,274,7113,109.0,79,10,2
7689,0,2418,3469,6758,603,1611,2008,8,7,36,1881,104.0,79,0,3
7700,0,2487,3527,4492,603,1611,2010,6,210,203,2894,90.0,79,7,0
7711,0,2500,303,4785,603,1611,1997,7,12,230,7969,109.0,79,7,3
7722,0,2772,4096,2355,368,1611,2019,9,55,200,2055,145.0,49,7,3
7733,1,2930,4303,2014,603,1611,2012,9,138,487,1854,3.0,79,30,1
7744,0,3165,3790,4015,603,1611,2011,8,206,270,4821,88.0,79,9,0
7755,0,3262,1883,6447,603,1611,2001,7,41,309,8373,132.0,79,12,3
7766,0,4212,4158,4145,603,1611,1997,8,12,199,883,109.0,79,7,3
7779,0,4604,828,1482,603,1611,2004,7,42,343,7837,133.0,79,12,3
7790,0,4751,426,2259,603,1611,2012,9,203,320,5418,85.0,79,12,0
7801,0,5029,2796,4911,603,1611,2011,8,7,42,557,104.0,79,0,3
7812,0,5066,1726,5803,230,1611,2009,8,219,0,467,99.0,22,0,0
7823,1,5300,4106,4479,319,1611,2006,12,0,89,5440,1.0,36,2,2
7834,0,5532,2841,3216,86,1611,2006,8,213,359,185,93.0,10,13,0
7845,1,5696,4303,3999,736,1611,2021,9,0,410,209,1.0,80,16,3
7856,0,6209,1586,6723,736,1611,2017,9,115,39,5025,204.0,80,0,0
7867,0,6210,1586,4568,736,1611,2017,12,120,39,5026,212.0,80,0,0
7878,0,6407,1105,7097,618,1611,2014,8,218,0,8042,98.0,79,0,0
7890,0,6536,4208,926,603,1611,2004,7,4,20,5442,101.0,79,0,3
7901,0,6587,4397,4925,603,1611,1984,6,214,16,7392,94.0,79,0,0
7912,0,6647,3991,2045,736,1611,2021,13,131,121,3921,25.0,80,4,2
7923,0,6699,1100,3439,603,1611,2001,8,219,0,511,99.0,79,0,0
7934,1,6838,4303,2965,621,1611,1993,14,0,422,4255,1.0,79,17,2
7945,0,7171,120,290,603,1611,1981,6,11,230,7218,108.0,79,7,3
7956,0,7193,2855,4561,736,1611,2015,11,9,327,6297,106.0,80,12,2
7967,0,7310,4084,5335,539,1611,2005,7,35,513,6088,128.0,78,35,1
7978,0,7487,2459,6862,603,1611,2015,7,7,199,6238,104.0,79,7,3
7989,0,7509,466,858,603,1611,1996,7,34,203,7280,127.0,79,7,3
8001,0,7579,828,1484,603,1611,1976,6,45,14,4805,136.0,79,0,3
8012,1,7615,4303,4807,499,1611,2021,9,138,414,922,3.0,77,16,0
8023,0,7876,2833,1819,506,1611,2018,8,217,340,4189,97.0,78,12,0
8034,0,7889,1187,1162,603,1611,2019,8,206,345,4981,88.0,79,13,0
8045,0,7936,3250,770,603,1611,2019,11,217,199,637,97.0,79,7,0
8056,0,8496,1415,34,603,1611,2018,8,217,513,267,97.0,79,35,1
8067,1,1997,4303,1516,603,1610,2020,11,110,264,2909,2.0,79,8,2
8078,0,1116,556,1023,603,1609,2021,11,206,470,818,88.0,79,27,1
8089,0,5232,1156,2305,736,1608,2021,9,6,217,312,103.0,80,7,3
8100,0,1638,981,7467,603,1607,2016,7,217,309,2226,97.0,79,12,0
8112,0,2022,2249,966,736,1607,2021,14,206,125,6659,88.0,80,4,0
8123,1,7356,4303,4894,603,1607,2021,11,138,488,1511,3.0,79,30,1
8134,1,7400,2076,7246,736,1607,2021,11,110,295,5749,2.0,80,11,2
8145,1,8647,1383,7654,736,1607,2021,9,0,405,352,1.0,80,16,3
8156,1,1065,4303,2527,296,1606,2021,11,0,244,984,1.0,33,8,2
8167,0,1107,2112,3308,603,1606,2021,12,217,139,7360,97.0,79,4,0
8178,1,2160,4303,4644,736,1606,2021,12,0,80,633,1.0,80,2,2
8189,0,2702,3225,7015,488,1606,2021,11,23,353,2080,118.0,74,13,2
8200,1,5707,4303,1740,371,1606,2021,11,110,405,4408,2.0,50,16,2
8211,0,6463,3139,180,2,1606,2021,11,186,470,6517,70.0,0,27,1
8223,0,7062,3944,6411,482,1606,2018,11,211,319,2629,91.0,72,12,0
8234,0,774,2415,526,302,1605,2021,11,212,331,6697,92.0,34,12,0
8245,0,2664,3436,1324,736,1605,2021,11,27,39,5908,120.0,80,0,2
8256,1,3075,4303,7246,736,1605,2021,9,0,291,2828,1.0,80,11,3
8267,1,3593,4303,3844,319,1605,2016,11,138,80,5387,3.0,36,2,0
8278,0,4958,932,7246,736,1605,2021,11,189,281,6867,73.0,80,10,0
8289,0,222,4001,2432,736,1604,2014,9,15,332,1418,110.0,80,12,3
8300,0,3129,4187,3297,603,1604,2015,6,214,133,8301,94.0,79,4,0
8311,1,4313,4303,3636,736,1603,2021,11,0,393,2859,1.0,80,16,2
8322,1,4478,4303,843,603,1602,2021,11,138,488,3255,3.0,79,30,1
8334,0,6042,4303,6277,736,1601,2020,10,176,366,4070,61.0,80,15,0
8345,0,141,4378,1989,251,1600,2021,9,40,328,2955,131.0,29,12,3
8356,0,142,4303,7246,736,1600,2021,9,40,328,2955,131.0,80,12,3
8367,0,143,4303,7246,736,1600,2021,9,40,328,2955,131.0,80,12,3
8378,0,630,4497,1686,603,1600,2021,8,58,44,1699,148.0,79,0,3
8389,0,1719,4303,7246,736,1600,2021,11,137,274,8766,29.0,80,10,0
8400,1,3650,4303,5604,603,1600,2021,14,138,432,6119,3.0,79,17,2
8411,0,6573,4291,5418,736,1600,2020,11,10,326,8277,107.0,80,12,2
8422,1,7538,4303,5751,444,1600,2021,11,110,399,5996,2.0,69,16,2
8433,0,122,2898,4512,736,1599,2009,9,219,319,7033,99.0,80,12,0
8445,0,648,240,2675,150,1599,2011,9,212,326,3102,92.0,18,12,0
8456,0,2974,798,7246,15,1599,2020,11,211,282,6898,91.0,1,10,0
8467,0,4119,3321,514,736,1599,2021,14,159,125,5194,47.0,80,4,2
8478,1,6476,4303,6183,603,1599,2021,11,110,487,1410,2.0,79,30,1
8489,0,6509,3559,3236,603,1599,2011,6,206,125,7458,88.0,79,4,0
8500,0,6759,2882,5158,736,1599,2006,9,21,332,8102,116.0,80,12,3
8511,0,6007,961,750,603,1598,2014,8,12,36,278,109.0,79,0,3
8522,0,6399,1224,3407,603,1598,2017,8,212,513,7867,92.0,79,35,1
8533,0,7374,1727,7246,603,1598,1998,7,205,274,6777,87.0,79,10,0
8544,1,7460,4303,4300,86,1598,1997,13,0,422,5058,1.0,10,17,2
8556,1,8583,4303,4594,342,1598,2021,11,110,241,4148,2.0,44,8,2
8567,0,526,1729,498,603,1597,2021,9,4,274,3963,101.0,79,10,3
8578,0,6079,2152,738,251,1597,2021,9,50,200,333,140.0,29,7,3
8589,0,6390,1682,2930,603,1596,2016,8,207,323,6270,89.0,79,12,0
8600,0,375,3036,735,251,1595,2021,11,199,319,5045,81.0,29,12,0
8611,1,1156,4303,754,506,1595,2021,13,0,422,3127,1.0,78,17,2
8622,0,4240,2522,577,736,1595,2020,11,21,329,8309,116.0,80,12,2
8633,1,461,4303,7246,251,1594,2021,11,0,292,2137,1.0,29,11,2
8644,0,1554,3328,7333,251,1594,2021,11,219,212,1125,99.0,29,7,0
8655,0,2424,689,2312,42,1594,2021,11,10,332,2771,107.0,5,12,2
8667,1,2906,921,2195,603,1594,2021,11,0,498,4193,1.0,79,31,1
8676,1,2976,4303,7246,639,1594,2021,11,138,454,5818,3.0,79,21,1
8677,0,3250,1109,2146,426,1594,2021,11,10,332,962,107.0,66,12,2
8678,0,3647,587,1949,340,1594,2021,14,210,125,7932,90.0,43,4,0
8679,1,4242,4303,7168,603,1594,2021,11,110,484,6370,2.0,79,29,1
8680,1,4777,4303,4202,435,1594,2021,11,0,412,3655,1.0,67,16,2
8681,0,6715,2397,1833,79,1594,2018,11,7,200,7917,104.0,10,7,2
8682,1,7531,4308,3276,736,1594,2020,9,0,419,2593,1.0,80,16,3
8683,0,7773,925,4267,31,1594,2020,11,3,353,7820,100.0,2,13,2
8684,0,7852,4303,1738,736,1594,2021,9,143,185,6496,32.0,80,7,0
8686,0,7900,1927,486,603,1594,2021,8,5,344,3098,102.0,79,12,3
8687,1,1377,4303,5954,603,1593,2021,11,151,91,1281,4.0,79,2,0
8688,0,4000,2727,1610,506,1593,2004,8,8,361,1137,105.0,78,14,3
8689,0,8086,63,6550,251,1593,2018,11,10,319,3495,107.0,29,12,2
8690,0,8459,69,4562,736,1593,2020,9,179,283,4749,64.0,80,10,0
8691,0,1799,1011,356,344,1592,2021,11,219,319,499,99.0,44,12,0
8692,0,5316,173,5132,206,1592,2021,9,5,332,2073,102.0,20,12,3
8693,1,7851,4303,4980,603,1592,2021,9,0,487,1366,1.0,79,30,1
8694,1,8327,650,6597,736,1592,2021,9,0,393,8367,1.0,80,16,3
8695,0,1881,3725,3856,736,1591,2020,9,33,200,2316,126.0,80,7,3
8698,0,3326,3414,1622,444,1591,2020,11,24,326,2363,119.0,69,12,2
8699,1,4692,4303,7246,603,1591,2021,9,0,291,7696,1.0,79,11,3
8700,0,1876,4079,7000,603,1590,2019,12,204,363,4819,86.0,79,14,0
8701,1,4612,4303,4191,435,1589,2021,9,0,412,3443,1.0,67,16,3
8702,0,5014,2669,4089,251,1589,2021,11,29,332,7222,122.0,29,12,2
8703,0,6384,463,3022,603,1588,2017,8,215,0,65,95.0,79,0,0
8704,0,6637,4505,1678,105,1588,2021,9,7,39,1126,104.0,12,0,3
8705,0,2982,4492,1783,492,1587,1999,11,23,326,8765,118.0,75,12,2
8706,0,3344,3850,7246,603,1587,2020,11,203,274,2447,85.0,79,10,0
8707,1,3649,4303,3526,603,1587,2021,11,0,486,6751,1.0,79,29,1
8709,0,4600,1667,6866,251,1587,2021,9,218,319,5825,98.0,29,12,0
8710,0,4698,341,3882,603,1587,2021,11,219,309,1162,99.0,79,12,0
8711,1,6006,4348,7246,251,1587,2017,14,110,433,4835,2.0,29,17,2
8712,0,7004,4303,1733,736,1587,2021,9,146,185,6215,35.0,80,7,0
8713,0,8011,3960,6711,251,1587,2020,12,10,329,7816,107.0,29,12,2
8714,0,8300,1846,3187,589,1587,2017,11,217,274,4809,97.0,78,10,0
8715,0,552,2097,4548,219,1586,2020,11,17,332,657,112.0,22,12,2
8716,0,1867,3033,1502,603,1586,2013,8,23,0,2315,118.0,79,0,3
8717,0,2537,1101,307,603,1585,2019,11,12,275,3968,109.0,79,10,2
8718,1,3994,4303,2877,251,1585,2021,12,0,446,1514,1.0,29,21,2
8720,1,7747,2073,7246,603,1585,2021,11,0,234,6446,1.0,79,8,2
8721,1,6177,4303,1418,350,1584,2020,12,110,498,4258,2.0,44,31,1
8722,1,6538,4303,79,603,1584,2018,11,138,262,2289,3.0,79,8,0
8723,0,7010,1123,1934,603,1584,2018,11,12,325,1210,109.0,79,12,2
8724,1,8125,4303,2687,736,1584,2021,13,110,422,6124,2.0,80,17,2
8725,0,434,3799,3119,603,1583,2020,6,206,125,6406,88.0,79,4,0
8726,1,568,4303,7246,736,1583,2010,13,110,110,2454,2.0,80,3,2
8727,0,670,4387,7223,603,1583,2006,8,217,36,4389,97.0,79,0,0
8728,1,831,4303,1031,736,1583,2010,13,110,422,2730,2.0,80,17,2
8729,0,942,3558,2140,603,1583,1989,7,217,63,5681,97.0,79,0,0
8731,0,1865,3590,1667,736,1583,2017,8,219,44,2686,99.0,80,0,0
8732,0,2121,4208,6046,603,1583,2010,8,215,20,3160,95.0,79,0,0
8733,0,2608,1037,3285,603,1583,2005,7,211,185,1927,91.0,79,7,0
8734,0,2845,3194,4761,541,1583,2010,8,20,0,99,115.0,78,0,3
8735,0,2893,2359,5962,589,1583,2009,3,213,138,8258,93.0,78,4,3
8736,0,3479,2136,4064,520,1583,2018,8,12,318,4531,109.0,78,12,3
8737,0,4315,1201,921,603,1583,2012,6,216,125,5450,96.0,79,4,0
8738,1,4618,4303,7246,736,1583,2020,14,0,422,2458,1.0,80,17,2
8739,0,4765,4046,6401,736,1583,2017,14,194,125,1259,78.0,80,4,0
8740,0,4770,4046,6403,736,1583,2019,14,205,131,127,87.0,80,4,0
8742,0,4768,4046,6406,736,1583,2013,14,192,148,8308,76.0,80,4,0
8743,0,4772,4046,6409,736,1583,2014,14,192,125,3908,76.0,80,4,0
8744,0,4774,4046,6405,736,1583,2013,14,187,125,2417,71.0,80,4,0
8745,0,4922,828,6448,606,1583,2003,8,47,344,4115,138.0,79,12,3
8746,0,5028,1832,6440,603,1583,2008,7,18,42,7989,113.0,79,0,3
8747,0,5988,713,5468,105,1583,2018,11,214,0,345,94.0,12,0,0
8748,0,6362,3971,5558,506,1583,2020,11,207,326,1904,89.0,78,12,0
8749,0,6531,3606,4095,643,1583,1994,7,28,60,2202,121.0,79,0,3
8750,0,6540,2253,6161,724,1583,2009,7,34,344,1290,127.0,79,12,3
8751,0,6691,325,3891,603,1583,2018,9,214,185,8425,94.0,79,7,0
8753,0,7057,761,2062,703,1583,2011,7,207,60,8733,89.0,79,0,0
8754,0,7454,3251,4686,732,1583,2009,7,45,330,4632,136.0,79,12,3
8755,0,7788,3597,1177,603,1583,2002,8,207,230,1934,89.0,79,7,0
8756,0,7885,2032,1127,603,1583,2000,8,219,20,2443,99.0,79,0,0
8757,0,7886,852,3850,603,1583,2016,8,213,344,7438,93.0,79,12,0
8758,0,7920,3304,5774,58,1583,2018,12,203,125,2347,85.0,10,4,0
8759,0,8268,270,6794,206,1583,1992,8,5,0,347,102.0,20,0,3
8760,0,8752,2261,6480,603,1583,2008,8,4,215,8767,101.0,79,7,3
8761,1,5451,4303,7246,736,1582,2021,12,0,446,3718,1.0,80,21,2
8762,0,6201,4262,1988,736,1582,2019,9,18,326,1843,113.0,80,12,3
8764,0,7098,697,144,251,1582,2021,11,35,319,5999,128.0,29,12,2
8765,1,7304,3117,4650,736,1582,2021,11,0,241,2219,1.0,80,8,2
8766,0,7514,2875,1665,736,1582,2021,6,19,125,982,114.0,80,4,3
8767,0,7775,1941,849,718,1582,2018,8,203,345,4211,85.0,79,13,0
8768,1,7847,4303,692,736,1582,2021,11,110,399,2370,2.0,80,16,2
8769,0,7949,3557,417,736,1581,2021,11,28,359,1469,121.0,80,13,2
8770,1,8693,4303,4116,736,1581,2021,11,0,80,862,1.0,80,2,2
8771,0,2695,3227,4624,45,1580,2021,11,215,217,1566,95.0,6,7,0
8772,1,3002,4303,2194,736,1580,2021,10,0,300,5159,1.0,80,11,2
8773,1,6225,4303,315,394,1580,2021,11,0,410,7300,1.0,55,16,2
8775,0,674,1994,4870,603,1579,2014,8,28,309,8393,121.0,79,12,3
8776,0,847,2031,27,603,1579,2011,7,21,60,5168,116.0,79,0,3
8777,0,953,2604,5320,444,1579,2018,8,211,513,4078,91.0,69,35,1
8778,1,2398,4303,1145,492,1579,2021,11,0,416,5838,1.0,75,16,2
8779,0,5224,3742,4567,251,1579,2020,12,59,326,482,149.0,29,12,2
8780,0,5732,3809,6853,251,1578,2019,9,18,319,3099,113.0,29,12,3
8781,0,6235,4303,1735,603,1578,2021,9,144,22,6216,33.0,79,0,0
8782,0,521,3131,2111,492,1577,2017,9,34,217,2152,127.0,75,7,3
8783,0,1899,2758,5462,492,1577,2016,9,4,217,7828,101.0,75,7,3
8784,0,1915,1507,2524,492,1577,2014,11,5,220,6067,102.0,75,7,2
8786,0,2137,3815,211,492,1577,2013,11,5,217,5555,102.0,75,7,2
8787,0,2136,3814,212,492,1577,2015,11,10,217,4980,107.0,75,7,2
8788,0,2616,4527,1259,492,1577,2004,11,30,25,2932,123.0,75,0,2
8789,0,2988,4528,371,492,1577,2015,9,218,200,4180,98.0,75,7,0
8790,0,3049,180,2116,444,1577,2021,11,215,283,2346,95.0,69,10,0
8791,0,3715,639,1261,492,1577,2015,11,4,217,6716,101.0,75,7,2
8792,0,3846,2340,2201,492,1577,2015,11,7,220,36,104.0,75,7,2
8793,0,3847,2340,2202,492,1577,2016,9,7,220,3404,104.0,75,7,3
8794,0,4020,3512,7150,736,1577,2019,11,6,217,1603,103.0,80,7,2
8795,1,4050,2300,6852,488,1577,2021,9,0,393,746,1.0,74,16,3
8797,0,4908,484,5486,492,1577,2017,11,16,217,3159,111.0,75,7,2
8798,0,5070,1507,799,492,1577,2015,11,5,217,5987,102.0,75,7,2
8799,0,5235,2678,5991,150,1577,2020,10,61,319,7135,15.0,18,12,2
8800,0,5444,2511,5628,736,1577,2020,10,168,366,7163,54.0,80,15,0
8801,1,6234,4303,3257,603,1577,2021,9,0,482,3151,1.0,79,29,1
8802,0,7959,2197,1004,368,1577,2020,9,27,329,1493,120.0,49,12,3
8803,0,8395,4493,7618,492,1577,2001,11,9,200,4332,106.0,75,7,2
8804,0,2886,4099,2471,319,1576,2021,11,21,353,7436,116.0,36,13,2
8805,1,4073,4303,1699,26,1576,2021,12,0,100,7649,1.0,1,3,2
8806,0,6137,4303,4474,251,1576,2021,9,172,281,5077,58.0,29,10,0
3,0,6571,1922,629,228,1576,2021,11,21,332,1224,116.0,22,12,2
4,0,8602,80,5145,736,1576,2020,11,33,52,143,126.0,80,0,2
5,0,5191,867,5439,77,1575,2015,9,204,332,1780,86.0,10,12,0
6,0,6783,1420,3262,342,1575,2021,11,217,217,8677,97.0,44,7,0
7,1,8759,4303,2462,302,1575,2021,11,0,410,1040,1.0,34,16,2
8,1,3475,4303,2869,15,1574,2021,13,110,422,8749,2.0,1,17,2
9,0,3764,4303,7246,736,1574,2013,13,192,125,3771,76.0,80,4,0
10,0,4762,4046,6729,736,1574,2018,14,198,125,1227,80.0,80,4,0
11,0,4767,4046,6730,736,1574,2017,13,199,125,8500,81.0,80,4,0
12,0,4764,4046,6728,736,1574,2019,13,202,121,3770,84.0,80,4,0
14,0,5955,114,6545,736,1574,2020,14,205,121,5121,87.0,80,4,0
15,0,5956,4303,6544,736,1574,2019,14,211,121,7935,91.0,80,4,0
16,0,2560,4303,7246,603,1573,2014,9,192,274,6908,76.0,79,10,0
17,1,4274,4303,1850,342,1573,2021,11,110,400,7121,2.0,44,16,2
18,0,4649,1973,3247,209,1573,2016,8,41,513,1214,132.0,20,35,1
19,1,5325,4303,2928,203,1573,2019,13,138,422,7177,3.0,20,17,2
20,0,509,1149,1981,603,1572,1992,8,33,309,7203,126.0,79,12,3
21,0,1913,29,2812,251,1572,2011,11,4,25,7200,101.0,29,0,2
22,0,1964,2288,18,251,1572,2010,11,5,326,4827,102.0,29,12,2
23,0,3483,19,2808,251,1572,2008,9,57,219,6147,147.0,29,7,3
25,0,3967,403,13,267,1572,2001,6,123,328,4289,224.0,29,12,3
26,0,4324,3769,11,251,1572,2004,9,51,281,6699,141.0,29,10,3
27,0,5425,368,5453,251,1572,2010,11,12,199,7522,109.0,29,7,2
28,0,6714,6,12,251,1572,2007,6,75,326,8154,162.0,29,12,3
29,0,391,3856,2240,251,1571,2021,11,52,319,3856,142.0,29,12,2
30,0,629,3646,4909,603,1571,2021,14,213,131,7321,93.0,79,4,0
31,1,778,4303,3480,736,1571,2021,14,0,86,6383,1.0,80,2,2
32,0,808,680,435,603,1571,2021,13,175,121,7721,60.0,79,4,0
33,0,1736,1487,4877,93,1571,2015,8,24,356,1931,119.0,10,13,3
34,0,1783,4303,1737,736,1571,2021,9,148,185,5023,37.0,80,7,0
36,0,2017,4245,2852,603,1571,2013,11,216,326,1263,96.0,79,12,0
37,0,2532,2522,336,388,1571,2020,11,21,127,8399,116.0,54,4,2
38,0,3412,3966,348,212,1571,2020,9,5,329,1187,102.0,22,12,3
39,1,4216,4303,6472,435,1571,2021,9,0,402,4004,1.0,67,16,3
40,0,5974,3617,1379,551,1571,2013,8,30,39,4618,123.0,78,0,3
41,0,6702,2132,668,603,1571,2020,8,5,513,7537,102.0,79,35,1
42,0,7926,3037,3246,132,1571,2017,7,34,309,8351,127.0,16,12,3
43,0,8010,2631,545,603,1571,2017,9,206,60,8505,88.0,79,0,0
44,0,8194,4119,617,251,1571,2021,9,9,200,7297,106.0,29,7,3
45,1,1801,4303,7246,736,1570,2016,12,0,393,539,1.0,80,16,2
47,0,1824,4095,7244,603,1570,2020,11,180,288,4762,65.0,79,10,0
48,1,2129,4303,7177,319,1570,2016,11,0,77,1435,1.0,36,2,2
49,0,2618,2208,1567,319,1570,2016,11,216,4,6337,96.0,36,0,0
50,1,2661,1447,2375,603,1570,2019,12,0,291,5877,1.0,79,11,2
51,1,2718,4303,4173,603,1570,2006,9,185,461,3621,7.0,79,23,1
52,1,3076,4303,2644,319,1570,2021,11,0,84,4177,1.0,36,2,2
53,1,5043,4303,6941,603,1570,2020,9,0,446,6322,1.0,79,21,3
54,0,5251,2776,430,603,1570,2019,9,206,513,1763,88.0,79,35,1
55,1,5419,4303,7424,328,1570,2018,9,0,412,4552,1.0,40,16,3
56,1,5549,4303,3976,643,1570,2020,13,138,422,645,3.0,79,17,2
58,1,5861,4303,4801,116,1570,2019,13,0,110,5773,1.0,12,3,2
59,0,5863,3651,3980,319,1570,2021,11,53,327,5844,143.0,36,12,2
60,1,6449,4303,3641,319,1570,2003,14,110,86,772,2.0,36,2,2
61,0,7477,3212,3341,603,1570,2012,8,46,318,601,137.0,79,12,3
62,0,8006,3110,5197,603,1570,2014,11,191,288,5757,75.0,79,10,0
63,0,8460,69,2859,736,1570,2020,9,187,283,3192,71.0,80,10,0
64,0,8778,2493,1637,603,1570,1981,8,6,268,4777,103.0,79,9,3
65,1,390,4303,7246,736,1569,2015,12,0,412,7641,1.0,80,16,2
66,1,1784,4303,3020,603,1569,2021,9,0,487,1047,1.0,79,30,1
67,1,2391,4303,72,314,1569,2021,11,0,109,3247,1.0,34,3,2
69,1,3186,4303,3952,603,1569,2018,11,174,505,995,6.0,79,31,1
70,1,3369,4303,7246,671,1569,2020,9,0,447,5296,1.0,79,21,3
71,1,3543,4303,7246,603,1569,2020,11,0,234,6242,1.0,79,8,2
72,1,3997,4303,3996,435,1569,2021,9,0,244,7902,1.0,67,8,3
73,1,4136,4303,5595,603,1569,2019,11,0,488,2907,1.0,79,30,1
74,1,6315,4303,3993,435,1569,2016,11,0,238,3084,1.0,67,8,2
75,1,6381,4303,3822,58,1569,2019,11,138,508,5799,3.0,10,32,1
76,0,7748,731,1274,115,1569,2021,11,39,332,8478,130.0,12,12,2
77,1,7838,3177,5171,488,1569,2020,11,0,417,1812,1.0,74,16,2
78,1,8297,4303,7246,603,1569,2019,11,0,300,3956,1.0,79,11,2
80,0,8320,635,5509,251,1569,2020,9,55,329,6683,145.0,29,12,3
81,0,8593,1345,7246,603,1569,2021,11,202,274,6607,84.0,79,10,0
82,0,4766,4046,6407,736,1568,2017,14,202,148,8562,84.0,80,4,0
83,0,4769,4046,6404,736,1568,2018,14,193,131,3187,77.0,80,4,0
84,0,4763,4046,6408,736,1568,2018,14,204,148,8469,86.0,80,4,0
85,0,4771,4046,6403,736,1568,2019,14,195,121,3909,79.0,80,4,0
86,1,4881,2925,7246,616,1568,2021,12,0,291,6113,1.0,79,11,2
87,0,6278,4046,7246,736,1568,2018,14,198,121,8117,80.0,80,4,0
88,0,6279,4046,7246,736,1568,2019,14,199,121,8758,81.0,80,4,0
89,0,6280,4046,7246,736,1568,2017,13,194,121,8378,78.0,80,4,0
91,1,6882,4303,7306,301,1568,2020,12,0,461,69,1.0,33,23,2
92,0,5034,4507,7527,105,1567,2021,9,23,5,8484,118.0,12,0,3
93,1,5048,4303,1094,603,1567,2018,10,151,433,5092,4.0,79,17,0
94,1,2051,4303,5534,736,1566,2021,9,0,385,4979,1.0,80,16,3
95,0,7763,1739,1916,603,1565,2020,8,5,185,4152,102.0,79,7,3
96,1,3011,4303,3275,105,1564,2020,9,0,81,2723,1.0,12,2,3
97,0,5053,3164,7237,435,1564,2021,11,41,326,4165,132.0,67,12,2
98,0,5178,945,6487,368,1564,2016,11,11,332,3306,108.0,49,12,2
99,0,5934,1534,5826,251,1564,2021,9,42,209,4190,133.0,29,7,3
100,0,7983,492,4855,603,1564,2021,7,10,20,7479,107.0,79,0,3
102,0,8221,4266,3369,603,1564,2021,11,143,309,4713,32.0,79,12,0
103,0,6568,309,723,272,1563,2020,12,194,329,1901,78.0,30,12,0
104,1,7873,4303,3899,319,1563,2021,11,0,80,1770,1.0,36,2,2
105,0,2030,4303,1875,736,1562,2021,12,169,288,4488,55.0,80,10,0
106,1,6904,4303,7246,251,1562,2021,9,110,386,3776,2.0,29,16,3
107,1,7874,4303,7246,736,1562,2021,11,0,447,3801,1.0,80,21,2
108,1,7957,4303,7246,736,1562,2021,11,0,237,4351,1.0,80,8,2
109,0,7381,4009,5308,736,1561,2021,14,212,125,4149,92.0,80,4,0
110,0,1623,3839,7246,636,1560,2020,11,204,274,6912,86.0,79,10,0
111,0,4383,2520,7551,251,1560,2021,9,50,200,2151,140.0,29,7,3
114,0,7151,1191,3698,57,1559,2020,11,53,326,4944,143.0,9,12,2
115,0,8527,575,2054,603,1559,2020,11,206,359,2711,88.0,79,13,0
116,0,2276,652,6020,621,1558,2013,6,207,133,6787,89.0,79,4,0
117,0,316,4006,3664,603,1557,2006,7,213,185,5847,93.0,79,7,0
118,0,383,4448,1126,105,1557,2018,8,217,39,6666,97.0,12,0,0
119,0,527,4360,2937,621,1557,2012,13,214,127,1166,94.0,79,4,0
120,0,1657,3506,2785,589,1557,2021,8,17,318,6011,112.0,78,12,3
121,0,1741,3184,1086,603,1557,2019,8,3,0,2482,100.0,79,0,3
122,0,2759,452,7642,368,1557,2018,11,27,312,6623,120.0,49,12,2
123,0,3449,2970,2212,251,1557,2021,11,211,375,7838,91.0,29,15,0
125,0,3656,371,7556,354,1557,2021,11,218,220,4920,98.0,47,7,0
126,0,4319,4090,3747,162,1557,2021,11,18,326,4323,113.0,20,12,2
127,0,8600,3022,2089,724,1557,2008,7,218,230,1508,98.0,79,7,0
128,0,8644,171,7070,603,1557,2017,6,211,125,946,91.0,79,4,0
129,0,61,3606,3399,603,1556,2009,7,70,60,7884,158.0,79,0,3
130,0,85,3398,14,251,1556,2009,7,77,200,8446,164.0,29,7,3
131,0,2422,3390,6572,251,1556,2012,12,42,222,421,133.0,29,7,2
132,1,2744,4303,7246,736,1556,2020,12,0,292,6966,1.0,80,11,2
133,0,3307,2435,7246,331,1556,2019,12,191,281,5787,75.0,40,10,0
134,0,3400,1733,5567,621,1556,2010,7,6,359,397,103.0,79,13,3
136,0,3414,987,2996,621,1556,2015,8,210,44,3469,90.0,79,0,0
137,0,3824,4103,35,322,1556,2016,7,21,60,5130,116.0,36,0,3
138,0,4021,3549,5909,603,1556,2001,7,216,230,8155,96.0,79,7,0
139,0,4317,4035,5953,251,1556,2020,9,28,326,5897,121.0,29,12,3
140,1,4334,4303,7246,741,1556,2021,10,110,294,3918,2.0,81,11,0
141,0,4488,3513,3133,603,1556,1996,8,4,0,1774,101.0,79,0,3
142,1,4823,4303,5284,506,1556,2017,11,110,96,3318,2.0,78,3,0
143,0,4857,1408,817,603,1556,1964,3,88,183,7804,173.0,79,6,3
144,1,5583,4303,2385,603,1556,2021,11,110,453,5371,2.0,79,21,1
145,0,5990,4250,6268,603,1556,2017,8,207,52,7812,89.0,79,0,0
147,1,6160,4303,1594,506,1556,2016,12,110,100,5067,2.0,78,3,2
148,0,6207,1586,6218,736,1556,2017,9,97,39,5027,182.0,80,0,3
149,0,6208,1586,6625,319,1556,2017,9,96,39,5028,181.0,36,0,3
150,0,6211,1586,3897,736,1556,2017,9,98,39,5029,185.0,80,0,3
151,0,6406,1105,1264,603,1556,2016,8,219,0,6140,99.0,79,0,0
152,0,6535,3882,1231,686,1556,2017,8,206,60,7855,88.0,79,0,0
153,0,6727,1970,4765,603,1556,2010,7,10,0,2306,107.0,79,0,3
154,0,6802,1531,1466,272,1556,2021,9,19,329,1823,114.0,30,12,3
155,0,7355,477,6459,155,1556,2019,12,216,53,431,96.0,18,0,0
156,0,7605,3613,165,540,1556,2002,8,59,319,3561,149.0,78,12,3
158,0,7768,2999,1943,603,1556,2009,7,5,359,1023,102.0,79,13,3
159,0,8293,2764,3132,603,1556,1999,8,201,0,2330,83.0,79,0,0
160,0,8463,486,450,251,1556,2016,9,218,332,4150,98.0,29,12,0
161,0,8568,3866,5974,603,1556,2017,11,201,274,7154,83.0,79,10,0
162,1,8661,4303,7246,603,1556,2021,11,0,297,4802,1.0,79,11,2
163,0,8698,3274,3286,718,1556,2008,7,7,230,1560,104.0,79,7,3
164,0,658,2099,7481,287,1555,2018,7,16,309,8544,111.0,32,12,3
165,1,2978,71,7246,690,1555,2021,9,0,387,5819,1.0,79,16,3
166,0,5108,2050,1075,506,1555,2020,11,218,284,6915,98.0,78,10,0
167,1,5895,4303,1891,435,1555,2015,13,110,423,8158,2.0,67,17,2
169,1,8741,4303,1592,319,1555,2005,14,0,86,6621,1.0,36,2,2
170,0,128,2037,1383,603,1554,2021,12,213,274,6715,93.0,79,10,0
171,0,5148,553,6645,116,1554,2021,13,189,121,8313,73.0,12,4,0
172,1,5712,4303,6949,603,1554,2020,13,0,422,6657,1.0,79,17,2
173,0,4384,2133,2786,581,1553,2013,7,51,326,7053,141.0,78,12,3
174,0,3998,1962,6601,603,1552,2012,8,21,309,7155,116.0,79,12,3
175,0,4430,2954,7246,368,1552,2021,12,119,281,6873,21.0,49,10,2
176,0,262,3614,3946,603,1551,2021,12,218,146,4908,98.0,79,4,0
177,0,768,4303,2128,603,1551,2021,11,205,185,4811,87.0,79,7,0
178,1,1001,4303,3892,603,1551,2013,10,151,422,1671,4.0,79,17,0
180,0,1052,1281,7242,736,1551,2018,11,205,326,1383,87.0,80,12,0
181,0,1745,2869,1488,289,1551,1998,11,215,325,1369,95.0,32,12,0
182,0,2229,4303,7246,506,1551,2020,12,205,274,6955,87.0,78,10,0
183,0,3744,1243,4865,492,1551,2020,9,213,326,2709,93.0,75,12,0
184,1,4333,4303,689,444,1551,2021,11,0,387,4714,1.0,69,16,2
185,0,5044,1282,5232,444,1551,2020,11,217,217,7439,97.0,69,7,0
186,0,5344,4296,6357,251,1551,2021,12,19,200,8541,114.0,29,7,2
187,1,7323,4303,4822,506,1551,2021,9,0,97,281,1.0,78,3,3
188,0,1388,2686,2043,302,1550,2021,9,3,329,1801,100.0,34,12,3
189,1,1772,4303,7607,603,1550,2021,11,0,75,239,1.0,79,2,2
191,1,5629,4303,7246,319,1550,2021,14,0,422,6753,1.0,36,17,2
192,0,6150,143,5283,410,1550,2021,14,8,125,4103,105.0,59,4,2
193,0,6141,194,7246,603,1549,2021,9,210,274,5664,90.0,79,10,0
194,0,4256,2157,4384,426,1548,2021,11,175,470,6157,60.0,66,27,1
195,1,4529,2123,2720,435,1548,2021,9,174,380,5277,6.0,67,16,0
196,1,5013,4303,5533,435,1548,2021,9,0,412,39,1.0,67,16,3
197,0,5463,3984,3576,594,1547,2013,7,218,319,648,98.0,78,12,0
198,0,606,4105,6902,319,1546,2020,11,11,326,2362,108.0,36,12,2
199,0,3160,618,4302,483,1546,2020,11,210,350,4517,90.0,73,13,0
200,0,3587,1092,286,603,1546,2020,8,5,0,2026,102.0,79,0,3
202,1,4587,4303,823,686,1546,2010,14,151,422,3667,4.0,79,17,2
203,1,429,4303,6025,736,1545,2021,14,110,433,2122,2.0,80,17,2
204,1,1694,4303,3791,603,1545,2021,12,0,487,1873,1.0,79,30,1
205,1,2528,4303,7246,506,1545,2021,11,138,291,3335,3.0,78,11,0
206,0,5801,4104,5628,736,1545,2020,10,202,366,5679,84.0,80,15,0
207,0,7921,2425,1322,105,1545,2021,9,27,52,430,120.0,12,0,3
208,0,8587,739,2349,368,1545,2020,11,9,220,1485,106.0,49,7,2
209,1,713,4303,2709,319,1544,2021,11,110,77,4034,2.0,36,2,0
210,0,1873,327,4072,603,1544,2021,8,20,513,1558,115.0,79,35,1
211,0,2694,4379,4752,45,1544,2021,9,218,25,7517,98.0,6,0,0
213,0,4995,4279,5228,603,1544,2021,10,175,470,5406,60.0,79,27,1
214,0,6379,2427,4310,589,1544,2020,8,18,0,7953,113.0,78,0,3
215,0,7159,2566,2357,603,1544,2014,7,4,470,3034,101.0,79,27,1
216,0,7623,1257,6244,507,1544,2020,11,130,326,8764,24.0,78,12,0
217,0,8458,69,5490,736,1544,2020,12,165,283,7679,51.0,80,10,0
218,0,1381,4398,5408,368,1543,2017,9,198,332,704,80.0,49,12,0
219,0,5267,778,4784,603,1543,2021,8,3,274,5839,100.0,79,10,3
220,1,8269,117,7246,38,1543,2021,9,0,235,6975,1.0,5,8,3
221,0,2693,4127,1268,589,1542,2014,7,48,335,5391,139.0,78,12,3
222,0,5780,2343,3961,212,1542,2021,11,190,470,6500,74.0,22,27,1
225,0,6098,3094,6976,603,1542,2012,8,40,344,8637,131.0,79,12,3
226,1,8418,4303,4962,603,1542,2021,13,0,422,3132,1.0,79,17,2
227,1,306,4303,871,150,1541,2021,9,0,243,3560,1.0,18,8,3
228,0,1288,1570,1772,251,1541,2021,9,40,329,3135,131.0,29,12,3
229,0,6872,4020,4679,676,1541,2016,6,23,138,673,118.0,79,4,3
230,0,7369,4131,7246,603,1541,2020,9,205,274,7085,87.0,79,10,0
231,1,7449,4303,3002,718,1541,2021,11,0,301,6661,1.0,79,11,2
232,1,8760,4303,2481,506,1541,2021,10,0,112,6325,1.0,78,3,3
233,0,672,1569,816,736,1540,2020,9,4,274,2388,101.0,80,10,3
234,0,8786,2932,2125,492,1539,2015,11,217,217,6681,97.0,75,7,0
236,0,3654,1098,6372,324,1539,2020,10,212,200,754,92.0,38,7,0
237,1,4197,4303,4001,435,1539,2021,11,110,379,4506,2.0,67,16,2
238,0,4802,2534,6928,492,1539,2015,9,45,326,6006,136.0,75,12,3
239,0,5367,659,7682,492,1539,2021,11,217,326,4673,97.0,75,12,0
240,1,5375,4303,7114,603,1539,2021,11,138,487,2294,3.0,79,30,1
241,0,5672,2482,4805,736,1539,2020,11,6,328,6618,103.0,80,12,2
242,0,5926,2240,6458,492,1539,2010,11,15,220,2847,110.0,75,7,2
243,0,5927,1220,6651,492,1539,2013,11,8,220,3262,105.0,75,7,2
244,1,7565,4303,2602,506,1539,2021,11,0,97,5245,1.0,78,3,2
245,0,8682,2849,3189,603,1539,2021,6,210,125,779,90.0,79,4,0
247,0,8724,4215,7093,492,1539,2016,12,10,199,8124,107.0,75,7,2
248,0,1700,3136,320,445,1538,2021,11,212,319,2755,92.0,69,12,0
249,0,2672,2904,725,272,1538,2020,9,214,326,2029,94.0,30,12,0
250,0,6924,2254,1396,603,1538,2020,11,219,346,5535,99.0,79,13,0
251,1,1879,306,49,162,1537,2021,11,0,242,6368,1.0,20,8,2
252,1,3985,4303,7246,736,1537,2021,11,0,291,8774,1.0,80,11,2
253,1,4437,4303,7246,736,1537,2021,10,0,447,1315,1.0,80,21,2
254,1,7274,4303,5438,212,1536,2021,9,0,292,8620,1.0,22,11,3
255,1,1144,4303,5690,251,1535,2021,11,0,412,3944,1.0,29,16,2
256,0,1145,1439,1549,270,1535,2021,7,217,319,2173,97.0,29,12,0
258,1,4911,4303,6598,150,1534,2015,9,0,412,4619,1.0,18,16,3
259,0,342,1510,5488,251,1533,2021,9,63,199,1081,151.0,29,7,3
260,1,1565,4303,818,603,1533,2021,14,0,422,5310,1.0,79,17,2
261,0,2025,668,1419,121,1533,2021,11,11,200,7961,108.0,13,7,2
262,0,2385,2197,7180,368,1533,2020,9,18,217,3555,113.0,49,7,3
263,1,5027,2612,7246,444,1533,2021,11,0,295,5422,1.0,69,11,2
264,1,5513,4303,2798,736,1533,2021,14,151,87,8759,4.0,80,2,2
265,0,6186,2105,5424,162,1533,2021,11,199,39,7406,81.0,20,0,0
266,0,4427,1251,133,272,1532,2020,9,21,220,5439,116.0,30,7,3
267,1,5339,4303,2431,606,1532,2021,9,0,75,1549,1.0,79,2,3
269,0,5391,4130,3080,603,1532,2013,8,24,0,5656,119.0,79,0,3
270,0,6018,2359,3530,603,1532,2013,7,21,337,7959,116.0,79,12,3
271,0,4782,243,2557,603,1531,2021,7,17,202,4949,112.0,79,7,3
272,1,4822,1755,7246,603,1531,2021,9,0,234,4179,1.0,79,8,3
273,0,1068,2857,3933,603,1530,2014,7,28,309,1328,121.0,79,12,3
274,0,3375,35,3973,251,1530,2020,9,20,25,1094,115.0,29,0,3
275,1,8645,4303,7307,603,1530,2021,13,162,422,5308,5.0,79,17,2
276,1,218,4062,7448,736,1529,2019,11,0,151,2298,1.0,80,5,2
277,0,803,1586,6916,736,1529,2009,12,97,39,4888,182.0,80,0,2
278,0,1006,1190,7017,603,1529,2021,8,218,288,3600,98.0,79,10,0
280,0,1073,4446,1019,736,1529,2021,11,216,470,8625,96.0,80,27,1
281,0,1664,2887,2696,736,1529,2021,10,154,283,2473,42.0,80,10,0
282,0,1800,2244,3932,718,1529,1990,7,96,17,5557,181.0,79,0,3
283,0,3196,2590,2084,212,1529,2018,9,3,217,6520,100.0,22,7,3
284,0,3918,274,6031,603,1529,2019,13,122,125,7745,22.0,79,4,2
285,0,5711,472,1929,603,1529,1988,8,43,174,5377,134.0,79,6,3
286,0,6206,1586,6626,736,1529,2011,9,91,39,4739,177.0,80,0,3
287,0,6789,2426,2889,656,1529,2006,8,214,192,3324,94.0,79,7,0
288,1,6710,4303,2708,319,1528,2011,9,0,80,4520,1.0,36,2,3
289,0,1003,2143,3585,39,1527,2021,14,206,125,2821,88.0,5,4,0
291,0,1342,2712,7323,603,1527,2016,8,24,199,419,119.0,79,7,3
292,0,1710,899,7679,444,1527,2021,11,10,220,1996,107.0,69,7,2
293,0,2595,3141,937,4,1527,2006,11,17,319,1124,112.0,0,12,2
294,0,2725,4303,1736,736,1527,2021,11,146,197,2936,35.0,80,7,0
295,0,5075,1955,5484,716,1527,2015,8,6,0,6155,103.0,79,0,3
296,0,5293,1878,5597,603,1527,2011,8,210,199,1009,90.0,79,7,0
297,0,7196,3468,5522,251,1527,2021,11,27,375,1262,120.0,29,15,2
298,0,8064,3141,359,99,1527,2008,11,217,319,2168,97.0,11,12,0
299,0,8580,463,7122,212,1527,2014,11,5,375,1847,102.0,22,15,2
300,1,2206,4303,1215,637,1526,2019,11,0,241,4374,1.0,79,8,2
302,0,2667,3518,2592,272,1526,2021,12,9,329,1798,106.0,30,12,2
303,1,6333,4303,1244,637,1526,2018,11,138,400,2851,3.0,79,16,0
304,1,7368,4303,2455,736,1526,2018,11,0,400,6436,1.0,80,16,2
305,1,366,4303,4745,603,1525,2021,11,0,292,3388,1.0,79,11,2
306,0,1113,3897,6196,319,1525,2020,9,24,375,5099,119.0,36,15,3
307,1,1334,4303,3052,603,1525,2021,12,0,446,5463,1.0,79,21,2
308,1,2724,4303,1097,603,1525,2021,9,0,461,3886,1.0,79,23,1
309,0,4291,1821,3565,736,1525,2019,11,202,326,7767,84.0,80,12,0
310,1,8225,4303,5333,603,1525,2021,9,110,510,6797,2.0,79,32,1
311,0,1218,4279,1093,603,1524,2021,10,172,470,2875,58.0,79,27,1
313,0,4321,469,7246,58,1524,2020,9,210,281,1354,90.0,10,10,0
314,0,5429,1026,7246,506,1524,2021,9,12,284,2098,109.0,78,10,3
315,0,5791,4200,5844,251,1524,2021,9,53,326,793,143.0,29,12,3
316,1,8766,4303,7246,251,1523,2020,11,0,412,3089,1.0,29,16,2
317,0,7025,1733,7285,603,1522,2013,8,17,359,7878,112.0,79,13,3
318,0,7026,1733,5568,94,1522,2016,8,43,345,1831,134.0,10,13,3
319,1,8379,4303,6701,435,1522,2021,9,0,410,3367,1.0,67,16,3
320,0,1579,1609,6602,483,1521,2020,11,30,199,3853,123.0,73,7,2
321,0,2392,4303,1734,506,1521,2021,9,147,197,6217,36.0,78,7,0
322,0,5260,781,5475,603,1521,2018,7,30,344,4321,123.0,79,12,3
324,0,8461,3762,2464,736,1521,2020,10,172,283,3583,58.0,80,10,0
325,0,3271,1675,6127,589,1520,2021,8,23,226,276,118.0,78,7,3
326,0,4191,2266,6610,251,1520,2020,9,211,319,6713,91.0,29,12,0
327,0,5449,2484,7246,737,1520,2017,12,192,281,4989,76.0,81,10,0
328,1,5488,4153,4576,251,1520,2021,11,0,412,3989,1.0,29,16,2
329,1,8149,4303,2678,212,1520,2021,11,0,405,4593,1.0,22,16,2
330,0,2169,3326,6566,251,1519,2019,11,217,199,4186,97.0,29,7,0
331,1,3030,4303,1362,435,1519,2021,9,0,393,5354,1.0,67,16,3
332,0,5076,160,3174,603,1519,2018,9,203,345,669,85.0,79,13,0
333,1,6360,4303,1358,435,1519,2021,9,0,405,2440,1.0,67,16,3
336,1,7985,4303,6909,736,1519,2021,11,0,80,902,1.0,80,2,2
337,1,487,4303,7472,603,1518,2021,11,0,291,8548,1.0,79,11,2
338,1,895,4303,6649,506,1518,2021,11,0,109,1054,1.0,78,3,2
339,1,4503,4303,6791,603,1518,2021,9,151,298,6228,4.0,79,11,0
340,0,7524,1623,7246,603,1518,2018,12,212,274,7421,92.0,79,10,0
341,0,577,498,879,603,1517,2021,12,48,121,8434,139.0,79,4,2
342,0,696,4353,271,251,1517,2002,9,75,22,308,162.0,29,0,3
343,1,2787,4303,1423,603,1517,2020,11,138,260,7229,3.0,79,8,0
344,0,7671,879,1082,603,1517,2017,6,212,127,1951,92.0,79,4,0
345,1,1155,4303,6098,506,1516,2021,14,151,433,6725,4.0,78,17,2
347,0,4907,885,4405,603,1516,2018,9,204,513,7780,86.0,79,35,1
348,1,7034,4303,3943,603,1516,2021,9,0,487,5184,1.0,79,30,1
349,0,4969,1515,2826,368,1515,2021,9,10,200,2387,107.0,49,7,3
350,0,4697,1598,2685,506,1514,2020,11,203,320,960,85.0,78,12,0
351,1,1268,4303,7246,603,1513,2021,9,0,446,4859,1.0,79,21,3
352,1,1417,4303,1688,603,1513,2005,11,110,487,6482,2.0,79,30,1
353,0,2971,2618,1603,444,1513,2021,11,201,470,3967,83.0,69,27,1
354,0,4816,4358,5712,251,1513,2019,11,7,329,2621,104.0,29,12,2
355,1,4954,4303,5142,506,1513,2021,10,0,104,3191,1.0,78,3,3
356,0,8027,2791,4137,603,1513,2021,9,21,230,6005,116.0,79,7,3
358,0,8678,1198,7287,342,1513,2021,14,205,121,520,87.0,44,4,0
359,1,1340,4303,4386,337,1512,2019,11,0,244,4407,1.0,41,8,2
360,1,2192,4303,4798,342,1512,2016,11,0,252,3711,1.0,44,8,2
361,0,2858,817,6642,444,1512,2018,9,211,200,35,91.0,69,7,0
362,0,4002,2916,5926,272,1512,2020,9,24,329,8468,119.0,30,12,3
363,0,4570,429,2056,603,1512,2012,8,5,322,1837,102.0,79,12,3
364,0,5794,118,5170,470,1512,2021,11,204,375,7441,86.0,70,15,0
365,0,6514,1296,159,394,1512,2021,9,5,220,184,102.0,55,7,3
366,0,7958,429,76,603,1512,2008,11,218,288,3490,98.0,79,10,0
367,1,1728,1909,7246,603,1511,2021,11,0,234,6636,1.0,79,8,2
369,0,7510,2107,2660,162,1511,2021,11,219,217,4395,99.0,20,7,0
370,0,7909,598,1165,603,1511,2019,6,11,337,1201,108.0,79,12,3
371,1,2474,4303,7246,603,1510,1945,11,0,512,6819,1.0,79,34,1
372,1,3300,4303,5030,603,1509,2008,10,110,433,287,2.0,79,17,1
373,0,8442,4208,3477,620,1509,2016,8,19,197,739,114.0,79,7,3
374,0,4718,1572,6588,105,1508,2020,9,7,52,5048,104.0,12,0,3
375,1,7734,4303,3241,603,1507,2020,11,138,264,8074,3.0,79,8,0
376,0,1072,2746,1019,162,1506,2017,11,206,470,7391,88.0,20,27,1
377,0,2055,2923,2843,36,1506,2017,12,7,319,2536,104.0,3,12,2
378,1,2892,4303,158,444,1506,2021,11,110,241,2509,2.0,69,8,2
380,1,3432,4303,4619,45,1506,2021,11,0,244,1605,1.0,6,8,2
381,0,4105,2056,1323,483,1506,2020,9,30,326,395,123.0,73,12,3
382,0,4365,3695,7648,603,1506,2021,8,9,318,2524,106.0,79,12,3
383,0,6468,1900,6702,435,1506,2021,11,47,39,2968,138.0,67,0,2
384,0,6592,2843,7246,603,1506,2021,8,18,274,4530,113.0,79,10,3
385,0,7388,3575,5948,302,1506,2020,11,10,329,4317,107.0,34,12,2
386,0,7922,1490,4665,105,1506,2021,9,42,52,7865,133.0,12,0,3
387,0,450,1741,3597,394,1505,2020,11,217,200,546,97.0,55,7,0
388,0,1043,1225,5899,447,1505,2020,11,21,52,661,116.0,69,0,2
389,1,2452,4303,3796,603,1505,2021,11,0,462,2797,1.0,79,23,1
391,1,5333,4303,554,121,1505,2012,11,0,241,3965,1.0,13,8,2
392,1,5559,4303,7492,603,1505,2018,14,110,422,821,2.0,79,17,2
393,0,5294,3071,311,342,1504,2020,12,30,312,4779,123.0,44,12,2
394,1,7990,4303,7184,603,1504,2021,11,110,472,4100,2.0,79,28,1
395,0,954,1058,1378,603,1503,1997,7,207,20,5783,89.0,79,0,0
396,1,3009,4303,429,58,1503,2019,9,37,498,6188,13.0,10,31,1
397,1,4202,4303,3692,603,1503,2018,9,0,465,6794,1.0,79,23,1
398,1,4850,4303,3797,603,1503,2018,9,0,497,4172,1.0,79,30,1
399,0,5904,3752,1142,506,1503,2019,11,213,309,3752,93.0,78,12,0
400,0,6302,2671,4246,603,1503,2010,8,48,513,98,139.0,79,35,1
402,0,6885,3594,3081,590,1503,2008,8,17,332,1222,112.0,78,12,3
403,1,7267,3476,1629,388,1503,2020,11,0,393,258,1.0,54,16,2
404,1,7848,4303,2724,603,1503,2019,9,0,510,2500,1.0,79,32,1
405,1,8083,4303,1492,89,1503,2015,12,185,433,4143,7.0,10,17,0
406,1,8750,4303,3970,603,1503,2019,9,110,464,7566,2.0,79,23,1
407,0,8756,2006,3475,603,1503,2005,6,4,149,798,101.0,79,4,3
408,1,8762,4303,7246,162,1503,2019,14,110,433,8771,2.0,20,17,2
409,0,2397,2591,3340,400,1502,2020,7,18,310,4298,113.0,56,12,3
410,0,3022,1480,490,603,1502,2018,8,207,345,1019,89.0,79,13,0
411,0,912,2452,3097,444,1501,2021,11,10,52,7984,107.0,69,0,2
413,0,2444,2093,3845,603,1501,2021,6,30,125,4394,123.0,79,4,3
414,0,7091,3914,1197,506,1501,2021,7,18,326,5552,113.0,78,12,3
415,1,8472,4303,7246,603,1501,2021,9,0,291,44,1.0,79,11,3
416,0,3645,3070,77,272,1500,2021,12,210,141,1112,90.0,30,4,0
417,1,112,4303,2113,492,1499,2021,11,0,416,5991,1.0,75,16,2
418,0,319,1864,4098,603,1499,2021,9,166,284,7420,52.0,79,10,0
419,1,721,4303,7668,603,1499,2021,11,110,488,76,2.0,79,30,1
420,0,3810,1860,7178,251,1499,2020,11,34,199,7863,127.0,29,7,2
421,1,5307,4303,1163,603,1499,2018,11,151,459,7010,4.0,79,23,1
422,0,5433,1445,5175,30,1499,2021,9,215,138,2535,95.0,1,4,0
424,0,1060,3083,1020,368,1498,2018,9,28,326,6264,121.0,49,12,3
425,1,2752,4303,4946,718,1498,2021,13,0,422,4101,1.0,79,17,2
426,0,3088,1634,354,736,1498,2019,9,11,220,2450,108.0,80,7,3
427,0,6257,759,6684,736,1498,2019,12,5,329,7614,102.0,80,12,2
428,1,1102,4303,7246,58,1497,2021,9,110,385,6360,2.0,10,16,3
429,1,1278,4303,7564,435,1497,2021,9,138,238,6306,3.0,67,8,0
430,1,1921,4303,5237,319,1497,2019,9,0,80,1592,1.0,36,2,3
431,0,6413,4523,6121,399,1497,2020,11,215,218,7579,95.0,56,7,0
432,0,7547,3195,6162,643,1497,2010,7,42,344,8282,133.0,79,12,3
433,0,7883,3413,113,271,1497,2021,8,34,309,6467,127.0,29,12,3
435,0,2579,3025,4560,603,1496,2020,8,215,185,937,95.0,79,7,0
436,0,7719,3023,1527,558,1496,2020,8,4,309,2573,101.0,78,12,3
437,0,1756,3352,6551,603,1495,2020,8,30,309,2790,123.0,79,12,3
438,1,1840,4303,4414,342,1495,2021,11,0,399,1956,1.0,44,16,2
439,0,6314,844,4487,603,1495,2020,9,207,513,481,89.0,79,35,1
440,1,6512,4303,7246,603,1495,2021,11,0,300,6693,1.0,79,11,2
441,1,3028,4303,4440,603,1494,2021,13,151,422,2710,4.0,79,17,2
442,0,3135,1378,3079,603,1493,2013,8,3,0,8119,100.0,79,0,3
443,0,210,1679,4263,585,1492,2016,7,11,341,5644,108.0,78,12,3
444,0,1896,948,4516,716,1492,2020,8,214,345,8615,94.0,79,13,0
447,0,5700,2501,3373,603,1492,2018,9,6,318,8383,103.0,79,12,3
448,1,1084,4303,7246,603,1491,2021,11,0,446,3707,1.0,79,21,2
449,1,1359,4303,2449,603,1491,2021,14,151,440,742,4.0,79,17,2
450,1,2005,4303,45,603,1491,2021,9,138,478,5746,3.0,79,29,1
451,0,2064,861,4537,45,1491,2020,10,8,127,8465,105.0,6,4,3
452,1,3035,4303,2879,603,1491,2016,10,138,433,824,3.0,79,17,0
453,0,5311,2856,667,248,1491,2021,8,21,0,4665,116.0,27,0,3
454,0,5435,1199,7116,603,1491,2014,6,212,125,3426,92.0,79,4,0
455,0,5482,645,3335,707,1491,2019,13,180,121,5073,65.0,79,4,0
456,1,7465,4303,3070,621,1491,2020,11,162,502,8176,5.0,79,31,1
458,0,7855,3241,7033,603,1491,2020,8,20,513,8390,115.0,79,35,1
459,0,8150,3462,3687,251,1491,2021,11,216,326,8201,96.0,29,12,0
460,0,8534,3623,5163,603,1491,2021,9,143,274,4756,32.0,79,10,0
461,0,8628,4057,3697,435,1491,2021,12,5,327,6095,102.0,67,12,2
462,0,6742,1529,5931,272,1490,2011,11,5,326,4489,102.0,30,12,2
463,0,7248,712,961,272,1490,2020,9,4,200,3109,101.0,30,7,3
464,0,537,1731,6637,603,1489,2017,8,187,344,4116,71.0,79,12,0
465,1,5052,4182,7246,603,1489,2021,11,0,234,2786,1.0,79,8,2
466,0,397,1317,6085,2,1488,2019,11,199,375,5223,81.0,0,15,0
467,0,1520,775,1392,736,1488,2021,11,218,470,4788,98.0,80,27,1
469,1,3991,2109,1811,506,1488,2020,11,151,116,7577,4.0,78,3,0
470,0,1703,3962,7246,603,1487,2021,11,210,274,199,90.0,79,10,0
471,0,7312,3106,2323,162,1487,2011,8,17,200,4581,112.0,20,7,3
472,0,610,3318,235,251,1485,2005,9,74,326,5792,161.0,29,12,3
473,0,1114,3601,69,251,1485,2005,9,36,220,8252,129.0,29,7,3
474,0,1427,3624,7495,87,1485,2021,14,203,125,5553,85.0,10,4,0
475,0,1718,4303,7246,603,1485,2021,9,49,274,409,14.0,79,10,3
476,0,2650,3318,232,251,1485,2003,11,58,326,5728,148.0,29,12,2
477,1,3399,4303,5578,506,1485,2021,11,162,96,4973,5.0,78,3,0
478,0,3451,3602,7059,254,1485,2018,11,219,319,1466,99.0,29,12,0
480,1,4585,4303,6832,251,1485,2021,13,0,433,8660,1.0,29,17,2
481,1,5590,4303,2293,603,1485,2021,9,0,291,7681,1.0,79,11,3
482,0,6604,4303,2112,492,1485,2021,11,217,200,3453,97.0,75,7,0
483,1,7286,2535,4953,444,1485,2021,9,110,82,135,2.0,69,2,3
484,0,26,1777,606,272,1484,2020,9,4,326,1842,101.0,30,12,3
485,0,4008,1212,1113,173,1484,2016,6,207,125,4025,89.0,20,4,0
486,0,5474,2302,7271,68,1484,2020,8,35,309,598,128.0,10,12,3
487,0,5749,141,3566,736,1483,2021,11,192,283,6583,76.0,80,10,0
488,1,6668,4303,7246,603,1483,2021,11,0,297,7710,1.0,79,11,2
489,0,8065,1298,7157,162,1483,2020,9,219,284,7028,99.0,20,10,0
491,1,3096,4303,5313,603,1482,2021,11,0,306,5455,1.0,79,11,2
492,1,4963,4303,5447,350,1482,2021,12,138,387,6556,3.0,44,16,2
493,0,3027,3931,6249,251,1481,1999,9,33,25,1958,126.0,29,0,3
494,1,3859,4303,5501,736,1481,2020,10,0,292,688,1.0,80,11,2
495,1,5651,4303,7246,603,1481,2019,9,0,291,7115,1.0,79,11,3
496,0,5501,1360,2423,603,1480,2012,7,9,231,1307,106.0,79,7,3
497,0,651,1512,520,370,1479,2020,9,4,25,8356,101.0,50,0,3
498,0,762,1831,3458,603,1478,2014,11,205,185,6561,87.0,79,7,0
499,0,1369,784,5923,621,1478,2009,8,16,359,806,111.0,79,13,3
500,1,1611,4303,5838,603,1478,2021,9,138,476,3180,3.0,79,29,1
502,1,2096,4303,7246,603,1478,2021,10,110,446,3326,2.0,79,21,1
503,0,2159,3563,1956,603,1478,1987,8,210,470,7140,90.0,79,27,1
504,0,2602,1824,6880,603,1478,2020,13,211,144,8561,91.0,79,4,0
505,0,2720,3618,7265,603,1478,2013,7,4,318,1972,101.0,79,12,3
506,0,2785,608,3889,603,1478,1997,6,216,125,8679,96.0,79,4,0
507,0,2788,1829,1395,603,1478,2009,7,216,274,2988,96.0,79,10,0
508,1,3001,4303,563,603,1478,2021,10,0,300,4137,1.0,79,11,2
509,0,3417,3802,2061,603,1478,2007,8,58,38,1430,148.0,79,0,3
510,1,3547,4303,590,603,1478,2017,11,0,468,6986,1.0,79,25,1
511,0,4162,2641,1529,506,1478,2017,8,216,0,1617,96.0,78,0,0
513,0,4501,2756,4823,603,1478,2011,7,218,185,6543,98.0,79,7,0
514,1,4685,4303,2833,342,1478,2021,11,110,400,1540,2.0,44,16,2
515,0,4920,1107,637,603,1478,1988,8,7,199,4482,104.0,79,7,3
516,1,5967,4303,4000,736,1478,2020,14,0,433,7683,1.0,80,17,2
517,1,6984,4247,4720,85,1478,2014,13,0,422,6392,1.0,10,17,2
518,0,7032,1845,1713,603,1478,2019,9,167,274,5421,53.0,79,10,0
519,1,7241,4303,426,603,1478,2013,10,110,435,6099,2.0,79,17,1
520,0,7502,4303,7246,603,1478,2021,9,168,274,6752,54.0,79,10,0
521,0,8294,1780,4281,548,1478,2011,7,18,64,5181,113.0,78,0,3
522,0,8521,2276,1263,435,1478,2021,11,5,217,8643,102.0,67,7,2
524,0,8543,2359,3453,603,1478,1993,7,23,175,4410,118.0,79,6,3
525,0,404,3867,4710,603,1477,2017,11,201,333,7384,83.0,79,12,0
526,0,941,4303,3222,736,1477,2020,11,193,470,3922,77.0,80,27,1
527,0,1129,3712,7319,251,1477,2014,9,21,200,8658,116.0,29,7,3
528,1,1503,4303,3977,603,1477,2020,9,151,507,5266,4.0,79,32,1
529,0,6751,376,5510,272,1477,2020,12,21,37,7697,116.0,30,0,2
530,0,8067,3663,726,272,1477,2019,9,9,200,7689,106.0,30,7,3
531,1,936,4303,2923,603,1476,2020,10,0,446,3167,1.0,79,21,2
532,1,1820,4303,7479,603,1476,2019,11,0,265,5851,1.0,79,8,2
533,1,2270,4303,1608,148,1476,2020,11,0,421,4126,1.0,17,16,2
535,1,6054,850,7246,302,1476,2020,11,0,235,2171,1.0,34,8,2
536,1,6558,4303,2287,506,1476,2018,9,208,93,5954,9.0,78,3,0
537,0,7690,2428,4210,483,1476,2020,11,8,350,1651,105.0,73,13,2
538,1,8121,4303,2954,736,1476,2020,14,0,75,8439,1.0,80,2,2
539,1,203,4303,4004,435,1475,2020,12,0,393,5241,1.0,67,16,2
540,0,1684,387,7071,603,1475,2020,7,197,309,2459,8.0,79,12,0
541,0,5742,1454,3452,621,1475,2011,6,15,125,8177,110.0,79,4,3
542,0,1897,115,6308,603,1474,2020,11,187,185,2615,71.0,79,7,0
543,1,6030,4303,2857,416,1474,2019,11,0,244,169,1.0,61,8,2
544,0,1771,2748,4819,163,1473,2020,11,211,326,4080,91.0,20,12,0
546,1,5807,4303,7246,251,1473,2020,12,110,292,4200,2.0,29,11,2
547,0,7462,3500,4973,58,1473,2020,13,158,121,5385,46.0,10,4,0
548,0,281,4356,598,251,1472,2020,11,12,200,1650,109.0,29,7,2
549,1,1223,4303,146,603,1472,2020,11,0,462,6530,1.0,79,23,1
550,0,3452,3334,4536,388,1472,2019,10,5,369,8104,102.0,54,15,2
551,0,8475,3559,7519,603,1472,2020,6,4,125,8084,101.0,79,4,3
552,0,1222,260,3253,272,1471,2019,11,214,200,1793,94.0,30,7,0
553,0,1395,4453,5996,272,1471,2018,10,15,141,1719,110.0,30,4,3
554,0,3029,685,3806,388,1471,2019,9,22,329,4380,117.0,54,12,3
555,0,7256,1977,5353,603,1470,2012,9,203,24,2239,85.0,79,0,0
558,0,7497,1407,2404,603,1470,2020,7,24,309,4631,119.0,79,12,3
559,0,8734,2447,1977,483,1470,2020,11,20,327,4350,115.0,73,12,2
560,0,354,3597,3520,603,1469,2020,8,8,337,6373,105.0,79,12,3
561,0,4163,2311,4347,603,1469,2020,11,183,470,2758,68.0,79,27,1
562,1,4250,4303,3268,435,1469,2020,9,0,393,4139,1.0,67,16,3
563,0,5652,876,4887,354,1469,2020,9,171,443,6042,57.0,47,20,1
564,1,5849,4303,4442,603,1469,2020,13,0,422,5244,1.0,79,17,2
565,1,6249,4303,3433,530,1469,2016,13,110,111,5066,2.0,78,3,2
566,0,6251,1789,3661,506,1469,2020,13,136,125,1256,28.0,78,4,2
567,1,8016,4303,3767,506,1469,2010,13,0,110,6834,1.0,78,3,2
569,0,626,3192,728,603,1468,2020,11,218,288,2479,98.0,79,10,0
570,0,7019,1718,7240,718,1468,2018,8,215,185,7575,95.0,79,7,0
571,0,4673,2930,5084,150,1467,2019,9,216,217,699,96.0,18,7,0
572,0,5850,4171,5934,506,1467,2020,11,181,470,5884,66.0,78,27,1
573,0,664,1981,6287,603,1466,2012,7,17,309,8648,112.0,79,12,3
574,1,1969,4303,5392,426,1465,2019,11,0,244,924,1.0,66,8,2
575,0,2861,3699,5613,603,1465,2020,8,202,185,6639,84.0,79,7,0
576,1,3133,4303,2781,370,1465,2020,11,110,393,7285,2.0,50,16,2
577,0,4301,1406,7366,603,1465,2020,8,214,335,6367,94.0,79,12,0
578,0,4302,4303,2467,736,1465,2020,12,143,288,7672,32.0,80,10,0
580,0,4809,4461,5089,338,1465,2006,12,218,127,8435,98.0,42,4,0
581,1,5331,4039,3689,251,1465,2020,11,0,412,2695,1.0,29,16,2
582,0,5691,4461,4472,338,1465,2004,12,203,319,488,85.0,42,12,0
583,0,6731,4461,4523,338,1465,2009,9,27,329,6694,120.0,42,12,3
584,0,542,2083,691,121,1464,2020,9,201,200,2221,83.0,13,7,0
585,0,1202,2434,3066,58,1464,2018,8,214,0,676,94.0,10,0,0
586,0,2173,2988,5113,272,1464,2019,9,5,329,6008,102.0,30,12,3
587,0,4228,350,3587,388,1464,2017,9,16,220,4603,111.0,54,7,3
588,1,4744,4303,7246,354,1464,2020,13,110,110,5193,2.0,47,3,2
589,1,5965,4303,7547,435,1464,2020,11,0,393,7658,1.0,67,16,2
591,0,6028,1687,4821,388,1464,2019,9,210,369,222,90.0,54,15,0
592,1,6123,181,541,603,1464,2020,11,0,472,3028,1.0,79,28,1
593,0,7879,1263,802,736,1464,2019,12,16,329,1559,111.0,80,12,2
594,1,579,290,608,45,1463,2020,11,0,292,4825,1.0,6,11,2
595,1,722,3300,7246,736,1463,2020,11,0,304,6146,1.0,80,11,2
596,0,1282,2120,1952,389,1463,2012,11,15,327,4088,110.0,54,12,2
597,1,3193,4303,7246,426,1463,2020,11,0,410,5751,1.0,66,16,2
598,0,3359,573,25,603,1463,2016,7,205,359,2425,87.0,79,13,0
599,0,4016,2381,2289,603,1463,2013,7,41,309,6599,132.0,79,12,3
600,1,4449,4303,5994,686,1463,2011,9,0,80,5211,1.0,79,2,3
602,1,4450,4303,7176,319,1463,2011,9,0,80,1379,1.0,36,2,3
603,0,5095,4223,488,603,1463,2016,8,22,344,5810,117.0,79,12,3
604,1,7679,1174,7246,506,1463,2020,11,0,96,4656,1.0,78,3,2
605,0,8386,4371,7370,251,1463,2020,11,164,470,6193,50.0,29,27,1
606,1,1051,4303,1249,603,1462,2014,9,110,446,2656,2.0,79,21,1
607,0,2854,2891,917,58,1462,2018,8,9,324,543,106.0,10,12,3
608,1,5634,4303,1413,603,1462,2020,13,110,433,4021,2.0,79,17,2
609,1,6447,4303,2730,603,1462,2020,11,110,291,4038,2.0,79,11,2
610,1,6775,4303,3173,603,1462,2011,9,110,446,6572,2.0,79,21,1
611,1,6988,4303,3016,603,1462,2006,9,110,446,5820,2.0,79,21,1
613,0,7635,1259,4842,284,1462,2019,9,32,318,8534,125.0,32,12,3
614,0,154,3862,4178,603,1461,2020,7,10,230,8594,107.0,79,7,3
615,1,3083,4303,889,520,1461,2021,14,110,422,3581,2.0,78,17,2
616,1,8022,4303,4174,603,1461,2020,11,0,501,8111,1.0,79,31,1
617,0,7541,4303,1733,603,1460,2020,11,173,185,3157,59.0,79,7,0
618,1,1497,4303,4519,328,1459,2020,9,0,416,2156,1.0,40,16,3
619,1,2855,4303,5673,162,1459,2018,13,110,433,6260,2.0,20,17,2
620,0,252,1138,2686,736,1458,2020,13,136,121,7781,28.0,80,4,2
621,0,1337,1328,7246,603,1458,2020,3,209,138,1616,9.0,79,4,3
622,0,2742,1714,7367,603,1458,2020,7,211,274,6106,91.0,79,10,0
624,1,7491,4303,2827,444,1458,2020,11,0,400,1173,1.0,69,16,2
625,0,7636,3648,4868,603,1458,2020,7,41,225,544,132.0,79,7,3
626,0,8080,1438,6341,251,1458,2020,11,42,331,2673,133.0,29,12,2
627,1,427,4303,3913,319,1457,2020,11,0,407,2235,1.0,36,16,2
628,0,2611,1046,1059,86,1457,2020,11,12,333,1129,109.0,10,12,2
629,1,2614,2344,1132,736,1457,2020,9,0,244,6252,1.0,80,8,3
630,0,3657,4156,2118,388,1457,2016,10,10,369,2420,107.0,54,15,2
631,0,6262,2522,875,388,1457,2013,9,16,329,8231,111.0,54,12,3
632,0,7584,2120,5515,388,1457,2019,11,11,218,7209,108.0,54,7,2
633,0,3703,2120,2006,388,1456,2019,11,8,319,6291,105.0,54,12,2
635,1,4468,4303,4557,412,1456,2013,9,151,409,7248,4.0,60,16,0
636,1,5213,4303,6152,150,1456,2019,9,0,394,3631,1.0,18,16,3
637,0,5946,4085,2010,302,1456,2020,9,24,200,2358,119.0,34,7,3
638,1,6907,4303,5603,603,1456,2020,10,110,433,3800,2.0,79,17,1
639,1,7133,4303,5608,603,1456,2020,12,138,436,21,3.0,79,17,2
640,1,7785,4303,7246,603,1456,2020,9,0,300,6755,1.0,79,11,3
641,0,558,2074,550,419,1455,2020,12,7,281,2571,104.0,63,10,2
642,0,1127,2294,3188,603,1455,2020,6,201,125,1176,83.0,79,4,0
643,0,2239,4303,2057,45,1455,2020,11,210,283,2808,90.0,6,10,0
644,1,3642,4303,5389,326,1455,2019,12,0,394,3226,1.0,39,16,2
646,1,4787,4303,2358,603,1455,2020,9,138,497,4181,3.0,79,30,1
647,0,6490,524,425,603,1455,2020,14,195,121,5057,79.0,79,4,0
648,0,6648,3991,2047,736,1455,2020,13,130,121,7783,24.0,80,4,2
649,0,8157,1962,1228,603,1455,2016,8,20,344,542,115.0,79,12,3
650,1,20,4303,1873,435,1454,2018,9,0,394,7640,1.0,67,16,3
651,0,685,4127,3243,603,1454,2020,8,217,36,2305,97.0,79,0,0
652,1,4391,4303,1174,736,1454,2020,9,0,264,3221,1.0,80,8,3
653,1,5937,1707,7246,162,1454,2020,11,0,235,6974,1.0,20,8,2
654,1,1945,4033,4269,483,1453,2020,11,0,413,1238,1.0,73,16,2
655,0,4581,827,3112,58,1453,2020,13,133,121,6421,26.0,10,4,2
657,1,970,4303,6875,251,1452,2020,11,0,393,3547,1.0,29,16,2
658,1,996,4303,5298,603,1452,2020,11,151,487,6352,4.0,79,30,1
659,0,1344,1215,5200,603,1452,2020,14,158,125,2995,46.0,79,4,2
660,0,1528,1070,4045,212,1452,2020,11,9,223,711,106.0,22,7,2
661,1,3823,4303,6617,426,1452,2020,11,0,244,6420,1.0,66,8,2
662,0,4056,4303,1780,492,1452,2020,11,18,217,973,113.0,75,7,2
663,0,4292,979,2378,603,1452,2020,8,42,318,22,133.0,79,12,3
664,1,7217,4303,5586,736,1452,2020,11,138,114,3183,3.0,80,3,0
665,0,8713,220,406,603,1452,2020,12,213,138,1721,93.0,79,4,0
666,0,951,1769,2418,388,1451,2019,9,11,329,465,108.0,54,12,3
669,0,1205,2577,6210,165,1451,2018,11,216,200,1661,96.0,20,7,0
670,0,1492,946,6032,736,1451,2020,13,131,121,6403,25.0,80,4,2
671,0,3651,3569,4190,45,1451,2020,11,4,217,6275,101.0,6,7,2
672,0,4832,877,3809,388,1451,2013,9,9,200,8033,106.0,54,7,3
673,1,431,4303,7246,506,1450,2020,12,0,100,2465,1.0,78,3,2
674,0,624,424,724,249,1450,2020,11,168,470,4710,54.0,28,27,1
675,1,1439,4303,2162,272,1450,2020,9,110,410,7886,2.0,30,16,3
676,0,2427,329,3762,394,1450,2020,11,23,200,515,118.0,55,7,2
677,0,2991,4303,2656,212,1450,2020,11,172,470,4889,58.0,22,27,1
678,0,81,2749,3930,652,1449,2014,7,22,0,1218,117.0,79,0,3
680,0,567,883,4406,603,1449,2020,13,160,121,8589,48.0,79,4,0
681,0,569,3617,7106,682,1449,2009,7,48,513,57,139.0,79,35,1
682,1,621,4303,6175,603,1449,2014,9,110,446,3232,2.0,79,21,1
683,0,1445,2006,3472,603,1449,2014,8,20,211,1874,115.0,79,7,3
684,0,2172,3490,1573,506,1449,2014,7,12,329,7411,109.0,78,12,3
685,1,2812,4303,1815,460,1449,2018,13,0,422,3831,1.0,69,17,2
686,1,3385,4303,1692,603,1449,2012,9,110,446,6361,2.0,79,21,1
687,0,4714,1431,5041,603,1449,2006,6,211,125,1254,91.0,79,4,0
688,0,4993,3277,5218,603,1449,2020,11,175,185,7393,60.0,79,7,0
689,1,5145,4303,3865,679,1449,2015,13,151,110,1177,4.0,79,3,0
691,1,5151,4303,5139,578,1449,2017,13,0,433,6040,1.0,78,17,2
692,0,5439,3305,3190,246,1449,2018,8,5,0,1833,102.0,26,0,3
693,0,5674,3917,7124,30,1449,1990,7,27,0,2057,120.0,1,0,3
694,1,6532,4303,5958,621,1449,2006,11,1,158,6213,10.0,79,5,2
695,1,6877,4303,7246,603,1449,2010,9,0,447,2783,1.0,79,21,3
696,0,7048,3617,7104,689,1449,2006,7,59,513,8361,149.0,79,35,1
697,1,7230,4303,3990,435,1449,2018,9,0,418,2863,1.0,67,16,3
698,0,7235,601,4854,633,1449,2018,8,211,20,4516,91.0,79,0,0
699,1,7259,4303,7246,603,1449,2020,12,0,291,7636,1.0,79,11,2
700,1,7667,4303,7246,506,1449,2018,12,0,114,3507,1.0,78,3,2
702,0,8231,1067,3985,388,1449,2020,11,219,350,1458,99.0,54,13,0
703,0,2442,2658,3167,388,1448,2020,12,9,326,5533,106.0,54,12,2
704,0,5982,1841,2695,603,1448,2018,8,11,513,1371,108.0,79,35,1
705,0,6499,521,7392,603,1448,2019,13,157,121,7900,45.0,79,4,0
706,0,6821,609,6184,603,1448,2020,11,213,0,87,93.0,79,0,0
707,1,7837,4303,1356,435,1447,2020,9,0,405,5471,1.0,67,16,3
708,0,180,3961,295,603,1446,2020,13,122,121,7875,22.0,79,4,2
709,0,1798,3089,1748,603,1446,2020,12,199,135,6947,81.0,79,4,0
710,0,2054,4522,6082,444,1446,2020,11,218,350,1678,98.0,69,13,0
711,1,2345,4303,7246,251,1446,2020,11,0,385,2924,1.0,29,16,2
713,1,3007,4303,1166,15,1446,1999,9,185,417,280,7.0,1,16,0
714,1,5312,4303,4450,212,1446,2020,11,0,393,3307,1.0,22,16,2
715,1,6619,4303,2757,603,1446,2020,9,110,446,4996,2.0,79,21,1
716,0,6893,2480,2209,302,1446,2020,11,3,52,7350,100.0,34,0,2
717,0,6976,2380,5539,435,1446,2020,11,17,375,3101,112.0,67,15,2
718,0,2373,470,7295,388,1445,2018,12,19,218,6643,114.0,54,7,2
719,0,3978,612,4150,603,1445,2020,9,183,470,8602,68.0,79,27,1
720,0,4755,2722,6817,603,1445,2020,11,6,39,1857,103.0,79,0,2
721,0,8286,685,6576,388,1445,2017,9,28,220,851,121.0,54,7,3
722,0,2713,1196,1080,506,1444,2020,8,215,345,3694,95.0,78,13,0
724,1,2835,4303,1333,319,1444,2020,11,110,77,6288,2.0,36,2,0
725,0,6254,3192,6586,589,1444,2020,12,205,443,4566,87.0,78,20,1
726,0,7000,757,4093,58,1444,2020,6,20,125,7629,115.0,10,4,3
727,0,556,4310,7363,736,1443,2020,9,86,353,2520,171.0,80,13,3
728,0,557,4310,7363,251,1443,2020,9,86,353,2520,171.0,29,13,3
729,1,888,452,1585,368,1443,2015,11,0,393,3830,1.0,49,16,2
730,0,2091,1471,5368,603,1443,2020,13,158,125,6141,46.0,79,4,0
731,0,3084,3617,487,603,1443,2020,8,22,309,2452,117.0,79,12,3
732,0,5109,672,7259,2,1443,2020,11,202,326,2757,84.0,0,12,0
733,1,8337,4303,119,150,1443,2020,9,0,410,2608,1.0,18,16,3
735,0,2943,2705,3232,603,1442,2020,8,218,0,7822,98.0,79,0,0
736,0,6253,1461,6586,603,1442,2020,11,201,288,5638,83.0,79,10,0
737,1,6599,4303,4028,435,1442,2017,11,0,394,7514,1.0,67,16,2
738,0,7779,2903,6935,150,1442,2018,9,217,25,1602,97.0,18,0,0
739,0,2032,1042,1876,603,1441,2020,12,219,148,5963,99.0,79,4,0
740,0,4306,3559,1669,703,1441,2013,8,11,0,5128,108.0,79,0,3
741,0,97,4335,6034,324,1440,2019,9,213,375,8400,93.0,38,15,0
742,0,432,3979,3955,603,1440,2020,13,154,121,1408,42.0,79,4,0
743,1,2482,4303,7524,105,1440,2020,10,138,292,3193,3.0,12,11,0
744,1,3006,4303,669,736,1440,2019,9,0,412,2666,1.0,80,16,3
746,0,3314,4417,7246,603,1440,2020,6,38,309,4079,13.0,79,12,3
747,1,4636,4303,5699,251,1440,2020,11,0,393,1596,1.0,29,16,2
748,0,6861,2913,2919,603,1440,2020,12,179,125,1186,64.0,79,4,0
749,1,8400,4303,5652,603,1440,2020,12,0,297,4792,1.0,79,11,2
750,0,1047,362,5614,251,1439,2004,11,75,326,6837,162.0,29,12,2
751,0,1134,3903,6252,251,1439,2011,9,39,25,4977,130.0,29,0,3
752,0,1206,937,2807,251,1439,2010,9,11,219,2982,108.0,29,7,3
753,0,2987,4327,838,251,1439,2015,9,36,329,4291,129.0,29,12,3
754,0,4840,685,3420,388,1439,2010,9,8,369,8715,105.0,54,15,3
755,0,5734,362,5253,251,1439,2016,11,42,375,256,133.0,29,15,2
757,0,6342,3605,233,251,1439,2011,9,52,39,887,142.0,29,0,3
758,0,6706,3468,458,251,1439,2016,9,35,332,6230,128.0,29,12,3
759,0,7631,2876,7268,603,1439,2020,10,217,127,7766,97.0,79,4,0
760,0,7977,685,6575,388,1439,2018,10,10,200,2619,107.0,54,7,3
761,0,8505,3899,1041,251,1439,2009,9,44,217,5543,135.0,29,7,3
762,1,3114,4303,933,603,1438,2020,10,0,446,4961,1.0,79,21,2
763,0,381,4102,3704,686,1437,2020,12,202,326,1017,84.0,79,12,0
764,0,3760,2409,3936,603,1437,2020,11,186,470,5116,70.0,79,27,1
765,1,6938,4303,2875,603,1437,2020,14,151,433,6386,4.0,79,17,2
766,1,8470,4303,7246,603,1437,2020,11,0,297,3511,1.0,79,11,2
768,0,4251,1827,3362,589,1436,2016,7,31,337,1404,124.0,78,12,3
769,0,8589,3659,7246,603,1436,2017,8,5,274,5730,102.0,79,10,3
770,0,255,2135,878,621,1435,2017,10,202,444,8132,84.0,79,20,1
771,1,489,4303,7222,603,1435,2013,9,110,446,6284,2.0,79,21,1
772,1,959,4303,2150,319,1435,2019,13,0,86,2056,1.0,36,2,2
773,0,1598,831,975,603,1435,2013,6,215,125,4970,95.0,79,4,0
774,0,3139,2135,6388,58,1435,2018,10,202,456,2245,84.0,10,22,1
775,1,5522,4303,2077,92,1435,2021,13,110,422,2065,2.0,10,17,2
776,1,6673,4303,3159,603,1435,2014,9,110,446,4833,2.0,79,21,1
777,1,7039,4303,1465,589,1435,2020,11,151,109,6989,4.0,78,3,0
780,0,8570,2780,1001,603,1435,1954,10,27,123,7573,120.0,79,4,3
781,0,3800,885,2576,603,1434,2019,9,205,513,2445,87.0,79,35,1
782,1,506,4303,2188,603,1433,2019,11,208,508,7157,9.0,79,32,1
783,0,2599,435,7373,251,1433,2020,14,191,125,1610,75.0,29,4,0
784,0,3581,975,2288,603,1433,2020,6,31,148,3175,124.0,79,4,3
785,0,6897,3457,7246,45,1433,2020,12,212,281,2626,92.0,6,10,0
786,0,7417,1140,6715,302,1433,2020,7,215,326,60,95.0,34,12,0
787,1,7504,2692,4432,444,1433,2020,11,0,241,764,1.0,69,8,2
788,0,258,685,3416,388,1432,2008,10,10,369,1884,107.0,54,15,2
789,1,2285,4303,7685,492,1432,2020,11,0,412,552,1.0,75,16,2
791,0,2460,3208,177,388,1432,2018,11,30,329,190,123.0,54,12,2
792,0,2594,3645,4883,603,1432,2013,8,203,318,6996,85.0,79,12,0
793,1,2820,4303,7589,435,1432,2020,11,0,244,8025,1.0,67,8,2
794,0,4272,361,63,251,1432,2020,11,62,200,3932,150.0,29,7,2
795,0,4523,2473,5919,2,1432,2019,11,217,327,7308,97.0,0,12,0
796,0,5618,2999,1109,621,1432,2008,7,206,345,5546,88.0,79,13,0
797,1,226,662,2466,45,1431,2020,9,0,385,4052,1.0,6,16,3
798,1,675,4303,4680,15,1431,2020,11,0,487,3073,1.0,1,30,1
799,1,7415,4303,1055,603,1431,2020,11,0,479,357,1.0,79,29,1
800,1,8147,4303,7246,603,1431,2020,11,0,234,2961,1.0,79,8,2
802,0,8464,4303,7246,329,1431,1979,9,190,281,2016,74.0,40,10,0
803,0,8533,4294,4184,31,1431,2020,11,213,326,259,93.0,2,12,0
804,1,199,4011,7246,603,1430,2006,9,0,512,3681,1.0,79,34,1
805,1,1766,4303,4969,603,1430,2020,9,0,461,5607,1.0,79,23,1
806,1,776,4303,7246,736,1429,2020,14,0,86,3141,1.0,80,2,2
807,1,777,4303,3479,321,1429,2018,12,0,86,3142,1.0,36,2,2
808,0,1562,2325,6989,368,1429,2020,11,63,326,148,151.0,49,12,2
809,1,1695,4303,7246,603,1429,2020,12,0,446,3113,1.0,79,21,2
810,0,2731,4403,7420,483,1429,2020,11,200,326,1662,82.0,73,12,0
811,0,7127,98,693,452,1429,2019,11,58,319,3578,148.0,69,12,2
813,0,7397,2258,3463,603,1429,2016,8,215,185,1026,95.0,79,7,0
814,1,8664,4303,1474,15,1429,2018,11,0,410,4329,1.0,1,16,2
815,0,213,3126,5280,603,1428,2020,11,210,334,2580,90.0,79,12,0
816,0,466,350,4332,388,1428,2019,9,6,329,3415,103.0,54,12,3
817,1,1358,138,7246,2,1428,2020,9,0,235,1344,1.0,0,8,3
818,0,4579,2740,5215,58,1428,2020,10,205,230,5220,87.0,10,7,0
819,0,5238,3637,570,388,1428,2012,9,5,329,8223,102.0,54,12,3
820,0,5258,2672,3758,603,1428,2020,10,216,132,170,96.0,79,4,0
821,1,5379,4303,185,150,1428,2020,9,0,413,1666,1.0,18,16,3
822,0,158,4303,2067,58,1427,2018,10,205,337,253,87.0,10,12,0
824,0,1536,2135,3680,58,1427,2018,12,204,203,301,86.0,10,7,0
825,1,4192,4303,2782,470,1427,2020,11,0,393,733,1.0,70,16,2
826,0,4641,2968,3855,251,1427,2020,12,45,326,7644,136.0,29,12,2
827,0,2417,1747,2257,212,1426,2020,11,175,470,3614,60.0,22,27,1
828,0,4298,4129,4744,319,1426,2020,9,34,326,6073,127.0,36,12,3
829,0,6896,1228,7246,736,1426,2016,12,216,281,5950,96.0,80,10,0
830,0,8685,4303,2520,736,1426,2020,12,61,274,4091,15.0,80,10,2
831,1,1326,4303,5133,58,1425,2020,11,110,410,7204,2.0,10,16,2
832,0,5620,4503,6718,86,1425,2018,8,3,467,415,100.0,10,24,1
833,1,121,4303,7246,603,1424,2019,11,0,446,5835,1.0,79,21,2
835,0,1527,2799,1660,603,1424,2019,12,205,125,6246,87.0,79,4,0
836,1,1854,4303,3010,603,1424,2002,9,174,464,7084,6.0,79,23,1
837,0,2219,700,4254,603,1424,2020,13,136,121,2310,28.0,79,4,2
838,0,2220,700,1047,603,1424,2020,13,134,121,3240,27.0,79,4,2
839,0,2236,1854,3535,58,1424,2018,6,210,121,7723,90.0,10,4,0
840,1,2523,4303,7447,603,1424,2019,9,0,446,2830,1.0,79,21,3
841,1,4006,4303,4189,603,1424,2018,9,138,291,3797,3.0,79,11,0
842,1,3915,4303,7246,603,1424,2019,13,0,422,2649,1.0,79,17,2
843,1,3916,4303,1106,603,1424,2018,13,0,422,171,1.0,79,17,2
844,1,3922,4303,4879,58,1424,2020,14,110,422,8458,2.0,10,17,2
846,1,3923,4303,7355,143,1424,2019,14,1,422,5101,10.0,17,17,2
847,1,3925,4303,3358,648,1424,2019,13,0,433,4413,1.0,79,17,2
848,0,4114,3487,2327,603,1424,1989,6,5,125,2877,102.0,79,4,3
849,0,4597,3237,4685,634,1424,2018,8,214,0,2399,94.0,79,0,0
850,0,5475,3027,1436,603,1424,2018,8,199,325,396,81.0,79,12,0
851,0,6410,3094,3510,539,1424,2016,8,43,344,7148,134.0,78,12,3
852,1,7183,4303,2319,206,1424,2018,13,151,433,5153,4.0,20,17,2
853,1,7205,4303,6687,435,1424,2020,11,0,244,8160,1.0,67,8,2
854,0,7289,1679,5177,466,1424,2012,7,19,309,7399,114.0,69,12,3
855,0,7544,799,5547,603,1424,1994,6,10,42,4369,107.0,79,0,3
857,1,8398,4303,3037,435,1424,2018,9,110,238,304,2.0,67,8,3
858,0,8550,3862,4766,603,1424,2020,8,10,233,7306,107.0,79,7,3
859,1,348,2100,4349,45,1423,2017,12,0,292,6979,1.0,6,11,2
860,0,6818,1533,7032,370,1423,2018,11,39,39,2754,130.0,50,0,2
861,1,8783,4303,161,15,1423,2019,12,0,385,3229,1.0,1,16,2
862,0,3060,3954,7310,603,1422,2019,9,205,325,1352,87.0,79,12,0
863,0,3090,3454,7692,506,1422,2020,9,213,346,2551,93.0,78,13,0
864,0,3342,4257,1366,368,1422,2017,9,19,326,247,114.0,49,12,3
865,0,3684,4145,6497,251,1422,2020,9,211,350,7996,91.0,29,13,0
866,1,3856,4303,2728,736,1422,2020,13,110,423,149,2.0,80,17,2
868,1,4452,4303,1475,603,1422,2020,9,185,486,2100,7.0,79,29,1
869,0,5914,3104,4141,162,1422,2020,11,21,332,2948,116.0,20,12,2
870,1,6432,4303,5657,603,1422,2020,9,151,297,3,4.0,79,11,0
871,1,6612,4303,317,302,1422,2020,11,138,244,4362,3.0,34,8,0
872,0,7065,3743,3586,349,1422,2020,11,213,350,4815,93.0,44,13,0
873,0,5345,1336,1630,388,1421,2013,9,9,350,1875,106.0,54,13,3
874,0,3113,1995,2090,603,1420,2020,11,8,230,3603,105.0,79,7,2
875,0,3935,356,689,736,1420,2016,9,164,364,5134,50.0,80,15,0
876,0,4551,3042,1601,603,1420,2013,8,213,443,2575,93.0,79,20,1
877,0,5092,475,3598,394,1420,2020,11,6,350,1522,103.0,55,13,2
879,0,6168,1732,7246,603,1420,2020,12,19,274,2068,114.0,79,10,2
880,1,1098,4303,1812,603,1419,2020,11,0,75,229,1.0,79,2,2
881,1,1493,4303,6033,603,1419,2020,13,151,422,2491,4.0,79,17,2
882,0,2862,2730,7246,2,1419,2020,9,215,284,2200,95.0,0,10,0
883,0,6072,2974,6368,603,1419,2020,11,164,185,3059,50.0,79,7,0
884,1,7086,707,4983,483,1418,2020,9,0,395,103,1.0,73,16,3
885,0,389,3399,5867,251,1417,2009,9,62,219,1442,150.0,29,7,3
886,0,1042,2348,2754,285,1416,2018,8,3,38,8344,100.0,32,0,3
887,0,3266,4302,7057,15,1416,2019,11,22,335,4614,117.0,1,12,2
888,0,426,1430,638,45,1415,2019,11,205,218,4483,87.0,6,7,0
891,1,806,4303,4181,212,1415,2020,11,0,405,7390,1.0,22,16,2
892,1,4776,4160,7246,603,1415,2020,11,0,292,3273,1.0,79,11,2
893,0,5313,1443,1247,117,1415,2020,6,3,148,4015,100.0,12,4,3
894,0,6248,777,2021,603,1415,2018,9,204,344,8206,86.0,79,12,0
895,1,6562,4303,1624,444,1415,2020,11,0,241,5961,1.0,69,8,2
896,1,7647,4303,707,603,1415,2020,11,0,498,4405,1.0,79,31,1
897,0,917,2269,7246,603,1414,2017,11,5,274,6891,102.0,79,10,2
898,0,1297,1753,2461,370,1414,2020,11,205,350,7973,87.0,50,13,0
899,0,2314,895,576,388,1414,2018,11,6,329,2085,103.0,54,12,2
900,0,2466,760,1628,506,1414,2019,7,17,202,5957,112.0,78,7,3
902,0,7275,685,3807,388,1414,2018,9,27,329,1403,120.0,54,12,3
903,0,7278,2279,3226,60,1414,2018,8,16,318,1773,111.0,10,12,3
904,0,8703,2171,5206,603,1414,2020,8,194,199,338,78.0,79,7,0
905,0,1199,4189,4283,83,1413,2020,12,165,281,3985,51.0,10,10,0
906,1,4885,4303,5715,603,1413,2020,11,138,471,6302,3.0,79,28,1
907,0,5777,501,4295,506,1413,2020,7,30,340,1449,123.0,78,12,3
908,0,7464,3500,3775,58,1412,2020,13,158,121,5191,46.0,10,4,0
909,0,8140,1105,4903,603,1412,2020,7,5,44,8298,102.0,79,0,3
910,0,906,2660,2204,328,1411,1975,9,9,176,4633,106.0,40,6,3
911,0,1179,3294,6081,328,1411,2005,9,17,328,1534,112.0,40,12,3
913,0,2698,228,2414,328,1411,2013,11,4,200,8365,101.0,40,7,2
914,0,3045,3294,5658,335,1411,2014,9,216,281,1733,96.0,40,10,0
915,0,4101,3294,2556,328,1411,2017,11,6,319,1084,103.0,40,12,2
916,0,5301,2660,2707,167,1411,1991,11,214,175,5124,94.0,20,6,0
917,0,5364,3418,5864,328,1411,2017,11,184,281,6862,69.0,40,10,0
918,0,6757,913,6927,336,1411,2012,11,199,326,1171,81.0,40,12,0
919,0,7353,3420,2277,330,1411,2003,11,192,329,4533,76.0,40,12,0
920,0,7430,2660,6720,188,1411,1982,9,11,319,2778,108.0,20,12,3
921,0,8273,3294,5136,189,1411,2007,11,214,319,781,94.0,20,12,0
922,1,8305,4303,7246,736,1411,2020,11,110,234,5814,2.0,80,8,2
924,0,8508,4508,5850,197,1411,1999,11,9,326,7214,106.0,20,12,2
925,0,8518,3834,6094,328,1411,2018,9,218,220,4523,98.0,40,7,0
926,0,8567,2660,5140,329,1411,1980,9,213,281,8590,93.0,40,10,0
927,0,8779,2054,2803,471,1411,2005,11,219,326,7760,99.0,70,12,0
928,0,5371,3692,4031,603,1410,2012,6,213,125,8100,93.0,79,4,0
929,1,6537,4303,846,435,1410,2020,9,0,393,8746,1.0,67,16,3
930,0,3265,3622,6802,506,1409,2020,8,200,0,7307,82.0,78,0,0
931,0,2003,958,1070,324,1408,2018,11,10,220,561,107.0,38,7,2
932,1,2822,4303,5413,603,1408,2020,11,0,506,3687,1.0,79,31,1
933,0,3351,4175,2171,603,1408,2016,8,7,0,1652,104.0,79,0,3
935,1,3945,4303,441,162,1408,2020,11,0,405,4469,1.0,20,16,2
936,1,6434,2568,1214,349,1408,2020,11,0,241,4543,1.0,44,8,2
937,1,7380,4303,5307,603,1408,2020,14,138,433,8436,3.0,79,17,2
938,0,7813,13,6211,728,1408,2020,8,39,309,7713,130.0,79,12,3
939,0,8288,2418,6593,703,1408,2014,8,201,359,6120,83.0,79,13,0
940,0,147,3359,6933,603,1407,2020,12,219,121,5834,99.0,79,4,0
941,0,843,3696,3928,603,1407,2016,8,193,0,6413,77.0,79,0,0
942,0,2214,3256,2649,150,1407,2018,9,214,25,1576,94.0,18,0,0
943,1,2453,4303,6790,506,1407,2018,13,151,110,6051,4.0,78,3,0
944,1,2902,4303,5773,603,1407,2005,9,151,487,2063,4.0,79,30,1
946,0,3720,1529,1835,273,1407,2017,12,23,326,1348,118.0,30,12,2
947,0,4213,2358,3166,272,1407,2020,9,205,329,3577,87.0,30,12,0
948,1,5246,4303,2280,603,1407,2006,9,162,497,8242,5.0,79,30,1
949,1,5550,4303,6119,603,1407,2020,14,110,422,814,2.0,79,17,2
950,0,5941,3221,7246,251,1407,2020,12,154,281,4598,42.0,29,10,0
951,1,6417,4303,1645,603,1407,2020,11,0,488,3638,1.0,79,30,1
952,0,157,2250,3677,483,1406,2020,9,4,54,3254,101.0,73,0,3
953,0,717,676,1009,603,1406,2020,9,198,288,5829,80.0,79,10,0
954,0,7799,670,7246,342,1406,2020,11,15,281,6865,110.0,44,10,2
955,0,2425,2225,2228,251,1405,2004,9,22,371,2240,117.0,29,15,3
957,0,5147,553,6645,506,1405,2020,13,159,121,4843,47.0,78,4,0
958,1,6974,4303,948,603,1405,2020,11,0,452,3574,1.0,79,21,2
959,0,1981,1643,16,251,1404,1990,9,78,200,768,165.0,29,7,3
960,0,2002,447,5045,251,1404,1982,9,43,267,896,134.0,29,9,3
961,0,3230,1547,2521,251,1404,2015,11,50,220,1027,140.0,29,7,2
962,1,3826,4303,3731,603,1404,2020,14,138,433,5274,3.0,79,17,2
963,0,5465,2992,272,251,1404,2006,9,62,217,3332,150.0,29,7,3
964,0,7404,3399,238,251,1404,2002,9,68,326,6805,156.0,29,12,3
965,0,3188,160,2069,603,1403,2017,11,204,345,541,86.0,79,13,0
966,1,1878,4303,7246,603,1402,2020,11,0,291,4854,1.0,79,11,2
968,0,2726,3338,7522,251,1402,2020,11,33,220,3394,126.0,29,7,2
969,0,4902,2758,5463,496,1402,2018,11,3,217,8410,100.0,75,7,2
970,0,6646,4303,7246,58,1402,2020,13,131,121,6448,25.0,10,4,2
971,0,7168,3361,5775,603,1402,2020,8,31,199,3200,124.0,79,7,3
972,1,7243,4303,7317,603,1402,2020,11,0,499,3162,1.0,79,31,1
973,0,1002,534,967,162,1401,2020,11,3,283,4053,100.0,20,10,2
974,1,2013,4303,2468,435,1401,2020,9,0,393,979,1.0,67,16,3
975,0,5355,1144,1091,2,1401,2004,11,9,326,854,106.0,0,12,2
976,1,5607,4303,6473,435,1401,2020,9,0,244,4508,1.0,67,8,3
977,1,6816,4303,2017,621,1401,2020,11,185,482,186,7.0,79,29,1
979,0,3213,3997,104,603,1400,2020,7,7,207,4248,104.0,79,7,3
980,1,8037,3219,7340,407,1400,2020,11,0,414,3550,1.0,59,16,2
981,0,513,2863,4502,603,1399,2020,8,216,185,3864,96.0,79,7,0
982,0,2031,1316,1875,506,1399,2019,9,210,288,3298,90.0,78,10,0
983,0,6529,2010,5150,58,1399,2020,13,144,121,4075,33.0,10,4,2
984,0,8428,806,5384,603,1399,2017,9,199,337,4142,81.0,79,12,0
985,1,756,4303,7246,251,1398,2020,9,0,100,7070,1.0,29,3,3
986,0,1847,127,1699,718,1397,2020,6,202,274,153,84.0,79,10,0
987,0,939,246,1627,58,1396,2020,11,156,285,4009,44.0,10,10,0
988,0,2786,4300,4864,492,1396,2018,9,20,331,5435,115.0,75,12,3
990,1,5401,4303,7246,736,1396,2016,13,0,422,3769,1.0,80,17,2
991,1,5677,4303,7246,736,1396,2017,13,0,422,6072,1.0,80,17,2
992,0,156,4301,2109,492,1395,2016,9,214,220,3787,94.0,75,7,0
993,0,181,170,294,736,1395,2020,13,122,121,3112,22.0,80,4,2
994,1,2098,4303,7115,603,1395,2005,12,0,433,5262,1.0,79,17,2
995,1,2241,4303,4293,603,1395,2020,11,0,461,1885,1.0,79,23,1
996,1,2881,4303,1198,15,1395,2009,12,138,437,6559,3.0,1,17,2
997,0,8789,2231,957,368,1395,2020,11,10,326,4387,107.0,49,12,2
998,0,6192,4041,5249,251,1395,2020,11,20,200,8013,115.0,29,7,2
999,0,6909,1099,5949,302,1395,2020,11,213,353,8530,93.0,34,13,0
1002,0,8206,639,1002,492,1395,2017,11,10,220,1349,107.0,75,7,2
1003,0,8343,3130,2938,603,1395,2020,7,204,207,7211,86.0,79,7,0
1004,0,8727,3687,4797,342,1395,2020,11,17,220,2223,112.0,44,7,2
1005,0,440,67,2567,338,1394,2020,12,5,25,1799,102.0,42,0,2
1006,0,540,574,910,418,1394,2017,8,211,344,1302,91.0,62,12,0
1007,0,1355,1177,1982,603,1394,2019,9,201,285,5360,83.0,79,10,0
1008,0,1631,661,7152,426,1394,2013,11,189,39,8048,73.0,66,0,0
1009,1,2305,4303,3824,603,1394,2019,9,0,498,454,1.0,79,31,1
1010,1,2360,4303,3272,435,1394,2018,11,0,394,1957,1.0,67,16,2
1011,1,2497,4303,7575,319,1394,2016,11,110,85,8745,2.0,36,2,0
1013,0,2558,1382,4779,603,1394,2016,8,48,36,70,139.0,79,0,3
1014,1,2795,4303,6904,45,1394,2020,11,0,245,8467,1.0,6,8,2
1015,0,3219,41,7246,603,1394,2019,9,215,274,3945,95.0,79,10,0
1016,0,3225,4097,6273,363,1394,2016,7,4,22,766,101.0,48,0,3
1017,0,3292,2441,7246,690,1394,2019,11,191,281,4786,75.0,79,10,0
1018,1,3625,4303,5421,736,1394,2018,11,0,292,6967,1.0,80,11,2
1019,1,5183,4303,5057,218,1394,2020,11,0,412,4295,1.0,22,16,2
1020,0,5887,992,7137,718,1394,2005,7,205,288,6872,87.0,79,10,0
1021,1,6156,4303,5467,2,1394,2019,11,0,391,4310,1.0,0,16,2
1022,1,6694,4303,7572,319,1394,2018,11,138,80,1293,3.0,36,2,0
1024,0,6849,2922,5151,736,1394,2019,12,211,220,446,91.0,80,7,0
1025,0,6936,1262,854,412,1394,2020,9,27,212,608,120.0,60,7,3
1026,0,7580,3582,6427,618,1394,2020,8,30,36,574,123.0,79,0,3
1027,1,7589,4303,5062,603,1394,2003,12,162,487,4697,5.0,79,30,1
1028,1,7840,4303,7415,603,1394,2019,9,0,488,1327,1.0,79,30,1
1029,0,8476,3955,6905,603,1394,2018,9,215,344,6554,95.0,79,12,0
1030,1,8716,4303,1013,342,1394,2020,11,0,241,844,1.0,44,8,2
1031,0,510,1858,7246,603,1393,2020,11,202,274,7653,84.0,79,10,0
1032,0,852,1303,1184,353,1393,2019,12,137,326,1411,29.0,46,12,2
1033,1,1044,4303,1566,319,1393,2010,11,138,80,4401,3.0,36,2,0
1035,1,4382,4303,4767,603,1393,2020,12,151,487,8281,4.0,79,30,1
1036,0,5504,4236,1092,566,1393,2018,11,136,332,289,28.0,78,12,0
1037,0,6948,1917,3298,603,1393,2020,8,29,333,2662,122.0,79,12,3
1038,0,6949,4303,3299,603,1393,2020,11,136,285,3174,28.0,79,10,0
1039,1,8507,4303,1646,15,1393,2020,11,196,262,2760,8.0,1,8,0
1040,0,1263,2384,7246,603,1392,2012,7,218,274,7011,98.0,79,10,0
1041,0,4566,3152,4951,603,1392,2020,11,173,470,5938,59.0,79,27,1
1042,0,8502,878,4913,603,1392,2020,8,198,0,2661,80.0,79,0,0
1043,0,479,2384,5035,431,1391,2002,7,6,283,6929,103.0,66,10,3
1044,0,586,3386,6348,251,1391,2013,12,7,319,1598,104.0,29,12,2
1046,0,1900,30,5190,251,1391,2014,9,56,200,1795,146.0,29,7,3
1047,0,2779,3605,234,251,1391,2008,11,44,219,731,135.0,29,7,2
1048,0,3453,2225,6533,251,1391,2003,12,36,219,8363,129.0,29,7,2
1049,0,3455,30,5195,251,1391,2009,9,20,220,298,115.0,29,7,3
1050,0,3485,1641,6537,251,1391,2007,9,53,219,2957,143.0,29,7,3
1051,0,4397,1643,17,251,1391,1999,9,88,329,1072,173.0,29,12,3
1052,0,4399,2982,55,251,1391,2007,9,36,332,525,129.0,29,12,3
1053,0,8494,304,261,251,1391,2007,12,59,219,4882,149.0,29,7,2
1054,1,8590,4303,7246,603,1391,2020,12,0,291,6671,1.0,79,11,2
1055,1,8344,4303,3872,603,1390,2019,11,151,405,2054,4.0,79,16,0
1057,1,7207,4303,4061,603,1389,2020,9,151,487,3343,4.0,79,30,1
1058,0,8007,3509,1349,251,1389,2015,9,218,319,5788,98.0,29,12,0
1059,1,217,4303,7246,212,1388,2020,9,0,235,6977,1.0,22,8,3
1060,1,4582,4303,7246,736,1388,2020,13,138,433,2376,3.0,80,17,2
1061,0,4884,3131,5485,736,1388,2016,11,20,326,1903,115.0,80,12,2
1062,1,6404,4303,397,603,1388,2020,11,0,487,3566,1.0,79,30,1
1063,1,7704,4303,3638,435,1388,2020,11,0,414,8543,1.0,67,16,2
1064,0,8782,4303,5198,736,1388,2019,11,156,283,4761,44.0,80,10,0
1065,0,5773,3865,2748,671,1387,2011,7,34,61,1122,127.0,79,0,3
1066,1,6992,4303,3471,603,1387,2020,11,151,291,8693,4.0,79,11,0
1068,0,2260,1544,5015,506,1386,2020,7,31,11,8504,124.0,78,0,3
1069,0,3834,2072,7506,603,1385,2020,10,203,274,5941,85.0,79,10,0
1070,1,7616,4303,7246,603,1385,2020,11,0,291,3016,1.0,79,11,2
1071,0,204,3940,7246,603,1384,2020,12,111,274,6587,20.0,79,10,2
1072,0,1775,3063,3900,319,1383,2018,12,5,326,3143,102.0,36,12,2
1073,0,3063,3876,6913,319,1383,2016,11,36,52,6550,129.0,36,0,2
1074,0,3064,3877,6914,319,1383,2017,11,31,52,6649,124.0,36,0,2
1075,0,3065,3877,6912,319,1383,2017,11,23,52,6415,118.0,36,0,2
1076,0,3066,4483,6911,319,1383,2016,11,16,52,2613,111.0,36,0,2
1077,0,3067,3876,3840,736,1383,2019,11,32,52,6700,125.0,80,0,2
1079,0,5888,3876,6915,319,1383,2016,11,214,52,7213,94.0,36,0,0
1080,0,6925,2677,3738,150,1383,2019,11,39,353,7885,130.0,18,13,2
1081,0,975,3926,2456,251,1382,2013,9,22,217,5289,117.0,29,7,3
1082,0,1040,3382,6676,251,1382,2015,9,46,52,1069,137.0,29,0,3
1083,1,2598,4303,7374,736,1382,2020,13,0,433,1270,1.0,80,17,2
1084,0,6023,4180,2839,251,1382,2013,11,48,329,5133,139.0,29,12,2
1085,0,6063,103,1042,251,1382,2016,9,16,217,5660,111.0,29,7,3
1086,0,7692,3389,3144,251,1382,2014,11,6,332,5132,103.0,29,12,2
1087,0,2028,125,962,251,1381,2020,11,27,319,348,120.0,29,12,2
1088,1,5747,4303,6383,603,1381,2020,11,0,499,4314,1.0,79,31,1
1090,1,6847,4303,4467,603,1381,2020,10,0,446,3408,1.0,79,21,2
1091,1,6917,4303,3007,603,1381,2019,9,185,265,2060,7.0,79,8,0
1092,0,8565,702,525,272,1381,2020,9,218,220,3819,98.0,30,7,0
1093,0,545,3811,5254,251,1380,2014,9,39,375,2549,130.0,29,15,3
1094,1,2080,4303,2494,736,1380,2020,11,0,80,5864,1.0,80,2,2
1095,0,2621,1298,4818,162,1380,2020,11,216,283,4054,96.0,20,10,0
1096,0,3156,1374,4335,506,1380,2020,13,176,125,8687,61.0,78,4,0
1097,0,5019,3811,5254,736,1380,2014,9,46,375,2549,137.0,80,15,3
1098,0,5823,2760,5410,603,1380,2020,11,210,318,1459,90.0,79,12,0
1099,1,7395,4303,613,212,1380,2020,11,0,410,6279,1.0,22,16,2
1101,1,737,4303,928,302,1379,2020,11,138,417,3608,3.0,34,16,0
1102,1,1405,4303,7246,603,1379,2020,9,0,300,3449,1.0,79,11,3
1103,1,1735,4303,3798,538,1379,2020,11,110,97,8661,2.0,78,3,0
1104,0,2073,2318,3064,736,1379,2018,11,184,470,4890,69.0,80,27,1
1105,1,6316,4303,547,394,1379,2020,11,110,244,8080,2.0,55,8,2
1106,1,6336,4303,7077,603,1379,2020,12,0,446,4800,1.0,79,21,2
1107,0,7081,354,7112,603,1379,2020,8,48,344,6101,139.0,79,12,3
1108,0,7587,663,4652,444,1379,2020,11,214,332,7602,94.0,69,12,0
1109,0,7789,1734,2788,544,1379,2016,8,212,52,1628,92.0,78,0,0
1110,1,1314,3293,7273,506,1378,2020,11,208,109,7091,9.0,78,3,0
1114,0,3150,3153,7246,491,1378,2020,12,198,281,94,80.0,74,10,0
1115,0,4565,762,4920,506,1378,2020,11,178,470,2966,63.0,78,27,1
1116,0,5718,3264,7305,206,1378,2002,8,206,322,1136,88.0,20,12,0
1117,1,6717,4303,7246,603,1378,2020,11,110,293,5280,2.0,79,11,2
1118,0,7740,3383,5266,645,1378,2013,6,8,125,3484,105.0,79,4,3
1119,0,8627,3995,6181,736,1378,2020,6,213,121,6105,93.0,80,4,0
1120,0,3975,4261,6492,368,1377,2018,11,50,328,8395,140.0,49,12,2
1121,1,1251,4303,2506,523,1376,2020,13,110,110,6388,2.0,78,3,2
1122,0,1785,1782,5205,342,1376,2020,9,6,127,7709,103.0,44,4,3
1123,1,2363,4303,3483,162,1376,2020,11,110,410,1888,2.0,20,16,2
1125,1,2735,4303,7183,603,1376,2007,9,196,487,3824,8.0,79,30,1
1126,0,3209,1036,3105,603,1376,2014,6,5,121,4161,102.0,79,4,3
1127,0,5455,3453,5559,217,1376,2020,14,213,125,1114,93.0,22,4,0
1128,1,6888,4303,7243,444,1376,2020,11,0,400,5592,1.0,69,16,2
1129,1,7111,4303,3801,506,1376,2020,11,0,108,5106,1.0,78,3,2
1130,0,8641,3861,7502,736,1376,2014,9,184,470,2682,69.0,80,27,1
1131,0,294,3768,5162,251,1375,2018,9,42,332,7938,133.0,29,12,3
1132,0,574,26,6810,251,1375,2018,9,69,326,3970,157.0,29,12,3
1133,0,973,2528,6226,251,1375,2019,9,21,326,7034,116.0,29,12,3
1134,0,974,2528,6225,251,1375,2019,12,17,326,6676,112.0,29,12,2
1136,0,1761,3319,2731,251,1375,2018,12,216,200,8271,96.0,29,7,0
1137,0,1962,2559,5188,251,1375,2017,10,34,141,3107,127.0,29,4,3
1138,1,2847,4303,4863,603,1375,2020,9,162,498,2136,5.0,79,31,1
1139,1,3639,2234,4504,603,1375,2020,10,0,433,5088,1.0,79,17,2
1140,0,3680,2538,5998,251,1375,2019,11,39,329,8094,130.0,29,12,2
1141,0,5054,1507,7690,492,1375,2018,11,213,220,7503,93.0,75,7,0
1142,0,5469,4346,5542,251,1375,2016,9,47,200,5725,138.0,29,7,3
1143,0,5539,3713,6694,251,1375,2016,9,47,200,4497,138.0,29,7,3
1144,0,6090,2236,1415,272,1375,2017,10,212,121,2572,92.0,30,4,0
1145,0,6445,86,7588,150,1375,2018,9,15,332,7315,110.0,18,12,3
1147,0,6875,2749,3571,603,1375,2020,11,5,207,7580,102.0,79,7,2
1148,0,1354,374,7338,251,1374,2020,9,18,199,1498,113.0,29,7,3
1149,0,1758,2747,2238,162,1374,2020,11,216,326,3423,96.0,20,12,0
1150,1,2689,4303,7246,603,1374,2020,12,0,446,3509,1.0,79,21,2
1151,1,3938,3233,7246,444,1374,2020,11,0,235,1108,1.0,69,8,2
1152,0,6412,2595,166,2,1374,2020,9,11,219,3616,108.0,0,7,3
1153,0,7743,1828,6658,603,1374,2020,7,214,274,6965,94.0,79,10,0
1154,0,0,743,7560,435,1373,2020,11,219,353,2526,99.0,67,13,0
1155,1,5788,4303,5526,435,1373,2020,9,0,394,7467,1.0,67,16,3
1156,0,4887,3308,7246,426,1372,2020,10,204,136,440,86.0,66,4,0
1158,0,8052,4214,1158,492,1372,2010,11,218,319,1233,98.0,75,12,0
1159,1,8117,4303,6712,736,1372,2020,14,110,422,5610,2.0,80,17,2
1160,0,8421,1033,7246,603,1372,2010,6,16,274,7000,111.0,79,10,3
1161,1,1583,4303,2758,24,1371,2017,11,0,503,4666,1.0,1,31,1
1162,0,8376,3286,1528,506,1371,2020,8,217,309,3903,97.0,78,12,0
1163,1,697,4303,2702,603,1370,2020,9,0,463,3083,1.0,79,23,1
1164,0,3295,719,3256,603,1370,2020,8,44,318,5475,135.0,79,12,3
1165,0,3709,1797,2946,426,1370,2019,9,213,200,8650,93.0,66,7,0
1166,1,6491,4303,423,603,1370,2020,14,110,422,815,2.0,79,17,2
1167,0,7448,16,6486,368,1370,2019,11,214,199,353,94.0,49,7,0
1169,0,8725,350,7145,388,1370,2015,9,22,220,5718,117.0,54,7,3
1170,0,345,2127,174,45,1369,2020,11,178,470,2870,63.0,6,27,1
1171,0,687,1222,4792,272,1369,2018,12,189,319,335,73.0,30,12,0
1172,0,4243,2652,5761,603,1369,2020,12,211,215,6171,91.0,79,7,0
1173,1,8732,4303,88,506,1369,2020,11,0,244,2367,1.0,78,8,2
1174,1,1448,4303,7246,603,1368,2020,9,0,297,6400,1.0,79,11,3
1175,0,2551,1269,1526,212,1368,2020,11,213,319,7277,93.0,22,12,0
1176,0,3180,4173,2087,228,1368,2009,6,4,125,5699,101.0,22,4,3
1177,0,6374,3003,6688,746,1368,2020,10,213,283,4003,93.0,83,10,0
1178,1,7896,4303,2682,736,1368,2020,11,0,308,8626,1.0,80,11,2
1180,0,337,456,6547,244,1367,2018,7,216,40,1405,96.0,26,0,0
1181,0,475,895,2417,388,1367,2016,9,17,369,1745,112.0,54,15,3
1182,0,815,840,436,354,1367,2020,13,188,148,7261,72.0,47,4,0
1183,1,1103,4303,5371,319,1367,2017,11,110,80,3252,2.0,36,2,0
1184,1,1158,4303,4694,603,1367,2020,13,0,422,2953,1.0,79,17,2
1185,1,1169,4303,6636,134,1367,2012,11,138,412,1035,3.0,17,16,0
1186,0,1499,441,4573,322,1367,2019,12,17,69,5917,112.0,36,1,2
1187,1,2271,4303,6946,319,1367,2016,9,0,84,5933,1.0,36,2,3
1188,0,2388,1595,5374,319,1367,2016,9,188,5,3278,72.0,36,0,0
1189,1,2414,4303,2254,603,1367,2020,11,0,472,7526,1.0,79,28,1
1191,1,2880,4303,2969,162,1367,2002,11,151,409,2663,4.0,20,16,0
1192,1,3017,4303,5099,164,1367,2020,14,0,422,882,1.0,20,17,2
1193,0,5642,767,687,603,1367,2011,6,212,125,6541,92.0,79,4,0
1194,0,6219,3794,3542,603,1367,2008,8,12,185,3392,109.0,79,7,3
1195,1,6356,4303,7044,603,1367,1998,12,174,497,6016,6.0,79,30,1
1196,0,6424,18,5834,251,1367,1998,9,67,200,5568,155.0,29,7,3
1197,0,6725,1122,7026,444,1367,2018,11,12,284,7252,109.0,69,10,2
1198,0,6939,887,2874,603,1367,2020,14,20,125,6759,115.0,79,4,2
1199,0,7478,1309,2299,302,1367,2020,11,217,331,5594,97.0,34,12,0
1200,1,7638,4303,6828,319,1367,2019,9,0,84,8415,1.0,36,2,3
1202,0,7739,3383,2595,611,1367,2011,6,6,125,8163,103.0,79,4,3
1203,1,7966,1473,4882,506,1367,2020,13,110,94,6789,2.0,78,3,2
1204,0,8178,2653,4949,58,1367,2020,13,130,121,7890,24.0,10,4,2
1205,0,4394,3842,2929,251,1366,2020,9,15,220,8279,110.0,29,7,3
1206,0,7071,1879,6419,603,1366,2020,11,217,0,3890,97.0,79,0,0
1207,0,453,590,820,603,1364,2020,6,214,309,2407,94.0,79,12,0
1208,1,3248,4303,7246,589,1363,2020,11,0,96,4750,1.0,78,3,2
1209,1,4466,4303,4740,251,1363,2020,11,0,410,5817,1.0,29,16,2
1210,0,6069,776,5611,427,1363,2020,11,10,52,7477,107.0,66,0,2
1211,0,8295,982,3101,444,1363,2020,11,217,375,1285,97.0,69,15,0
1213,1,370,4303,3706,319,1362,2020,9,138,80,4012,3.0,36,2,0
1214,0,2163,1005,1397,603,1362,1998,11,6,199,30,103.0,79,7,2
1215,0,6961,2413,2873,483,1362,2020,11,206,353,573,88.0,73,13,0
1216,0,7923,869,85,603,1362,2016,7,16,310,7383,111.0,79,12,3
1217,1,3037,4303,1221,121,1361,2020,11,0,400,5415,1.0,13,16,2
1218,0,4096,1654,1945,701,1361,2019,11,214,327,2432,94.0,79,12,0
1219,0,4357,2978,2680,603,1361,2020,11,144,274,5079,33.0,79,10,0
1220,1,4605,4303,7246,603,1361,2020,11,0,446,6501,1.0,79,21,2
1221,0,5881,4303,7246,506,1361,2020,7,10,284,3425,107.0,78,10,3
1222,1,2242,4303,2072,603,1360,2020,13,0,422,5942,1.0,79,17,2
1225,1,8154,4303,1096,603,1360,2020,11,110,506,531,2.0,79,31,1
1226,0,6188,4402,163,603,1359,2016,7,15,344,4594,110.0,79,12,3
1227,1,773,4303,7246,736,1357,2019,11,0,115,3116,1.0,80,3,2
1228,1,5177,4303,0,368,1357,2013,10,0,409,1636,1.0,49,16,2
1229,0,1577,422,1036,251,1356,2020,9,218,332,3197,98.0,29,12,0
1230,0,1827,520,6992,342,1356,2020,11,199,347,4604,81.0,44,13,0
1231,1,3147,4303,2960,603,1356,2020,11,0,487,484,1.0,79,30,1
1232,1,5983,4303,4982,58,1356,2020,9,138,385,5496,3.0,10,16,0
1233,0,7737,4274,6220,603,1356,2020,12,7,9,7708,104.0,79,0,2
1234,1,2769,1599,6204,435,1355,2020,11,0,418,8304,1.0,67,16,2
1236,0,3613,4303,7246,603,1355,2020,12,84,285,990,17.0,79,10,2
1237,0,6114,2263,200,150,1355,2019,11,28,217,8247,121.0,18,7,2
1238,0,7036,3807,1250,2,1355,2020,9,3,326,8221,100.0,0,12,3
1239,1,1863,4303,7246,603,1354,2020,9,0,446,5805,1.0,79,21,3
1240,1,3071,4303,7246,603,1354,2020,9,0,300,6981,1.0,79,11,3
1241,0,4122,3321,512,736,1354,2020,14,186,125,5197,70.0,80,4,0
1242,0,2116,1342,308,603,1353,2019,8,217,185,7496,97.0,79,7,0
1243,0,4510,3049,128,368,1353,2017,12,191,200,8401,75.0,49,7,0
1244,0,1711,3721,2366,272,1352,2020,12,5,200,8331,102.0,30,7,2
1245,1,2746,4303,5940,603,1352,2020,14,110,422,7568,2.0,79,17,2
1247,0,3457,696,7246,272,1352,2018,12,206,278,7265,88.0,30,10,0
1248,0,4041,4228,2749,589,1351,2012,7,70,328,6631,158.0,78,12,3
1249,0,6217,3821,3147,721,1351,2014,7,5,60,4612,102.0,79,0,3
1250,1,6577,4303,6489,435,1351,2020,11,110,238,8636,2.0,67,8,2
1251,1,2135,4303,7440,736,1350,2016,12,0,394,1790,1.0,80,16,2
1252,1,5882,4303,5014,134,1350,2020,11,162,410,4922,5.0,17,16,0
1253,1,6729,4303,5064,412,1350,2014,9,110,412,4382,2.0,60,16,3
1254,0,8547,403,2617,251,1350,2009,12,114,219,7342,203.0,29,7,2
1255,1,88,4303,3555,45,1349,2020,11,151,415,4439,4.0,6,16,0
1256,0,967,328,7246,736,1349,2020,10,173,284,8591,59.0,80,10,0
1258,0,2407,849,7530,58,1349,2020,14,212,125,1190,92.0,10,4,0
1259,0,5049,1255,688,699,1349,2018,11,7,318,8022,104.0,79,12,2
1260,0,5146,553,6998,506,1349,2020,13,188,121,6427,72.0,78,4,0
1261,0,5616,1576,3021,603,1349,2020,8,18,0,2341,113.0,79,0,3
1262,1,6777,4303,612,603,1349,2020,11,0,260,7455,1.0,79,8,2
1263,1,7222,4303,555,121,1349,2020,11,0,241,4356,1.0,13,8,2
1264,1,7407,4303,3035,603,1349,2014,14,151,432,428,4.0,79,17,2
1265,1,8771,4303,3907,319,1349,2018,14,0,86,934,1.0,36,2,2
1266,0,533,3447,5021,162,1348,2019,11,213,200,1191,93.0,20,7,0
1267,0,1526,354,5903,589,1348,2016,8,24,318,4436,119.0,78,12,3
1269,0,6328,354,1057,643,1348,2012,11,8,325,8743,105.0,79,12,2
1270,1,14,4303,7246,603,1347,2020,11,0,446,6980,1.0,79,21,2
1271,0,2868,3852,3039,251,1347,2020,9,18,39,3703,113.0,29,0,3
1272,0,4788,3526,7213,603,1346,2014,6,213,133,5865,93.0,79,4,0
1273,0,5892,4287,6022,603,1346,2020,11,156,470,3792,44.0,79,27,1
1274,1,2617,4303,4354,603,1345,2020,10,0,433,8686,1.0,79,17,2
1275,1,6799,4303,7581,319,1345,2019,11,110,385,6115,2.0,36,16,2
1276,0,7447,4332,4255,603,1345,2020,7,15,337,5227,110.0,79,12,3
1277,0,1971,2325,3467,736,1344,2018,9,18,326,7197,113.0,80,12,3
1278,1,7213,4303,1223,368,1344,2016,9,0,412,8335,1.0,49,16,3
1280,0,8479,2580,347,629,1344,2020,8,210,359,833,90.0,79,13,0
1281,0,927,1335,2251,212,1343,2020,11,200,217,4740,82.0,22,7,0
1282,1,3072,4303,2863,444,1343,2020,11,138,241,7551,3.0,69,8,0
1283,1,6180,4303,7246,736,1343,2020,11,138,446,6533,3.0,80,21,1
1284,1,6337,4303,5503,212,1343,2020,12,0,385,4829,1.0,22,16,2
1285,0,6534,4018,6791,603,1343,2018,9,184,274,6892,69.0,79,10,0
1286,0,7463,3500,3773,603,1343,2020,13,158,121,6419,46.0,79,4,0
1287,1,8020,4303,4977,603,1343,2020,12,0,301,5198,1.0,79,11,2
1288,1,8634,4303,1510,603,1343,2020,14,0,432,5328,1.0,79,17,2
1289,1,8646,4303,7246,603,1343,2020,13,0,422,6090,1.0,79,17,2
1291,0,8649,2366,6208,603,1343,2020,9,214,185,151,94.0,79,7,0
1292,1,2297,4303,3494,58,1342,2016,14,162,422,6586,5.0,10,17,2
1293,0,4990,2676,5207,737,1342,2020,12,188,283,3093,72.0,81,10,0
1294,1,7650,4303,301,148,1342,2020,11,138,414,6122,3.0,17,16,0
1295,0,559,1319,5312,162,1341,2020,9,215,284,4935,95.0,20,10,0
1296,0,6330,3173,7615,736,1341,2019,9,4,375,168,101.0,80,15,3
1297,1,8658,4303,7246,603,1341,2020,9,0,235,6294,1.0,79,8,3
1298,0,182,3961,293,736,1340,2020,13,119,121,3111,21.0,80,4,2
1299,0,4369,3774,5938,603,1340,2020,10,187,125,2597,71.0,79,4,0
1300,1,4916,4303,2253,45,1340,2020,12,0,294,4233,1.0,6,11,2
1302,0,6037,2311,6269,603,1340,2020,11,179,470,3058,64.0,79,27,1
1303,1,3329,4303,7246,603,1339,2020,11,0,291,8659,1.0,79,11,2
1304,0,463,2862,6428,603,1338,2020,11,212,199,212,92.0,79,7,0
1305,0,3806,947,3886,603,1337,2017,8,198,185,4577,80.0,79,7,0
1306,1,4671,4303,1063,603,1337,2000,12,174,497,5412,6.0,79,30,1
1307,1,4891,4303,5117,58,1337,2020,10,0,422,3480,1.0,10,17,2
1308,1,4957,4303,5238,319,1337,2014,9,0,89,4511,1.0,36,2,3
1309,0,5917,2868,7476,603,1337,2020,8,7,0,8396,104.0,79,0,3
1310,0,6649,3991,2046,58,1337,2020,13,131,121,817,25.0,10,4,2
1311,1,7546,4303,6553,58,1337,2018,10,0,426,6993,1.0,10,17,2
1313,0,7577,2058,4964,497,1337,2017,8,16,337,2517,111.0,75,12,3
1314,1,8079,4303,5988,319,1337,2008,9,0,81,5325,1.0,36,2,3
1315,1,8116,4303,78,603,1337,2020,13,110,422,2591,2.0,79,17,2
1316,0,8199,2763,7204,736,1337,2020,11,188,470,7444,72.0,80,27,1
1317,0,8526,835,2598,58,1337,2018,8,219,441,271,99.0,10,18,0
1318,1,2685,4303,3983,506,1336,2020,12,0,97,4476,1.0,78,3,2
1319,0,3993,3450,782,212,1336,2020,13,201,125,7899,83.0,22,4,0
1320,0,5688,1597,5250,251,1336,2020,11,62,332,7966,150.0,29,12,2
1321,0,6193,2194,2342,426,1336,2020,11,11,220,8464,108.0,66,7,2
1322,0,6617,380,2756,603,1336,2020,10,156,121,6324,44.0,79,4,0
1324,1,6618,4303,1187,603,1336,2020,12,138,446,7274,3.0,79,21,1
1325,1,7835,4303,7246,621,1336,2020,9,110,485,5874,2.0,79,29,1
1326,0,5830,4520,3642,386,1335,2017,11,5,326,4166,102.0,53,12,2
1327,1,8120,4303,2953,603,1335,2020,14,0,75,2599,1.0,79,2,2
1328,0,8246,4321,6399,251,1335,2020,11,46,199,3186,137.0,29,7,2
1329,1,8296,3058,705,736,1335,2020,11,0,393,4865,1.0,80,16,2
1330,0,3467,312,1045,368,1334,2016,11,17,220,1624,112.0,49,7,2
1331,0,5800,2845,2436,352,1334,2019,11,5,332,5449,102.0,45,12,2
1332,0,6274,2698,5406,46,1334,2020,11,6,319,78,103.0,6,12,2
1333,0,7239,1743,4482,394,1334,2020,11,45,332,384,136.0,55,12,2
1336,0,7753,4045,7246,603,1334,2020,12,153,274,6842,41.0,79,10,0
1337,0,8129,3206,7246,603,1334,2019,11,206,274,6927,88.0,79,10,0
1338,1,3984,4303,3403,603,1333,2020,11,162,291,4427,5.0,79,11,0
1339,0,787,493,2600,603,1332,2020,11,202,199,3222,84.0,79,7,0
1340,1,6241,4303,7485,603,1332,2019,11,1,488,6999,10.0,79,30,1
1341,0,2059,1363,1874,251,1331,2020,9,19,217,7946,114.0,29,7,3
1342,0,2066,4137,2688,105,1331,2020,9,15,52,5108,110.0,12,0,3
1343,0,5613,532,5445,251,1331,2016,11,6,319,1866,103.0,29,12,2
1344,0,575,4246,2070,114,1330,2020,14,9,125,3444,106.0,12,4,2
1345,0,2092,1471,5367,603,1330,2020,13,158,125,7952,46.0,79,4,0
1347,0,5065,4256,5414,368,1330,2019,11,20,326,164,115.0,49,12,2
1348,0,5157,1287,4704,458,1330,2020,11,50,375,2138,140.0,69,15,2
1349,0,5924,4486,2858,319,1330,2020,11,31,329,5238,124.0,36,12,2
1350,1,6338,4303,5985,444,1330,2020,10,0,387,4797,1.0,69,16,2
1351,0,7351,4360,3375,589,1330,2020,9,42,230,8574,133.0,78,7,3
1352,1,6334,154,7246,603,1329,2015,9,0,291,5173,1.0,79,11,3
1353,0,7366,93,2726,435,1329,2020,14,211,125,4839,91.0,67,4,0
1354,0,7411,3902,848,426,1329,2019,12,140,326,1392,30.0,66,12,2
1355,1,2401,4303,7246,603,1328,2020,11,0,234,3662,1.0,79,8,2
1356,1,5103,4303,4111,370,1328,2020,11,138,409,6667,3.0,50,16,0
1358,0,7666,2444,7246,603,1328,2019,11,182,288,6919,67.0,79,10,0
1359,0,3438,4431,1904,241,1327,2019,11,8,39,4974,105.0,26,0,2
1360,0,3489,957,2904,506,1327,2020,11,172,470,5011,58.0,78,27,1
1361,1,6586,4303,7246,736,1327,2020,12,0,304,4909,1.0,80,11,2
1362,1,3804,4303,5674,506,1326,2017,11,0,96,5076,1.0,78,3,2
1363,0,2609,1052,1155,168,1325,2018,9,205,326,6020,87.0,20,12,0
1364,1,2716,4303,7246,162,1325,2019,13,0,422,3851,1.0,20,17,2
1365,1,6345,4303,2269,15,1325,2018,11,0,447,5224,1.0,1,21,2
1366,1,1753,4303,3799,508,1324,2020,11,0,482,2488,1.0,78,29,1
1367,0,2394,2411,7246,603,1324,2020,8,3,274,1665,100.0,79,10,3
1369,1,3347,4303,5630,603,1324,2020,9,110,262,125,2.0,79,8,3
1370,1,3835,4303,1161,45,1324,2020,11,0,414,2665,1.0,6,16,2
1371,0,7499,4213,5853,368,1324,2019,11,215,217,7346,95.0,49,7,0
1372,0,2383,3266,5281,603,1323,2020,9,210,513,660,90.0,79,35,1
1373,0,4295,437,7377,165,1323,2018,11,5,220,4671,102.0,20,7,2
1374,0,1630,2921,3292,368,1322,2019,9,218,329,2669,98.0,49,12,0
1375,1,1826,4303,4539,342,1322,2020,11,0,241,5288,1.0,44,8,2
1376,0,4124,4303,7246,736,1322,2020,14,183,125,2566,68.0,80,4,0
1377,1,6366,4303,7246,603,1322,2020,11,0,448,6128,1.0,79,21,2
1378,1,6630,4303,6870,37,1322,2016,13,110,111,4022,2.0,4,3,2
1380,0,6700,924,1368,368,1322,2018,9,7,332,7942,104.0,49,12,3
1381,0,7618,3968,7261,302,1322,2020,11,207,217,3946,89.0,34,7,0
1382,1,6968,4303,419,603,1321,2020,11,0,291,7367,1.0,79,11,2
1383,0,8325,1560,7250,15,1321,2020,11,177,470,6198,62.0,1,27,1
1384,0,8467,4032,7246,162,1321,2020,11,204,283,1512,86.0,20,10,0
1385,0,3112,293,553,426,1320,2016,11,7,326,3261,104.0,66,12,2
1386,1,1839,681,7246,45,1319,2020,9,0,386,4861,1.0,6,16,3
1387,1,2071,4303,7624,603,1319,2020,12,0,298,1515,1.0,79,11,2
1388,0,4374,241,2697,150,1319,2018,9,4,217,721,101.0,18,7,3
1389,0,7008,4044,7246,603,1319,2020,9,84,274,2632,17.0,79,10,3
1391,1,7130,4303,5202,603,1319,2020,14,0,430,2793,1.0,79,17,2
1392,0,7561,1436,1303,603,1319,2020,8,33,0,3865,126.0,79,0,3
1393,1,7825,4442,4475,38,1319,2019,11,0,244,7447,1.0,5,8,2
1394,0,8733,1350,248,736,1319,2019,10,27,217,2901,120.0,80,7,3
1395,1,3519,4303,5915,319,1318,2020,11,0,80,1752,1.0,36,2,2
1396,1,7639,4303,7681,492,1318,2020,11,151,392,3276,4.0,75,16,0
1397,1,8451,4303,6699,435,1318,2020,9,0,379,8170,1.0,67,16,3
1398,0,1172,634,6426,363,1317,2018,8,207,289,4723,89.0,48,10,0
1399,0,4801,863,7414,603,1317,2020,9,216,285,3161,96.0,79,10,0
1400,1,6541,4303,7617,15,1317,2020,11,0,412,3862,1.0,1,16,2
1402,0,7436,1524,7158,603,1317,2018,8,211,211,2862,91.0,79,7,0
1403,0,2076,773,1656,643,1316,2012,6,204,121,6552,86.0,79,4,0
1404,0,3572,3793,3293,736,1316,2020,11,182,470,2807,67.0,80,27,1
1405,0,193,843,6767,632,1315,2019,11,207,289,3962,89.0,79,10,0
1406,0,5327,3342,5492,736,1315,2020,11,180,366,3894,65.0,80,15,0
1407,0,388,3669,5877,251,1314,2012,9,63,219,2419,151.0,29,7,3
1408,0,855,3341,453,251,1314,2011,9,21,22,248,116.0,29,0,3
1409,0,1094,4375,4583,251,1314,2012,9,15,329,2140,110.0,29,12,3
1410,0,1146,363,5878,251,1314,2013,11,30,326,500,123.0,29,12,2
1411,0,1178,338,265,251,1314,2013,9,48,22,3286,139.0,29,0,3
1413,0,1255,3946,4592,251,1314,2016,11,215,319,4897,95.0,29,12,0
1414,0,1428,973,6000,251,1314,2013,9,28,219,8310,121.0,29,7,3
1415,0,1960,1351,5519,251,1314,2015,12,34,200,1890,127.0,29,7,2
1416,0,2109,3046,237,251,1314,2015,9,75,332,2437,162.0,29,12,3
1417,0,2628,2307,266,251,1314,2015,9,35,39,1685,128.0,29,0,3
1418,0,2778,2155,7372,251,1314,2014,9,17,25,4104,112.0,29,0,3
1419,1,3146,3360,5621,488,1314,2020,11,0,393,3227,1.0,74,16,2
1420,0,3386,4041,741,251,1314,2013,11,32,329,2222,125.0,29,12,2
1421,0,4325,3890,3384,251,1314,2013,9,35,332,2210,128.0,29,12,3
1422,0,4461,3109,5725,251,1314,2014,12,27,331,6512,120.0,29,12,2
1424,0,4561,3468,5191,251,1314,2011,11,204,319,1591,86.0,29,12,0
1425,0,4811,3768,6614,251,1314,2014,11,10,220,4375,107.0,29,7,2
1426,0,5169,4299,264,251,1314,2012,12,36,200,5389,129.0,29,7,2
1427,0,5243,1073,59,251,1314,2014,9,44,200,6609,135.0,29,7,3
1428,0,5249,4098,2337,603,1314,2019,11,217,322,263,97.0,79,12,0
1429,0,5430,3895,4452,251,1314,2019,9,32,319,2659,125.0,29,12,3
1430,0,5499,17,7359,251,1314,2012,9,75,52,5163,162.0,29,0,3
1431,0,5645,2500,3753,251,1314,2015,11,45,200,7241,136.0,29,7,2
1432,0,5662,4351,3701,251,1314,2014,11,47,200,3347,138.0,29,7,2
1433,0,6238,486,5815,251,1314,2011,11,33,38,8407,126.0,29,0,2
1435,0,6477,2990,263,251,1314,2013,12,46,332,4789,137.0,29,12,2
1436,0,6746,7,4495,251,1314,2011,9,19,200,7763,114.0,29,7,3
1437,0,8539,1493,1864,251,1314,2013,9,216,217,277,96.0,29,7,0
1438,1,4116,4303,6872,251,1313,2020,14,110,433,1093,2.0,29,17,2
1439,1,1296,4303,1018,444,1312,2019,11,174,391,4302,6.0,69,16,0
1440,0,1941,2342,5196,603,1312,2020,11,10,230,1782,107.0,79,7,2
1441,0,3228,3404,139,276,1312,2020,11,207,326,7328,89.0,30,12,0
1442,0,3261,3427,6309,477,1312,2017,7,214,274,2735,94.0,71,10,0
1443,1,3480,4303,7576,319,1312,2020,11,0,418,859,1.0,36,16,2
1444,1,6462,4303,7246,603,1312,2020,12,0,446,6384,1.0,79,21,2
1447,1,6873,4303,6716,603,1312,2020,10,0,437,2461,1.0,79,17,2
1448,0,7598,3884,2910,235,1312,2019,11,58,200,3960,148.0,23,7,2
1449,1,6659,4303,7246,603,1311,1993,10,0,446,4818,1.0,79,21,2
1450,0,7946,1248,7025,45,1311,2020,11,200,470,4474,82.0,6,27,1
1451,1,8449,4303,302,603,1311,2020,11,0,485,2074,1.0,79,29,1
1452,0,1,3661,2668,302,1310,2019,9,215,281,7255,95.0,34,10,0
1453,1,67,4303,4167,506,1310,2019,11,0,114,4485,1.0,78,3,2
1454,1,251,4303,7431,483,1310,2016,11,0,412,2167,1.0,73,16,2
1455,1,300,2338,4486,621,1310,2019,13,0,422,117,1.0,79,17,2
1456,0,341,3686,4429,444,1310,2020,11,27,326,5413,120.0,69,12,2
1458,0,418,691,1257,492,1310,2015,11,20,25,498,115.0,75,0,2
1459,0,1851,469,1715,58,1310,2019,11,10,288,3948,107.0,10,10,2
1460,0,2065,620,7134,658,1310,1999,8,8,513,1734,105.0,79,35,1
1461,0,5427,691,1260,492,1310,2014,11,43,217,2339,134.0,75,7,2
1462,1,6107,4303,3206,603,1310,2020,9,0,447,4860,1.0,79,21,3
1463,0,6530,2727,1463,589,1310,2007,7,35,54,7370,128.0,78,0,3
1464,0,7135,2787,2002,603,1310,2019,11,6,185,1646,103.0,79,7,2
1465,0,7729,212,7246,453,1310,2019,9,216,281,3640,96.0,69,10,0
1466,0,8085,3214,749,690,1310,1990,8,19,60,1811,114.0,79,0,3
1467,1,8168,4303,7246,162,1310,2004,13,0,422,7426,1.0,20,17,2
1469,0,8275,4480,1537,302,1310,2020,11,5,220,8527,102.0,34,7,2
1470,1,719,4303,6829,319,1309,2020,9,0,80,5375,1.0,36,2,3
1471,0,2681,4279,2412,603,1309,2020,11,166,470,3035,52.0,79,27,1
1472,1,3137,4303,7246,101,1309,2020,11,0,412,1502,1.0,11,16,2
1473,0,7508,3079,1983,571,1309,2011,9,204,39,1393,86.0,78,0,0
1474,0,3,3404,140,272,1307,2020,10,7,329,2503,104.0,30,12,2
1475,0,6365,907,955,368,1307,2019,11,192,281,5521,76.0,49,10,0
1476,0,6809,28,5246,736,1307,2019,9,44,326,6807,135.0,80,12,3
1477,1,1822,4303,4371,228,1306,2020,11,138,244,771,3.0,22,8,0
1478,0,5862,3356,6999,15,1306,2020,6,219,140,6511,99.0,1,4,0
1480,1,443,4303,505,121,1305,2020,11,0,391,866,1.0,13,16,2
1481,0,2290,974,7461,603,1305,2020,7,31,228,7553,124.0,79,7,3
1482,1,3131,4303,7246,603,1305,2020,11,0,291,6978,1.0,79,11,2
1483,0,3722,3107,7404,368,1305,2019,9,22,220,1925,117.0,49,7,3
1484,0,5276,1145,6116,388,1305,2016,11,10,319,2729,107.0,54,12,2
1485,0,6202,4303,7246,251,1305,2019,11,16,329,5388,111.0,29,12,2
1486,0,6203,4303,7246,736,1305,2019,9,21,329,5388,116.0,80,12,3
1487,0,6808,28,5246,251,1305,2019,9,44,326,3950,135.0,29,12,3
1488,1,8226,4303,4220,435,1305,2020,10,0,378,5651,1.0,67,16,2
1489,0,3874,3434,6631,251,1304,2020,11,33,369,7387,126.0,29,15,2
1491,0,5586,3939,6258,251,1304,2015,9,77,39,8498,164.0,29,0,3
1492,0,8393,3939,6532,251,1304,2006,9,79,329,6035,166.0,29,12,3
1493,0,662,568,7246,603,1303,2020,7,7,289,6887,104.0,79,10,3
1494,0,1258,369,7198,251,1303,2020,11,214,350,202,94.0,29,13,0
1495,1,1713,4303,3118,506,1303,2020,12,0,104,4746,1.0,78,3,2
1496,0,5091,1389,3502,96,1303,2020,11,212,319,468,92.0,11,12,0
1497,0,2272,1210,2127,603,1302,2020,11,166,470,3463,52.0,79,27,1
1498,1,5948,4303,3141,603,1302,2020,9,110,160,1530,2.0,79,5,3
1499,0,3714,2939,619,251,1301,2020,9,17,319,3559,112.0,29,12,3
1500,0,7693,1659,7643,368,1301,2017,12,210,220,342,90.0,49,7,0
1502,1,3469,4303,4002,435,1300,2020,11,0,379,2349,1.0,67,16,2
1503,0,8642,2188,4020,603,1300,2017,8,4,325,6052,101.0,79,12,3
1504,0,2218,105,7182,368,1299,2019,11,202,326,188,84.0,49,12,0
1505,1,736,4303,7246,603,1298,2020,9,110,300,3980,2.0,79,11,3
1506,0,1407,373,3329,251,1298,2020,11,17,200,675,112.0,29,7,2
1507,0,1944,4481,5390,180,1298,1997,9,45,326,4277,136.0,20,12,3
1508,0,2001,4303,7246,603,1298,2020,11,11,285,4769,108.0,79,10,2
1509,0,2412,1164,6670,603,1298,2020,10,15,127,1748,110.0,79,4,3
1510,1,2489,4303,6172,603,1298,2020,12,0,446,6334,1.0,79,21,2
1511,0,4182,1484,303,162,1298,2020,11,213,39,3545,93.0,20,0,0
1513,1,4753,4303,4634,45,1298,2020,11,110,394,31,2.0,6,16,2
1514,0,5248,3131,1856,492,1298,2020,11,210,329,7555,90.0,75,12,0
1515,0,7121,4481,3958,154,1298,1994,9,39,326,5797,130.0,18,12,3
1516,1,7620,4303,915,603,1298,2020,11,110,492,5886,2.0,79,30,1
1517,0,8452,3101,5625,172,1298,2020,11,35,332,2738,128.0,20,12,2
1518,0,264,2126,5029,319,1297,2020,12,7,67,864,104.0,36,1,2
1519,0,413,4481,5148,151,1297,1979,11,40,176,5204,131.0,18,6,2
1520,0,414,4481,7586,180,1297,1989,11,12,176,2692,109.0,20,6,2
1521,0,534,4481,5391,150,1297,1982,11,36,175,8522,129.0,18,6,2
1522,0,1302,4481,2233,150,1297,1958,9,189,176,45,73.0,18,6,0
1524,0,1833,4481,2237,150,1297,1956,9,7,176,448,104.0,18,6,3
1525,0,2207,3137,3126,736,1297,2020,12,160,284,3955,48.0,80,10,0
1526,0,4158,1145,589,388,1297,2019,9,19,217,2303,114.0,54,7,3
1527,0,5242,2547,844,488,1297,2020,10,204,283,5318,86.0,74,10,0
1528,0,6032,4481,183,150,1297,1963,11,107,17,6447,194.0,18,0,0
1529,0,6582,1417,5141,328,1297,2010,11,192,329,4334,76.0,40,12,0
1530,0,6918,4481,5450,150,1297,1954,9,21,176,3086,116.0,18,6,3
1531,0,7361,4481,2586,150,1297,1970,11,39,176,559,130.0,18,6,2
1532,0,7553,3252,7451,80,1297,2014,6,203,125,8255,85.0,10,4,0
1533,1,7570,4303,2961,603,1297,2020,11,110,413,5626,2.0,79,16,2
1535,0,535,1893,811,589,1296,2018,8,11,211,8133,108.0,78,7,3
1536,0,5864,3145,3431,603,1296,2020,12,199,139,3751,81.0,79,4,0
1537,0,3987,3079,5461,369,1295,2012,9,192,326,8159,76.0,49,12,0
1538,0,7058,1468,3926,603,1295,2016,7,212,359,1750,92.0,79,13,0
1539,1,6991,4303,1114,603,1294,2015,12,110,446,2888,2.0,79,21,1
1540,0,7724,4303,86,589,1294,2019,11,203,288,8622,85.0,78,10,0
1541,0,8282,2086,729,9,1294,2013,6,203,150,8229,85.0,0,4,0
1542,0,8623,67,2566,338,1294,2019,9,11,39,1620,108.0,42,0,3
1543,0,105,1659,3768,368,1293,2019,11,27,332,2030,120.0,49,12,2
1544,1,412,4303,5523,603,1293,2020,10,151,433,2119,4.0,79,17,0
1546,0,655,1,7336,251,1293,2020,9,22,326,3773,117.0,29,12,3
1547,1,3203,4303,7365,603,1293,2020,9,174,264,2878,6.0,79,8,0
1548,0,4598,1252,2832,272,1293,2020,9,3,329,8714,100.0,30,12,3
1549,0,701,3010,6412,251,1292,2020,11,4,199,4376,101.0,29,7,2
1550,0,1776,3949,1776,603,1292,2020,8,68,36,3811,156.0,79,0,3
1551,1,1838,4303,7246,736,1292,2020,11,110,447,4547,2.0,80,21,1
1552,1,2337,4303,971,644,1292,2020,11,151,487,3721,4.0,79,30,1
1553,1,2544,4303,4026,212,1292,2020,11,0,402,4558,1.0,22,16,2
1554,0,3590,2810,3334,603,1292,2020,11,169,470,5051,55.0,79,27,1
1555,0,5181,2296,6460,319,1292,2018,6,216,66,1920,96.0,36,1,0
1558,1,5135,4303,4814,319,1292,2002,9,151,75,5370,4.0,36,2,0
1559,1,7708,4303,1683,342,1292,2020,11,0,241,7895,1.0,44,8,2
1560,1,7905,4303,2509,396,1292,2020,11,0,244,3482,1.0,55,8,2
1561,0,2581,189,2211,501,1291,2014,11,7,200,7305,104.0,77,7,2
1562,0,4530,439,2243,412,1291,2008,9,4,217,1110,101.0,60,7,3
1563,1,1752,4303,7260,302,1290,2020,11,0,413,1536,1.0,34,16,2
1564,1,1768,3528,7302,603,1290,2020,9,162,486,796,5.0,79,29,1
1565,1,4036,4303,7246,603,1290,2020,11,0,298,3828,1.0,79,11,2
1566,0,4568,1410,4451,603,1290,2009,8,18,199,2321,113.0,79,7,3
1567,1,4883,4303,4224,435,1290,2018,11,0,238,4505,1.0,67,8,2
1569,1,5774,4303,503,45,1290,2020,11,0,418,8559,1.0,6,16,2
1570,0,7894,3164,3988,435,1290,2018,11,33,55,6605,126.0,67,0,2
1571,0,889,3644,7673,603,1289,2017,7,218,337,3786,98.0,79,12,0
1572,0,94,464,634,394,1288,2020,11,19,329,433,114.0,55,12,2
1573,0,2518,106,7179,251,1288,2020,9,41,375,853,132.0,29,15,3
1574,0,5615,2162,5832,251,1288,2018,9,212,319,7832,92.0,29,12,0
1575,1,5666,4303,380,692,1287,2018,11,151,256,3788,4.0,79,8,0
1576,0,7548,2777,7215,603,1287,2020,8,210,318,1583,90.0,79,12,0
1577,1,33,4303,1936,603,1286,2020,11,151,264,1672,4.0,79,8,0
1578,0,892,2900,4511,150,1286,2016,9,204,326,2102,86.0,18,12,0
1580,0,997,68,785,603,1286,2014,7,6,230,1050,103.0,79,7,3
1581,0,1513,362,6241,251,1286,2020,9,19,326,106,114.0,29,12,3
1582,0,4545,2921,5852,368,1286,2019,11,20,217,7354,115.0,49,7,2
1583,1,5669,4303,1033,603,1286,2020,9,162,446,2241,5.0,79,21,1
1584,1,6660,3284,3050,621,1286,2019,9,60,157,6079,15.0,79,5,3
1585,0,7375,3105,1969,603,1286,2020,11,59,38,109,149.0,79,0,2
1586,0,7420,4303,7246,736,1286,2010,11,216,329,234,96.0,80,12,0
1587,1,714,4303,5375,319,1285,2020,11,138,80,8489,3.0,36,2,0
1588,0,3174,257,1149,492,1285,2017,9,5,329,4576,102.0,75,12,3
1589,0,5314,2938,7683,492,1285,2017,11,8,217,745,105.0,75,7,2
1591,0,1338,86,201,150,1284,2007,11,19,220,5780,114.0,18,7,2
1592,0,3957,1481,6358,603,1284,2017,8,214,199,2389,94.0,79,7,0
1593,0,6483,3704,7246,603,1284,2020,10,201,135,3750,83.0,79,4,0
1594,1,464,4303,7246,736,1283,2019,9,0,446,3461,1.0,80,21,3
1595,0,553,4391,5070,150,1283,2008,9,9,217,2110,106.0,18,7,3
1596,0,4047,1642,7585,150,1283,2006,9,21,200,3284,116.0,18,7,3
1597,0,4079,4391,202,150,1283,2006,9,12,217,5983,109.0,18,7,3
1598,0,4790,83,5067,736,1283,2009,9,217,220,7840,97.0,80,7,0
1599,0,4867,3716,6548,150,1283,2012,11,3,200,2534,100.0,18,7,2
1600,0,6454,2263,199,150,1283,2008,9,21,326,1921,116.0,18,12,3
1602,0,7778,4392,3736,150,1283,2004,9,16,25,6012,111.0,18,0,3
1603,0,8182,4303,4949,58,1283,2020,13,130,121,7430,24.0,10,4,2
1604,0,8546,1672,2717,415,1283,2006,12,215,200,3704,95.0,60,7,0
1605,0,8671,3873,194,150,1283,2011,9,44,220,1825,135.0,18,7,3
1606,0,31,4459,440,150,1282,2019,11,215,350,1712,95.0,18,13,0
1607,1,1349,4303,5051,319,1282,1999,14,110,80,1695,2.0,36,2,2
1608,0,1507,3673,6848,251,1282,2020,9,212,199,2677,92.0,29,7,0
1609,0,1674,4237,6990,748,1282,2017,10,3,220,8702,100.0,85,7,3
1610,1,1886,4303,6604,435,1282,2016,11,0,383,5186,1.0,67,16,2
1611,0,3702,1522,6205,499,1282,2019,12,198,217,1690,80.0,77,7,0
1613,1,4514,4303,7569,319,1282,2018,11,0,80,3120,1.0,36,2,2
1614,1,4572,4303,3710,319,1282,2014,11,138,412,998,3.0,36,16,0
1615,0,4627,2545,5091,322,1282,2018,6,218,2,7627,98.0,36,0,0
1616,1,4899,4303,7545,435,1282,2017,11,0,379,6584,1.0,67,16,2
1617,1,5844,4303,1363,435,1282,2017,11,0,379,1223,1.0,67,16,2
1618,0,7095,1717,2983,603,1282,2017,8,7,197,2635,104.0,79,7,3
1619,0,7769,3005,381,550,1282,2016,9,218,309,1323,98.0,78,12,0
1620,0,3074,2782,3620,406,1281,2019,9,7,336,206,104.0,58,12,3
1621,0,2564,90,360,499,1280,2018,12,219,200,5210,99.0,77,7,0
1622,0,3751,311,3905,251,1280,2020,11,183,470,4023,68.0,29,27,1
1624,1,6465,4303,6775,603,1280,2020,11,0,487,487,1.0,79,30,1
1625,0,7573,4481,5135,180,1280,1999,11,9,329,7898,106.0,20,12,2
1626,1,1327,4303,6493,279,1279,2018,11,110,488,4378,2.0,32,30,1
1627,1,2062,4303,7429,319,1279,2020,11,0,80,2176,1.0,36,2,2
1628,0,2828,91,6223,499,1279,2014,9,187,209,581,71.0,77,7,0
1629,0,2829,91,4596,499,1279,2015,9,198,209,2048,80.0,77,7,0
1630,0,3420,140,4438,2,1279,2020,11,21,332,5711,116.0,0,12,2
1631,1,4360,4303,4402,15,1279,2016,10,151,433,6766,4.0,1,17,0
1632,0,3293,1286,3558,350,1278,2019,11,17,319,1219,112.0,44,12,2
1633,0,2919,2515,2599,15,1277,2020,11,189,470,4102,73.0,1,27,1
1635,0,5017,4482,4471,105,1276,2019,9,15,25,2860,110.0,12,0,3
1636,1,6656,1881,4849,603,1276,2019,9,162,486,7294,5.0,79,29,1
1637,0,8265,2064,105,603,1276,2019,8,44,344,8595,135.0,79,12,3
1638,1,944,4303,7324,251,1275,2020,11,0,406,4188,1.0,29,16,2
1639,1,2132,4303,2025,603,1274,2019,9,138,498,6390,3.0,79,31,1
1640,0,5227,309,5763,272,1274,2020,10,35,326,4109,128.0,30,12,2
1641,0,6306,3426,5881,272,1274,2020,10,213,328,7389,93.0,30,12,0
1642,1,3094,4303,7246,506,1273,2020,9,0,100,4931,1.0,78,3,3
1643,0,4135,3415,6871,368,1273,2019,11,59,353,5327,149.0,49,13,2
1644,0,4670,1590,2345,319,1273,2018,6,168,66,7570,54.0,36,1,3
1646,0,7453,2822,2856,603,1273,2020,8,205,27,7856,87.0,79,0,0
1647,1,8102,3065,4994,58,1273,2020,11,110,487,5479,2.0,10,30,1
1648,0,2,3404,141,272,1272,2018,10,5,329,5697,102.0,30,12,2
1649,0,1284,213,51,326,1272,1981,9,91,200,4869,177.0,39,7,3
1650,0,2429,1306,52,736,1272,1996,9,115,217,6603,204.0,80,7,0
1651,0,4145,1307,2291,736,1272,1982,12,128,220,1334,233.0,80,7,2
1652,0,4806,296,4357,96,1272,2019,9,218,220,1250,98.0,11,7,0
1653,1,4921,4303,2761,435,1272,2020,11,0,382,1441,1.0,67,16,2
1654,0,5081,3717,6231,150,1272,1979,9,129,200,4227,237.0,18,7,0
1655,0,5756,1618,6819,736,1272,1984,9,127,200,8315,230.0,80,7,0
1657,0,6109,1618,121,736,1272,1985,9,88,217,8502,173.0,80,7,3
1658,0,7473,1555,6298,150,1272,1981,9,108,220,4094,195.0,18,7,3
1659,0,7705,1602,6818,150,1272,1973,9,132,200,610,253.0,18,7,0
1660,0,7898,2931,120,150,1272,1976,12,69,217,5739,157.0,18,7,2
1661,0,547,2456,5460,76,1271,2010,11,217,326,77,97.0,10,12,0
1662,0,915,168,914,603,1271,2020,12,203,443,2716,85.0,79,20,1
1663,1,2279,4303,7246,736,1271,2020,9,0,295,5880,1.0,80,11,3
1664,0,3143,3446,3254,506,1271,2014,11,214,318,5441,94.0,78,12,0
1665,0,3284,429,6245,603,1271,2010,9,198,322,3256,80.0,79,12,0
1666,0,4836,669,2533,342,1271,2020,11,214,217,7773,94.0,44,7,0
1669,1,7645,4303,2165,121,1271,2020,9,0,400,8705,1.0,13,16,3
1670,0,8517,2751,7532,251,1271,2020,11,212,199,8431,92.0,29,7,0
1671,0,2176,3672,5069,150,1270,2006,12,8,217,795,105.0,18,7,2
1672,0,2278,3873,3737,150,1270,2009,9,27,52,1838,120.0,18,0,3
1673,0,2642,83,7583,150,1270,2012,9,216,220,1340,96.0,18,7,0
1674,0,3717,191,5082,150,1270,2007,9,10,217,1784,107.0,18,7,3
1675,0,4901,81,4530,150,1270,2008,12,213,217,2067,93.0,18,7,0
1676,0,5194,81,6936,150,1270,2009,9,4,217,5486,101.0,18,7,3
1677,1,5409,2598,5572,603,1270,2020,11,0,472,7446,1.0,79,28,1
1678,1,6687,4303,3336,603,1270,2020,9,0,462,5189,1.0,79,23,1
1680,0,6748,4391,203,150,1270,2006,9,15,220,2633,110.0,18,7,3
1681,0,6892,191,205,150,1270,2004,9,17,217,1318,112.0,18,7,3
1682,0,8417,1503,5906,413,1270,2012,6,213,319,868,93.0,60,12,0
1683,0,8754,4392,204,150,1270,2005,12,12,220,2448,109.0,18,7,2
1684,0,4083,1156,6007,368,1269,2019,9,8,326,1220,105.0,49,12,3
1685,1,6906,4303,5227,506,1269,2020,12,0,104,6362,1.0,78,3,2
1686,1,5405,4303,2647,603,1268,2020,11,174,472,3473,6.0,79,28,1
1687,0,7122,2905,5066,326,1268,2019,11,217,25,1373,97.0,39,0,0
1688,1,1189,4303,4081,435,1267,2009,9,0,379,7606,1.0,67,16,3
1689,1,3441,4303,4192,435,1267,2009,9,0,381,7511,1.0,67,16,3
1691,1,686,4303,7636,603,1266,2007,14,138,154,6080,3.0,79,5,2
1692,0,3012,2474,2226,328,1266,2017,11,211,326,3977,91.0,40,12,0
1693,0,3286,2365,5752,444,1266,2019,11,206,220,1551,88.0,69,7,0
1694,1,3383,4508,2135,162,1266,2020,11,0,244,2117,1.0,20,8,2
1695,1,4318,4303,7225,603,1266,2019,12,174,498,7916,6.0,79,31,1
1696,1,4332,4303,3666,603,1266,2020,9,138,452,3942,3.0,79,21,1
1697,1,5383,4303,5372,319,1266,2014,11,0,83,1205,1.0,36,2,2
1698,1,6263,4303,221,603,1266,2020,14,162,432,6149,5.0,79,17,2
1699,1,6388,3924,5399,488,1266,2020,11,0,244,786,1.0,74,8,2
1700,1,6580,4303,4196,435,1266,2019,11,0,384,7634,1.0,67,16,2
1702,1,7887,4303,659,15,1266,2015,13,110,422,6710,2.0,1,17,2
1703,1,8575,4303,4162,583,1266,2020,11,0,97,8773,1.0,78,3,2
1704,0,1987,1252,7263,272,1265,2018,9,12,329,2655,109.0,30,12,3
1705,0,1988,1252,2831,272,1265,2019,9,23,329,3264,118.0,30,12,3
1706,0,2367,3685,280,499,1265,2018,10,12,141,4950,109.0,77,4,3
1707,0,4364,2909,593,251,1265,2020,11,40,54,8708,131.0,29,0,2
1708,0,4480,3078,4526,736,1265,2017,9,211,326,1907,91.0,80,12,0
1709,0,5815,2117,1842,342,1265,2018,11,64,319,2484,152.0,44,12,2
1710,0,7077,60,2967,368,1265,2018,9,182,375,1188,67.0,49,15,0
1711,0,8489,3671,53,326,1265,2018,12,188,200,1078,72.0,39,7,0
1713,0,2448,1133,7486,251,1264,2012,9,201,281,3386,83.0,29,10,0
1714,0,7917,4287,1732,603,1264,2020,11,210,230,7272,90.0,79,7,0
1715,0,416,1617,3962,499,1263,2019,9,9,329,3340,106.0,77,12,3
1716,1,8183,4303,4949,58,1263,2020,13,0,422,7267,1.0,10,17,2
1717,0,8256,816,2040,603,1263,2020,9,103,185,4992,190.0,79,7,3
1718,0,325,4370,251,251,1262,2010,12,36,129,6084,129.0,29,4,2
1719,0,554,3399,22,251,1262,1994,9,73,21,2887,160.0,29,0,3
1720,1,1168,4303,7341,157,1262,2019,11,138,244,509,3.0,19,8,0
1721,0,2984,1108,5301,603,1262,2020,11,204,274,3512,86.0,79,10,0
1722,1,8148,4303,7246,603,1262,2020,11,0,234,4901,1.0,79,8,2
1724,0,3606,4413,7003,603,1261,2020,8,212,344,961,92.0,79,12,0
1725,0,45,1308,7383,302,1260,2020,11,19,319,909,114.0,34,12,2
1726,1,1870,4303,1421,603,1260,2020,11,110,488,629,2.0,79,30,1
1727,1,5825,4303,5300,58,1260,2020,9,110,385,7201,2.0,10,16,3
1728,1,7116,881,551,552,1260,2020,11,0,412,6641,1.0,78,16,2
1729,1,7260,4303,152,58,1260,2020,14,110,440,7233,2.0,10,17,2
1730,0,343,3654,6224,499,1259,2016,9,210,372,3341,90.0,77,15,0
1731,0,3345,1514,2216,326,1259,2019,9,214,373,5570,94.0,39,15,0
1732,1,6125,1561,2657,105,1259,2020,11,110,404,5990,2.0,12,16,2
1733,0,6304,3426,5882,272,1259,2018,12,204,326,3872,86.0,30,12,0
1735,0,880,2953,4956,603,1258,2020,6,207,274,5065,89.0,79,10,0
1736,0,6704,3229,7546,736,1258,2020,11,10,220,126,107.0,80,7,2
1737,0,3554,1914,3221,603,1257,2020,12,176,470,5040,61.0,79,27,1
1738,0,618,14,3212,269,1256,2019,6,213,125,8191,93.0,29,4,0
1739,0,4259,2472,4393,45,1256,2020,10,199,131,5252,81.0,6,4,0
1740,0,5229,400,702,251,1255,2019,9,27,326,475,120.0,29,12,3
1741,1,462,1581,6457,2,1254,2020,11,0,399,5967,1.0,0,16,2
1742,0,922,163,4930,603,1254,2019,7,214,343,750,94.0,79,12,0
1743,0,1890,1282,5947,121,1254,2020,9,211,217,1889,91.0,13,7,0
1744,1,2916,4303,7246,736,1254,2015,12,0,291,5860,1.0,80,11,2
1746,1,3106,4303,7246,736,1254,2020,12,0,446,7101,1.0,80,21,2
1747,0,3960,3862,2482,603,1254,2019,6,7,343,7992,104.0,79,12,3
1748,0,4590,3826,4975,603,1254,2013,9,192,470,5585,76.0,79,27,1
1749,0,5943,3862,3541,603,1254,2020,6,210,143,1102,90.0,79,4,0
1750,0,7762,592,2935,603,1254,2020,8,6,325,762,103.0,79,12,3
1751,1,7842,4303,2148,736,1254,2015,12,0,300,3941,1.0,80,11,2
1752,1,8412,4303,2380,603,1254,2009,9,0,291,5802,1.0,79,11,3
1753,0,441,1924,3165,603,1253,2020,8,29,318,8507,122.0,79,12,3
1754,0,1704,2839,1676,603,1253,2018,11,217,274,16,97.0,79,10,0
1755,0,2687,3099,111,165,1253,2019,11,218,375,8189,98.0,20,15,0
1757,0,2756,170,291,603,1253,2020,13,154,121,6391,42.0,79,4,0
1758,1,3121,4303,1707,603,1253,2020,11,0,498,4592,1.0,79,31,1
1759,0,3252,1836,7246,603,1253,2013,11,210,285,6814,90.0,79,10,0
1760,0,4316,1200,920,603,1253,2008,6,211,125,130,91.0,79,4,0
1761,1,4471,4303,387,407,1253,2019,13,151,422,5201,4.0,59,17,2
1762,0,4482,856,7351,426,1253,2012,9,214,200,385,94.0,66,7,0
1763,1,4506,4303,5967,315,1253,2019,11,138,412,1852,3.0,34,16,0
1764,1,4722,4303,7596,319,1253,2014,12,0,88,2494,1.0,36,2,2
1765,0,4796,3883,2932,251,1253,2020,11,10,375,7870,107.0,29,15,2
1766,1,5171,4303,3839,58,1253,2020,10,0,433,7646,1.0,10,17,2
1768,0,5622,2944,7228,251,1253,2020,11,53,353,2546,143.0,29,13,2
1769,1,5785,4303,127,30,1253,2019,11,0,264,7929,1.0,1,8,2
1770,0,7234,201,4187,603,1253,2020,7,8,201,8327,105.0,79,7,3
1771,0,7249,563,924,603,1253,2007,8,21,230,2784,116.0,79,7,3
1772,0,7963,1937,3514,736,1253,2020,13,126,121,8566,23.0,80,4,2
1773,0,7964,1937,3515,736,1253,2020,13,126,121,2162,23.0,80,4,2
1774,0,7965,1937,6126,736,1253,2020,13,126,121,2392,23.0,80,4,2
1775,0,8535,1056,412,718,1253,2003,6,8,125,4605,105.0,79,4,3
1776,0,1810,2804,1182,603,1252,2020,9,217,513,154,97.0,79,35,1
1777,1,1774,4303,7139,319,1252,2020,9,0,80,3317,1.0,36,2,3
1780,1,2210,4303,5782,691,1252,2019,11,185,241,5605,7.0,79,8,0
1781,1,2800,4303,1240,621,1252,2019,12,162,502,5793,5.0,79,31,1
1782,0,5857,628,1650,45,1252,2020,9,8,220,5887,105.0,6,7,3
1783,1,7166,3920,4016,319,1252,2020,11,0,244,5478,1.0,36,8,2
1784,1,7859,971,3507,483,1252,2020,11,0,244,1775,1.0,73,8,2
1785,0,232,752,7246,603,1251,2020,9,201,285,2161,83.0,79,10,0
1786,0,2183,4492,7620,492,1251,2016,12,12,326,4527,109.0,75,12,2
1787,1,2326,4303,3989,435,1251,2020,11,0,238,774,1.0,67,8,2
1788,0,4208,3108,5459,368,1251,2019,9,16,200,2224,111.0,49,7,3
1789,0,4828,4303,7246,603,1251,2020,11,217,274,1535,97.0,79,10,0
1791,1,4955,4303,5142,506,1251,2020,10,0,104,5583,1.0,78,3,3
1792,0,5679,3757,7257,251,1251,2019,9,41,22,6758,132.0,29,0,3
1793,1,8026,4303,7428,426,1251,2017,11,110,412,2172,2.0,66,16,2
1794,0,962,2933,1262,492,1250,2006,11,5,200,7928,102.0,75,7,2
1795,0,1028,3825,6477,495,1250,2016,11,10,25,62,107.0,75,0,2
1796,0,1184,89,5085,150,1250,2008,11,3,217,473,100.0,18,7,2
1797,0,1552,1520,5402,492,1250,2011,9,20,200,743,115.0,75,7,3
1798,0,2879,2340,1951,492,1250,2016,11,7,219,8257,104.0,75,7,2
1799,0,8790,1294,2579,313,1250,2017,11,15,319,7639,110.0,34,12,2
1800,0,3905,484,7688,492,1250,2016,11,3,217,2556,100.0,75,7,2
1802,0,4035,401,5083,736,1250,2010,11,16,217,7368,111.0,80,7,2
1803,0,5025,4492,7619,492,1250,2009,9,11,217,2903,108.0,75,7,3
1804,0,5278,4492,7623,492,1250,2005,9,7,25,496,104.0,75,0,3
1805,0,7665,3200,3948,603,1250,2019,7,21,310,8041,116.0,79,12,3
1806,0,8482,86,3735,150,1250,2012,9,9,25,8456,106.0,18,0,3
1807,0,114,2691,530,402,1249,2019,9,216,217,7334,96.0,58,7,0
1808,0,4196,1641,3754,251,1249,2020,11,50,329,8311,140.0,29,12,2
1809,0,7419,2022,5090,251,1249,2020,11,10,319,7926,107.0,29,12,2
1810,1,1686,4303,7246,603,1248,2020,12,0,300,4363,1.0,79,11,2
1811,1,7382,4303,339,506,1248,2020,11,151,107,2501,4.0,78,3,0
1813,0,980,4322,5360,251,1247,2020,9,47,25,7279,138.0,29,0,3
1814,0,1038,2263,198,150,1247,2010,11,41,200,1537,132.0,18,7,2
1815,1,4898,4303,6837,435,1247,2017,9,0,379,846,1.0,67,16,3
1816,0,5073,2671,1026,599,1247,2005,11,117,288,3599,208.0,78,10,2
1817,0,6258,239,196,150,1247,2006,9,8,217,4587,105.0,18,7,3
1818,0,6866,2836,3124,171,1247,2011,7,4,199,8550,101.0,20,7,3
1819,0,7066,87,190,150,1247,2010,9,31,52,6018,124.0,18,0,3
1820,0,7309,85,7587,150,1247,2009,9,213,331,452,93.0,18,12,0
1821,0,7637,2902,797,150,1247,2008,9,15,326,8270,110.0,18,12,3
1822,0,8793,86,197,150,1247,2009,9,20,200,5542,115.0,18,7,3
1824,1,8794,4303,867,736,1247,2019,9,0,412,576,1.0,80,16,3
1825,1,350,4303,5983,506,1246,2020,11,110,108,6266,2.0,78,3,0
1826,1,2105,4303,6484,736,1246,2011,12,0,433,6445,1.0,80,17,2
1827,0,3851,698,5255,251,1246,2019,9,10,375,6688,107.0,29,15,3
1828,1,4194,4303,5747,492,1246,2020,11,0,417,8520,1.0,75,16,2
1829,0,8738,3002,3694,251,1246,2020,11,188,470,5882,72.0,29,27,1
1830,1,2710,4303,803,322,1245,2020,9,0,77,1613,1.0,36,2,3
1831,0,4903,4304,1144,272,1245,2016,10,10,217,1943,107.0,30,7,3
1832,0,4904,4304,5927,272,1245,2019,9,215,217,4128,95.0,30,7,0
1833,1,7270,4303,7288,342,1245,2020,11,138,399,4754,3.0,44,16,0
1835,0,7952,1529,2829,272,1245,2019,9,95,326,63,180.0,30,12,3
1836,0,8012,4473,4201,435,1245,2020,11,44,375,7684,135.0,67,15,2
1837,1,312,4303,173,603,1244,2020,12,0,302,180,1.0,79,11,2
1838,0,1560,3358,7246,603,1244,2020,11,205,285,3775,87.0,79,10,0
1839,0,7613,3188,4820,394,1244,2018,11,214,375,1564,94.0,55,15,0
1840,0,7713,3049,131,368,1244,2019,11,8,326,5279,105.0,49,12,2
1841,0,7730,2581,5620,444,1244,2019,11,213,375,8499,93.0,69,15,0
1842,0,7888,2306,7463,94,1244,2020,6,212,125,3857,92.0,10,4,0
1843,1,8612,4303,7246,506,1244,2020,9,0,104,6108,1.0,78,3,3
1844,1,1076,4303,4743,319,1243,2006,9,162,80,2011,5.0,36,2,0
1846,1,4571,3649,7039,603,1243,2020,11,0,487,3069,1.0,79,30,1
1847,1,5047,4303,5309,401,1243,2018,11,0,241,3713,1.0,57,8,2
1848,1,1676,4303,3866,603,1242,2020,11,0,446,2977,1.0,79,21,2
1849,1,7496,4303,1928,603,1242,2020,11,0,487,7423,1.0,79,30,1
1850,0,8347,332,6616,251,1242,2020,9,54,200,2674,144.0,29,7,3
1851,1,1542,4303,7246,251,1241,2019,13,0,422,7004,1.0,29,17,2
1852,1,7347,4303,4211,435,1241,2020,9,0,238,777,1.0,67,8,3
1853,1,8,4303,3914,603,1240,2020,11,0,487,5114,1.0,79,30,1
1854,0,734,2946,5134,492,1240,2018,11,4,217,3549,101.0,75,7,2
1855,0,2143,2105,6294,165,1240,2020,11,199,332,996,81.0,20,12,0
1857,1,2194,4303,6456,342,1240,2020,11,110,241,7349,2.0,44,8,2
1858,1,2968,4303,7371,251,1240,2020,11,0,243,1232,1.0,29,8,2
1859,0,5880,873,1721,212,1240,2020,11,215,326,5811,95.0,22,12,0
1860,0,6190,1463,7400,603,1240,2020,8,24,318,5666,119.0,79,12,3
1861,0,7402,1287,4702,458,1240,2019,11,28,375,1377,121.0,69,15,2
1862,0,409,2414,5404,738,1239,2019,11,206,200,5381,88.0,81,7,0
1863,1,2377,70,2236,162,1239,2020,11,110,403,3891,2.0,20,16,2
1864,1,2400,4303,4312,296,1239,2020,11,138,242,1234,3.0,33,8,0
1865,0,2897,1230,3524,730,1239,2016,7,9,185,7934,106.0,79,7,3
1866,0,3544,2013,809,603,1239,2015,6,24,142,1720,119.0,79,4,3
1868,0,4486,1088,4800,45,1239,2020,11,178,470,3042,63.0,6,27,1
1869,0,5627,1625,4427,603,1239,2015,8,200,185,5429,82.0,79,7,0
1870,0,6606,197,795,492,1239,2019,10,215,129,2268,95.0,75,4,0
1871,0,2510,1089,7536,388,1238,2018,9,213,329,4915,93.0,54,12,0
1872,0,4632,1181,6856,251,1238,2019,12,27,199,5358,120.0,29,7,2
1873,1,7303,4303,7246,603,1238,2020,11,0,234,6411,1.0,79,8,2
1874,0,8652,2303,7325,251,1238,2020,11,57,329,8249,147.0,29,12,2
1875,0,1519,2704,1373,603,1237,2020,11,169,470,2987,55.0,79,27,1
1876,0,5035,4257,3168,368,1237,2018,9,10,326,2270,107.0,49,12,3
1877,0,4683,3108,5456,368,1236,2018,9,212,200,7507,92.0,49,7,0
1879,0,6672,4303,5756,603,1236,2019,9,203,274,3984,85.0,79,10,0
1880,0,1619,1823,6030,58,1235,2019,11,218,50,4418,98.0,10,0,0
1881,1,1216,4303,289,603,1234,2020,11,0,487,7542,1.0,79,30,1
1882,0,3908,4303,7246,605,1234,2020,11,212,283,5690,92.0,79,10,0
1883,0,4227,1035,6263,561,1234,2020,11,4,220,3263,101.0,78,7,2
1884,0,6120,1457,7661,162,1234,2019,11,17,200,4586,112.0,20,7,2
1885,0,7466,1790,6478,603,1234,2020,10,6,134,7655,103.0,79,4,3
1886,1,7812,3967,7384,302,1234,2019,11,0,244,6629,1.0,34,8,2
1887,0,7997,124,7224,603,1234,2020,6,211,309,715,91.0,79,12,0
1888,1,3055,4303,4035,319,1233,2019,9,110,81,207,2.0,36,2,3
1891,1,7006,4303,7246,736,1233,2020,11,0,385,6222,1.0,80,16,2
1892,0,1171,3234,4722,388,1232,2019,11,216,200,1830,96.0,54,7,0
1893,0,7367,2508,5369,603,1232,2010,6,7,13,4504,104.0,79,0,3
1894,0,7992,774,7048,603,1231,2017,11,181,470,3065,66.0,79,27,1
1895,0,4613,1137,7005,603,1230,2019,11,201,318,753,83.0,79,12,0
1896,0,7158,3795,1117,603,1230,2017,8,16,318,767,111.0,79,12,3
1897,0,1828,3151,3250,603,1229,2019,11,210,348,4274,90.0,79,13,0
1898,0,7341,4474,1500,288,1229,2017,8,28,325,1151,121.0,32,12,3
1899,0,565,3469,2424,603,1228,2019,8,28,0,5968,121.0,79,0,3
1900,1,2199,4303,2867,96,1228,2013,11,110,400,474,2.0,11,16,2
1902,0,1624,2785,1948,603,1227,2020,11,206,20,2369,88.0,79,0,0
1903,1,4019,4303,1648,603,1227,2019,9,110,504,2850,2.0,79,31,1
1904,0,4688,3142,7246,444,1227,2020,11,171,281,371,57.0,69,10,0
1905,0,7069,384,6771,533,1227,2017,8,10,199,6514,107.0,78,7,3
1906,0,6423,108,7246,319,1226,2020,9,163,5,1465,5.0,36,0,0
1907,0,8381,1548,7593,319,1226,2019,12,211,71,678,91.0,36,1,0
1908,0,372,2935,457,251,1225,1990,9,89,326,133,174.0,29,12,3
1909,0,1243,2168,267,271,1225,2015,9,67,39,1684,155.0,29,0,3
1910,0,1475,3392,3830,251,1225,2012,14,205,121,2326,87.0,29,4,0
1911,1,1651,4303,3887,603,1225,2015,9,174,487,8240,6.0,79,30,1
1913,0,1848,962,1702,470,1225,2020,11,193,470,6298,77.0,70,27,1
1914,0,2063,4126,66,271,1225,2008,9,52,200,7371,142.0,29,7,3
1915,0,2127,3411,1858,251,1225,1984,9,85,39,659,170.0,29,0,3
1916,0,2128,2527,6513,251,1225,1998,9,78,200,4182,165.0,29,7,3
1917,0,2580,3377,464,251,1225,1980,9,74,39,2798,161.0,29,0,3
1918,0,2811,3340,2810,251,1225,2013,9,54,200,6192,144.0,29,7,3
1919,0,2864,2527,6344,251,1225,1993,9,59,39,5016,149.0,29,0,3
1920,0,2964,4367,6634,251,1225,2014,9,44,200,5457,135.0,29,7,3
1921,1,3202,4303,7246,603,1225,2020,11,0,234,7502,1.0,79,8,2
1922,0,3222,3855,7275,251,1225,2014,9,40,220,1068,131.0,29,7,3
1924,0,3683,3933,242,251,1225,2005,9,33,353,7412,126.0,29,13,3
1925,0,3689,2166,462,251,1225,2006,9,105,329,7628,192.0,29,12,3
1926,0,3691,2166,455,251,1225,2001,9,118,326,8713,209.0,29,12,0
1927,0,3699,3038,6525,251,1225,2003,9,100,200,2449,187.0,29,7,3
1928,0,3713,3838,6006,251,1225,2016,9,47,200,5871,138.0,29,7,3
1929,0,3879,2166,6516,251,1225,1998,9,98,200,5676,185.0,29,7,3
1930,0,4336,4351,6531,251,1225,2015,9,53,220,2368,143.0,29,7,3
1931,1,4376,4303,7246,506,1225,2020,11,138,108,5366,3.0,78,3,0
1932,0,4589,3393,7246,251,1225,2014,14,217,150,5341,97.0,29,4,0
1933,0,4819,3320,5760,251,1225,1987,9,87,22,4064,172.0,29,0,3
1935,1,5517,4303,6381,736,1225,2019,14,138,86,2631,3.0,80,2,2
1936,1,6025,4303,7171,319,1225,1986,9,174,75,105,6.0,36,2,0
1937,0,5994,251,5362,251,1225,2020,11,6,319,5314,103.0,29,12,2
1938,1,6629,4303,7246,506,1225,2020,11,110,100,6972,2.0,78,3,0
1939,1,7287,4303,2799,603,1225,2020,11,0,487,4002,1.0,79,30,1
1940,0,7429,3481,4778,360,1225,2017,10,201,121,2185,83.0,47,4,0
1941,0,7696,1299,4062,603,1225,2010,8,10,321,6804,107.0,79,12,3
1942,1,7890,4303,2638,506,1225,2020,11,138,108,6466,3.0,78,3,0
1943,0,8289,3463,2106,251,1225,2014,9,19,200,2429,114.0,29,7,3
1944,1,8506,4303,7518,105,1225,2020,9,110,393,7362,2.0,12,16,3
1946,0,8607,1346,887,603,1225,2018,8,213,348,3097,93.0,79,13,0
1947,0,271,3435,5924,251,1224,2020,14,203,121,3544,85.0,29,4,0
1948,1,394,4303,3981,251,1224,2019,10,0,434,3943,1.0,29,17,2
1949,1,779,4349,4830,736,1224,2019,14,0,422,7691,1.0,80,17,2
1950,0,1846,4303,7246,603,1224,2020,11,203,470,3152,85.0,79,27,1
1951,0,2837,988,5259,603,1224,2016,6,40,144,3554,131.0,79,4,3
1952,0,3368,3989,6659,58,1224,2017,11,4,324,6259,101.0,10,12,2
1953,0,5346,3402,4351,251,1224,2019,11,10,319,4678,107.0,29,12,2
1954,0,5592,3694,5310,603,1224,2018,9,202,513,8008,84.0,79,35,1
1955,0,7980,1384,6112,86,1224,2019,8,7,289,6850,104.0,10,10,3
1957,1,8131,4303,5920,736,1224,2019,13,0,422,4005,1.0,80,17,2
1958,0,3711,1068,1927,251,1223,2020,9,73,200,177,160.0,29,7,3
1959,1,5958,4303,1361,435,1223,2020,11,0,238,886,1.0,67,8,2
1960,0,5915,2868,7476,603,1222,2019,8,6,0,2307,103.0,79,0,3
1961,0,2090,4094,5366,603,1221,2020,13,158,125,5003,46.0,79,4,0
1962,1,2939,4303,1442,603,1221,2019,11,110,255,128,2.0,79,8,2
1963,1,3956,4303,5708,251,1221,2019,11,0,403,5896,1.0,29,16,2
1964,0,4474,2991,4586,251,1221,2020,11,17,200,3244,112.0,29,7,2
1965,1,5318,4303,3055,603,1221,2020,11,138,265,444,3.0,79,8,0
1966,0,7072,3179,2516,58,1221,2020,11,201,52,2217,83.0,10,0,0
1968,0,7941,1171,2034,58,1221,2019,9,188,281,6949,72.0,10,10,0
1969,0,8187,4207,4948,58,1221,2020,13,130,121,6186,24.0,10,4,2
1970,0,8263,3332,4572,603,1221,2020,11,7,318,1427,104.0,79,12,2
1971,1,8453,4303,3496,736,1221,2020,11,0,378,3570,1.0,80,16,2
1972,0,8610,4515,1544,247,1221,2019,13,188,121,2628,72.0,27,4,0
1973,1,136,4303,5172,736,1220,2020,11,110,80,6075,2.0,80,2,0
1974,0,2935,2987,1454,488,1220,2019,11,18,329,8454,113.0,74,12,2
1975,0,4358,2659,7246,212,1220,2020,10,119,281,683,21.0,22,10,0
1976,1,8298,4303,6611,212,1220,2020,11,0,412,58,1.0,22,16,2
1977,0,945,11,951,603,1219,2019,6,3,137,6906,100.0,79,4,3
1979,0,1737,4303,7246,603,1219,2020,8,11,274,536,108.0,79,10,3
1980,0,1754,4109,2262,247,1219,2018,11,219,326,3330,99.0,27,12,0
1981,0,7559,4517,3098,444,1219,2020,11,7,361,2435,104.0,69,14,2
1982,0,8055,3412,7123,603,1218,2020,11,186,470,7375,70.0,79,27,1
1983,1,2572,4303,6048,33,1217,2020,11,0,244,3393,1.0,2,8,2
1984,1,3476,4303,3108,484,1216,2020,9,0,385,5316,1.0,73,16,3
1985,1,813,4303,437,736,1215,2020,13,110,422,2603,2.0,80,17,2
1986,0,198,1318,7246,2,1214,2020,9,213,284,5083,93.0,0,10,0
1987,1,617,4303,7149,736,1214,2020,14,110,433,4108,2.0,80,17,2
1988,1,1992,4303,5173,686,1214,2020,14,110,86,8322,2.0,79,2,2
1990,0,2211,1358,1993,342,1214,2017,9,215,319,2543,95.0,44,12,0
1991,1,2846,4303,733,603,1214,2020,12,151,438,8337,4.0,79,17,2
1992,1,6178,4303,5411,603,1214,2020,11,0,498,2182,1.0,79,31,1
1993,1,6255,4303,7,251,1214,2020,11,0,244,2428,1.0,29,8,2
1994,1,7128,4303,1980,506,1214,2020,9,0,109,7461,1.0,78,3,3
1995,1,7412,4303,442,506,1214,2020,12,0,107,1417,1.0,78,3,2
1996,1,7996,1203,7246,603,1214,2020,11,0,234,1489,1.0,79,8,2
1997,0,8244,1312,591,302,1214,2020,11,12,331,2234,109.0,34,12,2
1998,1,8342,4303,5481,162,1214,2020,11,0,413,82,1.0,20,16,2
1999,0,93,1991,5448,603,1213,2019,8,211,362,6251,91.0,79,14,0
2002,0,474,4101,6967,322,1213,2020,11,191,5,5567,75.0,36,0,0
2003,0,4467,2542,4559,412,1213,2020,9,3,217,1412,100.0,60,7,3
2004,0,459,4071,6578,603,1212,2017,8,215,337,5633,95.0,79,12,0
2005,1,1311,4303,386,470,1212,2020,11,0,412,2364,1.0,70,16,2
2006,0,4257,2684,3703,319,1212,2017,6,18,73,5337,113.0,36,1,3
2007,1,8638,4303,3741,354,1212,2019,11,0,244,4117,1.0,47,8,2
2008,0,8674,3303,7246,506,1212,2016,9,211,289,6022,91.0,78,10,0
2009,0,932,1830,947,603,1211,2020,11,177,470,3471,62.0,79,27,1
2010,1,6250,4303,3434,598,1211,2020,14,0,111,3012,1.0,78,3,2
2011,1,8478,4303,7262,603,1211,2018,11,0,291,7404,1.0,79,11,2
2013,0,6136,3776,6893,603,1210,2014,8,213,185,7515,93.0,79,7,0
2014,0,1286,2960,5264,251,1209,2019,9,44,375,5566,135.0,29,15,3
2015,0,1979,1937,3511,736,1209,2019,13,126,121,1736,23.0,80,4,2
2016,0,1980,1937,3512,736,1209,2019,13,126,121,2170,23.0,80,4,2
2017,1,3746,2504,7246,603,1209,2019,11,0,291,6973,1.0,79,11,2
2018,0,6547,1937,3513,736,1209,2019,13,126,121,7170,23.0,80,4,2
2019,0,3503,2984,5692,251,1208,2020,11,4,220,6085,101.0,29,7,2
2020,1,22,4303,7644,603,1207,2020,9,0,300,5595,1.0,79,11,3
2021,0,740,3976,6243,426,1207,2018,9,218,200,3990,98.0,66,7,0
2022,1,1100,4303,2820,370,1207,2020,11,0,418,6526,1.0,50,16,2
2024,0,2753,3128,7488,15,1207,2020,12,6,138,426,103.0,1,4,2
2025,0,3666,3975,6751,603,1207,2019,11,9,318,1333,106.0,79,12,2
2026,1,3817,2280,3557,442,1207,2020,11,110,381,8510,2.0,67,16,2
2027,0,4184,2449,495,603,1207,2020,8,215,309,3205,95.0,79,12,0
2028,0,4624,2753,717,492,1207,2019,9,41,326,6019,132.0,75,12,3
2029,1,7853,4303,5405,249,1207,2020,11,0,244,2216,1.0,28,8,2
2030,1,1998,4303,7246,603,1206,2020,11,110,234,3951,2.0,79,8,2
2031,1,5200,4303,6638,603,1206,2020,9,138,461,4475,3.0,79,23,1
2032,1,7005,4303,2454,50,1206,2020,11,0,385,2759,1.0,6,16,2
2033,0,1360,2049,2448,86,1205,2020,14,200,121,8731,82.0,10,4,0
2035,0,4413,2505,4603,603,1205,2020,11,187,470,5283,71.0,79,27,1
2036,0,6361,3853,7246,383,1204,2020,12,72,138,4881,16.0,51,4,2
2037,0,400,4263,3857,736,1203,2017,11,7,217,7309,104.0,80,7,2
2038,0,436,73,1367,426,1203,2017,11,195,329,2377,79.0,66,12,0
2039,0,2863,3633,3974,251,1203,2020,11,27,326,7846,120.0,29,12,2
2040,0,3285,795,2352,162,1203,2019,11,200,319,1271,82.0,20,12,0
2041,0,4599,3962,5008,603,1203,2019,11,20,288,7633,115.0,79,10,2
2042,0,6484,3237,4687,603,1203,2020,8,16,20,6178,111.0,79,0,3
2043,0,8214,906,895,444,1203,2020,11,15,375,321,110.0,69,15,2
2044,1,8237,4303,1705,603,1203,2020,11,110,291,2126,2.0,79,11,2
2046,0,140,4001,1000,368,1202,2016,12,28,332,4159,121.0,49,12,2
2047,0,573,4277,400,736,1202,2020,9,75,22,1822,162.0,80,0,3
2048,1,4584,4303,6304,251,1202,2020,13,0,433,3991,1.0,29,17,2
2049,0,8073,2297,719,488,1202,2019,11,11,218,1883,108.0,74,7,2
2050,0,676,862,1536,404,1201,2010,11,99,326,23,186.0,58,12,2
2051,0,4088,3805,4289,603,1201,2019,11,21,288,7065,116.0,79,10,2
2052,0,7068,862,5098,402,1201,2005,8,66,326,6653,154.0,58,12,3
2053,1,8354,671,5605,444,1201,2016,9,151,391,4319,4.0,69,16,0
2054,0,2550,39,2059,621,1200,2018,8,8,362,4162,105.0,79,14,3
2055,0,4262,2472,4392,45,1200,2019,13,187,131,7353,71.0,6,4,0
2057,0,6762,2598,6983,603,1200,2020,11,176,470,6058,61.0,79,27,1
2058,0,7370,415,1866,251,1200,2019,9,42,319,876,133.0,29,12,3
2059,0,8264,4516,5397,426,1200,2019,11,218,326,7363,98.0,66,12,0
2060,0,8406,2519,46,506,1200,2011,8,24,337,7041,119.0,78,12,3
2061,0,2382,2886,1696,603,1199,2020,11,176,470,3648,61.0,79,27,1
2062,1,393,4303,6719,319,1198,2014,9,0,77,6331,1.0,36,2,3
2063,1,741,4303,7393,212,1198,2020,11,138,244,88,3.0,22,8,0
2064,0,976,3927,6844,251,1198,2019,9,39,200,3235,130.0,29,7,3
2065,1,1307,4303,6750,736,1198,2020,13,0,422,4006,1.0,80,17,2
2066,0,1309,2911,2149,736,1198,2019,13,14,121,4627,11.0,80,4,2
2068,0,2543,2724,4933,603,1198,2016,11,205,344,1157,87.0,79,12,0
2069,0,3215,2671,911,594,1198,2011,6,34,138,5205,127.0,78,4,3
2070,0,5277,2387,991,603,1198,2016,9,205,202,1140,87.0,79,7,0
2071,0,5528,4510,4796,426,1198,2017,9,206,329,2246,88.0,66,12,0
2072,0,7940,3212,1615,603,1198,2007,8,70,318,2248,158.0,79,12,3
2073,0,8357,1497,4705,736,1198,2020,9,200,329,3353,82.0,80,12,0
2074,0,8402,4451,2363,162,1198,2018,11,213,281,3893,93.0,20,10,0
2075,0,8749,3690,7246,520,1198,2019,11,210,288,6858,90.0,78,10,0
2076,0,451,590,2030,603,1197,2020,11,12,337,7567,109.0,79,12,2
2077,1,477,4303,587,121,1197,2019,9,110,399,1381,2.0,13,16,3
2079,0,520,4303,447,251,1197,2019,9,188,470,4000,72.0,29,27,1
2080,1,5663,4303,5619,426,1197,2020,11,0,405,6158,1.0,66,16,2
2081,1,8089,4303,3260,444,1197,2019,11,0,241,1985,1.0,69,8,2
2082,1,8307,4303,7006,342,1197,2020,11,0,400,549,1.0,44,16,2
2083,0,399,4277,400,251,1196,2020,9,75,22,1822,162.0,29,0,3
2084,1,473,4303,3365,603,1196,2020,11,110,256,1542,2.0,79,8,2
2085,1,2496,4303,5003,319,1196,2020,11,0,412,8103,1.0,36,16,2
2086,0,5519,2324,6380,319,1196,2019,14,218,66,1701,98.0,36,1,0
2087,1,6363,190,5063,412,1196,2020,9,0,512,3936,1.0,60,34,1
2088,0,1696,4216,4291,368,1195,2016,9,6,329,7194,103.0,49,12,3
2090,0,2666,4398,5856,368,1195,2015,11,217,326,6635,97.0,49,12,0
2091,1,3260,4303,6713,603,1195,2020,11,0,491,2455,1.0,79,30,1
2092,0,6758,924,5415,368,1195,2015,11,214,199,1850,94.0,49,7,0
2093,0,6862,3049,132,368,1195,2016,11,4,326,2255,101.0,49,12,2
2094,1,7814,4303,7246,603,1195,2020,11,0,234,140,1.0,79,8,2
2095,0,7862,3129,5398,736,1195,2015,11,47,319,6620,138.0,80,12,2
2096,0,8556,3830,7441,368,1195,2014,9,12,369,3604,109.0,49,15,3
2097,0,5452,1768,5631,603,1194,2020,11,164,470,3057,50.0,79,27,1
2098,0,2600,3543,3425,603,1193,2019,12,15,139,8422,110.0,79,4,2
2099,1,3054,4303,4003,435,1193,2020,9,0,379,8368,1.0,67,16,3
2101,0,2730,4264,1159,603,1192,2019,11,212,345,636,92.0,79,13,0
2102,1,8250,2844,6985,58,1192,2018,11,0,234,6389,1.0,10,8,2
2103,1,2679,4303,2871,603,1191,2020,11,0,488,6425,1.0,79,30,1
2104,1,3238,4303,3992,435,1191,2020,11,0,379,7366,1.0,67,16,2
2105,1,5400,4303,7246,736,1191,2020,10,0,385,3953,1.0,80,16,2
2106,1,5626,4303,1878,2,1191,2020,11,0,241,329,1.0,0,8,2
2107,0,6703,3060,2673,212,1191,2020,11,27,319,7417,120.0,22,12,2
2108,0,6929,1819,6004,251,1191,2019,9,4,375,5349,101.0,29,15,3
2109,0,7393,1044,642,603,1191,2020,8,21,344,592,116.0,79,12,3
2110,0,8694,3938,3603,251,1191,2020,11,22,326,3275,117.0,29,12,2
2113,0,5594,2437,4693,426,1190,2012,12,215,219,407,95.0,66,7,0
2114,1,6480,4303,1649,45,1190,2020,11,0,418,570,1.0,6,16,2
2115,0,8308,4218,7246,405,1190,2018,12,213,136,6875,93.0,58,4,0
2116,1,2103,4303,4988,603,1189,2008,12,0,430,6070,1.0,79,17,2
2117,0,1283,308,581,192,1188,2015,8,29,337,7429,122.0,20,12,3
2118,0,4651,3351,7256,603,1188,2019,11,5,318,3239,102.0,79,12,2
2119,0,4299,3147,6275,603,1188,2015,8,216,27,3900,96.0,79,0,0
2120,1,5203,4261,2825,368,1188,2017,11,0,412,560,1.0,49,16,2
2121,0,6792,3238,7347,603,1188,2016,8,213,344,1565,93.0,79,12,0
2122,0,7164,1776,5214,603,1188,2016,7,213,346,1468,93.0,79,13,0
2124,0,4702,431,1756,736,1187,2017,13,188,442,3010,72.0,80,19,1
2125,1,6736,4303,1508,128,1187,2017,13,0,433,4017,1.0,15,17,2
2126,0,236,3496,3660,534,1186,2019,3,205,125,6053,87.0,78,4,3
2127,0,1748,3580,6815,388,1186,2019,11,215,329,8003,95.0,54,12,0
2128,0,2369,2834,5686,394,1186,2017,11,144,199,2542,33.0,55,7,0
2129,0,3456,3092,4320,212,1186,2020,11,18,220,118,113.0,22,7,2
2130,0,4063,613,4287,426,1186,2010,12,23,219,2225,118.0,66,7,2
2131,0,5363,403,6335,251,1186,2019,9,86,329,4293,171.0,29,12,3
2132,1,6719,4303,5261,251,1186,2020,11,0,393,4541,1.0,29,16,2
2133,0,7189,717,7181,368,1186,2018,9,3,217,2841,100.0,49,7,3
2135,0,2078,4100,6921,319,1185,2019,12,6,2,5250,103.0,36,0,2
2136,1,4207,4303,5299,603,1185,2021,11,0,447,5454,1.0,79,21,2
2137,1,4977,4303,4926,350,1185,2020,11,110,256,8664,2.0,44,8,2
2138,1,5354,4303,6070,736,1185,2019,9,0,387,7103,1.0,80,16,3
2139,1,6386,3159,1455,488,1185,2019,11,0,244,4122,1.0,74,8,2
2140,0,2568,3197,4288,426,1184,2015,12,204,220,8619,86.0,66,7,0
2141,0,8030,2791,4138,603,1184,2020,9,5,230,5146,102.0,79,7,3
2142,1,8473,4303,2137,603,1184,2018,13,110,433,4081,2.0,79,17,2
2143,0,1343,4303,5203,603,1183,2020,14,199,125,4824,81.0,79,4,0
2144,0,2799,515,6057,603,1183,2017,8,4,325,1995,101.0,79,12,3
2146,0,5684,266,7246,342,1183,2020,12,189,281,3266,73.0,44,10,0
2147,0,4235,260,1775,272,1182,2019,9,216,329,3497,96.0,30,12,0
2148,1,946,4303,1028,603,1181,2018,11,151,260,6774,4.0,79,8,0
2149,0,2588,271,6788,603,1181,2018,11,9,325,7965,106.0,79,12,2
2150,0,5521,2356,3814,700,1181,2019,7,206,345,1198,88.0,79,13,0
2151,0,7014,2495,988,396,1180,2019,11,6,332,3351,103.0,55,12,2
2152,0,7972,3843,5723,251,1180,2019,9,48,200,8266,139.0,29,7,3
2153,0,704,2330,408,235,1179,2018,9,207,326,6007,89.0,23,12,0
2154,1,2089,4303,5329,603,1179,2020,13,110,433,7457,2.0,79,17,2
2155,1,2430,4303,2836,368,1179,2018,9,110,394,5086,2.0,49,16,3
2157,0,3159,1822,393,603,1179,2020,8,7,318,1155,104.0,79,12,3
2158,0,3497,2319,3802,251,1179,2019,9,31,331,8555,124.0,29,12,3
2159,1,4148,4303,1674,86,1179,2020,9,0,481,2047,1.0,10,29,1
2160,1,4865,4303,7566,736,1179,2020,9,0,379,7623,1.0,80,16,3
2161,0,6884,1756,987,603,1179,2017,8,17,309,1858,112.0,79,12,3
2162,1,8582,4303,7246,603,1179,2020,11,0,234,3178,1.0,79,8,2
2163,1,1298,4303,7568,319,1178,2020,11,0,80,6763,1.0,36,2,2
2164,0,2655,427,4071,325,1178,2014,9,186,274,2562,70.0,38,10,0
2165,1,632,1710,6752,603,1177,2019,9,196,254,2733,8.0,79,8,0
2166,1,7602,2096,7246,603,1177,2020,11,0,234,1865,1.0,79,8,2
2168,0,8321,2975,7494,603,1177,2020,11,9,289,6921,106.0,79,10,2
2169,0,2085,1670,3516,603,1176,2020,7,217,60,8243,97.0,79,0,0
2170,0,2349,3548,6054,603,1176,2019,6,9,206,1988,106.0,79,7,3
2171,0,8054,1478,7118,603,1176,2020,9,175,470,3054,60.0,79,27,1
2172,1,6769,4303,1138,603,1175,2020,12,138,433,1570,3.0,79,17,2
2173,0,6810,1819,3668,251,1175,2019,9,58,375,2545,148.0,29,15,3
2174,0,7731,184,793,444,1175,2020,11,29,332,2129,122.0,69,12,2
2175,0,1539,4447,6603,603,1174,2016,11,204,199,179,86.0,79,7,0
2176,0,3217,3939,4498,251,1174,1994,9,106,176,2135,193.0,29,6,3
2177,1,3450,4303,7574,319,1174,2015,11,0,80,5233,1.0,36,2,2
2179,1,3471,4303,5538,435,1174,2020,11,0,383,4420,1.0,67,16,2
2180,0,3659,3486,5234,603,1174,2017,8,212,442,97,92.0,79,19,0
2181,0,4211,182,431,79,1174,2018,7,214,220,7289,94.0,10,7,0
2182,1,4625,4165,1538,201,1174,2019,14,162,429,7775,5.0,20,17,2
2183,0,4634,1223,1870,354,1174,2019,10,200,129,8196,82.0,47,4,0
2184,0,5056,4303,6299,506,1174,2020,12,173,442,7075,59.0,78,19,1
2185,1,5078,4303,7570,319,1174,2014,11,0,80,5174,1.0,36,2,2
2186,1,5527,4303,7246,319,1174,2018,9,0,80,6788,1.0,36,2,3
2187,1,6284,4303,3777,603,1174,2014,13,0,422,7276,1.0,79,17,2
2188,0,6980,1352,2490,603,1174,2019,11,207,47,7443,89.0,79,0,0
2190,0,8048,3939,6256,251,1174,1999,10,90,328,999,176.0,29,12,2
2191,0,95,1588,4838,319,1173,2020,11,21,326,7409,116.0,36,12,2
2192,1,1967,4303,1448,342,1173,2020,11,110,398,8066,2.0,44,16,2
2193,0,2649,1805,1872,162,1173,2016,11,204,326,3283,86.0,20,12,0
2194,0,2901,3107,2306,368,1173,2017,9,213,199,867,93.0,49,7,0
2195,1,4276,4303,678,302,1173,2020,11,0,394,4282,1.0,34,16,2
2196,0,4637,2346,6982,603,1173,2020,11,203,288,4867,85.0,79,10,0
2197,1,8253,4303,3550,444,1173,2020,11,110,241,7805,2.0,69,8,2
2198,1,378,4303,886,319,1172,2019,9,0,386,7320,1.0,36,16,3
2199,0,3754,3848,3936,603,1172,2009,11,177,470,6200,62.0,79,27,1
2201,1,6708,4303,5955,506,1172,2020,11,0,97,8020,1.0,78,3,2
2202,1,8542,4303,3722,603,1172,2020,9,0,386,8584,1.0,79,16,3
2203,0,1591,1009,4790,165,1171,2018,11,17,326,1708,112.0,20,12,2
2204,1,2441,4303,7246,736,1171,2020,9,0,393,328,1.0,80,16,3
2205,1,5055,4303,6299,506,1171,2020,12,0,300,7082,1.0,78,11,2
2206,1,5196,4303,1201,45,1171,2020,11,0,415,4417,1.0,6,16,2
2207,0,6271,3410,5825,251,1170,2020,9,28,220,1439,121.0,29,7,3
2208,0,6321,1510,5361,251,1169,2019,9,42,199,3959,133.0,29,7,3
2209,0,8384,4372,7370,251,1169,2020,11,192,470,3994,76.0,29,27,1
2210,0,4531,2067,4858,603,1168,2017,6,200,318,1376,82.0,79,12,0
2212,0,244,813,7509,483,1167,2019,11,68,319,400,156.0,73,12,2
2213,0,1977,1998,2544,426,1167,2015,11,210,375,2371,90.0,66,15,0
2214,1,5876,4303,1287,736,1167,2020,11,0,291,5625,1.0,80,11,2
2215,1,6451,4303,7520,368,1167,2017,9,110,412,7238,2.0,49,16,3
2216,1,7928,4303,2543,603,1167,2020,11,0,446,5156,1.0,79,21,2
2217,1,7653,4303,790,603,1167,2020,11,196,488,2777,8.0,79,30,1
2218,0,384,872,4147,603,1166,2020,12,217,220,7716,97.0,79,7,0
2219,0,410,151,322,342,1166,2020,11,165,470,3075,51.0,44,27,1
2220,1,5144,4303,6934,603,1166,2020,11,0,480,6542,1.0,79,29,1
2221,1,8800,4303,1140,319,1166,2020,9,110,80,5995,2.0,36,2,3
2225,1,7187,3344,2739,487,1166,2020,9,0,414,4290,1.0,73,16,3
2226,1,5359,4303,7246,603,1165,2020,9,0,300,4775,1.0,79,11,3
2227,1,5503,4303,3059,603,1165,2019,11,0,391,7225,1.0,79,16,2
2228,0,8566,3144,556,739,1165,2004,11,218,200,7329,98.0,81,7,0
2229,0,2529,2315,2290,603,1164,2020,11,176,470,1517,61.0,79,27,1
2230,0,3674,2517,5124,251,1164,2019,9,21,199,2582,116.0,29,7,3
2231,1,2101,4303,3106,603,1163,2011,12,0,432,4879,1.0,79,17,2
2232,0,4759,1041,5247,251,1163,2019,9,41,200,5764,132.0,29,7,3
2233,0,8411,998,1724,603,1163,2020,9,84,318,317,17.0,79,12,3
2234,0,6923,3929,2100,725,1162,2013,8,211,318,2741,91.0,79,12,0
2236,0,169,4286,1543,603,1161,2020,11,28,344,8174,121.0,79,12,2
2237,1,622,4303,2936,354,1161,2020,11,0,413,2111,1.0,47,16,2
2238,1,3087,4303,6501,58,1161,2020,11,151,292,4966,4.0,10,11,0
2239,1,4961,4303,583,212,1161,2020,9,0,385,4209,1.0,22,16,3
2240,1,8021,4303,7246,603,1161,2019,12,110,446,7419,2.0,79,21,1
2241,0,1871,679,4171,603,1160,2019,9,194,345,572,78.0,79,13,0
2242,1,2914,4303,2737,105,1160,2020,9,0,415,3005,1.0,12,16,3
2243,0,3148,4186,2995,650,1160,2011,6,215,125,641,95.0,79,4,0
2244,0,3561,3075,7051,603,1160,2019,11,204,318,3382,86.0,79,12,0
2245,0,4022,600,7110,542,1160,2015,8,41,332,4263,132.0,78,12,3
2247,0,5045,4475,3912,319,1160,2019,9,10,2,7470,107.0,36,0,3
2248,1,6456,4303,1334,319,1160,2008,9,0,80,5272,1.0,36,2,3
2249,0,6554,939,4900,589,1160,2015,8,29,309,2912,122.0,78,12,3
2250,0,1259,3511,746,251,1159,2018,9,215,319,3533,95.0,29,12,0
2251,0,2331,3148,4435,456,1159,2019,11,11,332,178,108.0,69,12,2
2252,1,3801,4303,28,603,1159,2020,11,0,234,7662,1.0,79,8,2
2253,0,4610,276,7120,31,1159,2017,8,219,373,2879,99.0,2,15,0
2254,0,6950,4424,743,603,1159,2019,11,6,49,8578,103.0,79,0,2
2255,0,4042,964,4258,603,1158,2020,11,181,470,4008,66.0,79,27,1
2256,1,7564,4303,4770,162,1158,2018,13,0,422,7539,1.0,20,17,2
2258,0,8639,3188,588,394,1158,2019,11,41,39,7933,132.0,55,0,2
2259,1,7247,4303,2878,736,1157,2020,10,0,434,8087,1.0,80,17,2
2260,0,949,3996,954,603,1156,2018,9,170,274,6916,56.0,79,10,0
2261,0,4322,2881,5823,251,1156,2019,11,35,200,1683,128.0,29,7,2
2262,1,279,4303,6148,603,1154,2020,9,0,488,8517,1.0,79,30,1
2263,1,2727,4303,6918,506,1154,2019,11,0,97,3565,1.0,78,3,2
2264,1,2962,4303,4176,603,1154,2020,14,151,433,5126,4.0,79,17,2
2265,1,3512,3946,445,251,1154,2020,11,0,244,563,1.0,29,8,2
2266,1,4505,4303,2160,603,1154,2020,11,0,255,3294,1.0,79,8,2
2267,0,4721,4226,3457,506,1154,2014,8,24,38,2187,119.0,78,0,3
2269,1,7291,4303,48,15,1154,2020,13,110,433,3823,2.0,1,17,2
2270,1,8309,4303,209,162,1154,2020,11,0,389,3879,1.0,20,16,2
2271,0,1261,1105,2217,603,1153,2020,11,217,20,1086,97.0,79,0,0
2272,1,1441,4303,7246,603,1152,2020,11,0,299,7042,1.0,79,11,2
2273,0,178,997,1229,603,1151,2017,8,212,318,3741,92.0,79,12,0
2274,0,4132,2605,5479,444,1151,2020,11,5,200,7739,102.0,69,7,2
2275,1,2077,4303,1462,506,1150,2020,9,0,109,6393,1.0,78,3,3
2276,0,457,4470,2768,342,1149,2020,9,210,220,6761,90.0,44,7,0
2277,1,589,4303,500,58,1149,2019,12,138,417,881,3.0,10,16,2
2278,0,2903,2909,739,251,1148,2017,9,36,329,6133,129.0,29,12,3
2280,1,6223,4303,3034,603,1148,2020,11,0,300,3996,1.0,79,11,2
2281,1,7947,4303,4771,38,1148,2019,11,0,405,2964,1.0,5,16,2
2282,0,638,1151,1837,275,1147,2018,9,9,326,2323,106.0,30,12,3
2283,1,876,4303,4213,435,1147,2017,9,0,379,7519,1.0,67,16,3
2284,1,1165,4303,7246,58,1147,2018,9,0,239,7100,1.0,10,8,3
2285,0,1212,4313,3880,506,1147,2014,12,8,217,2724,105.0,78,7,2
2286,1,1393,4303,3693,319,1147,2018,12,0,92,5598,1.0,36,2,2
2287,1,1472,4303,5681,736,1147,2019,14,0,422,3975,1.0,80,17,2
2288,0,2656,2628,2320,603,1147,2007,13,194,125,2058,78.0,79,4,0
2289,0,2657,2627,2317,707,1147,2008,14,195,125,4030,79.0,79,4,0
2291,0,2658,2626,2318,442,1147,2009,3,194,125,8098,78.0,67,4,3
2292,0,2706,363,3040,251,1147,2020,11,55,353,6521,145.0,29,13,2
2293,0,3540,2823,3153,603,1147,2015,11,187,470,7625,71.0,79,27,1
2294,0,3578,1942,1758,710,1147,2001,3,201,133,8175,83.0,79,4,3
2295,1,4133,4303,3997,435,1147,2017,11,0,379,5763,1.0,67,16,2
2296,0,4260,2472,4394,736,1147,2019,10,199,131,7764,81.0,80,4,0
2297,1,4549,4303,4955,603,1147,2020,11,0,505,1305,1.0,79,31,1
2298,1,4560,4303,6124,361,1147,2017,14,110,422,799,2.0,47,17,2
2299,1,5069,2142,7246,459,1147,2020,11,0,235,6968,1.0,69,8,2
2300,0,5358,1487,2864,349,1147,2006,8,24,330,8739,119.0,44,12,3
2302,0,5516,4151,2442,319,1147,2018,14,218,66,2630,98.0,36,1,0
2303,0,5538,1151,5742,272,1147,2017,11,5,329,1128,102.0,30,12,2
2304,1,5816,4303,4199,435,1147,2015,9,0,379,6309,1.0,67,16,3
2305,0,5872,1971,4786,736,1147,2015,11,206,0,5992,88.0,80,0,0
2306,0,5889,4008,5276,603,1147,2009,8,217,185,8413,97.0,79,7,0
2307,1,6099,4303,6899,435,1147,2017,11,0,383,3870,1.0,67,16,2
2308,1,6488,4303,3837,603,1147,2020,11,0,498,435,1.0,79,31,1
2309,1,6959,4303,6609,435,1147,2017,9,0,379,7988,1.0,67,16,3
2310,0,299,3432,5889,251,1146,2019,9,15,353,1926,110.0,29,13,3
2311,0,405,3947,5167,251,1146,2019,11,203,319,2610,85.0,29,12,0
2313,1,285,4303,718,319,1146,2019,12,0,292,7451,1.0,36,11,2
2314,0,916,2016,1381,603,1146,2019,7,210,233,986,90.0,79,7,0
2315,0,3190,622,4290,603,1146,2019,11,207,185,7971,89.0,79,7,0
2316,1,5139,4303,2679,377,1146,2019,11,138,416,4664,3.0,50,16,0
2317,1,5624,4303,3205,736,1146,2018,14,0,423,3541,1.0,80,17,2
2318,1,5715,4303,407,436,1146,2016,13,0,422,5915,1.0,67,17,2
2319,1,5896,4303,989,435,1146,2018,14,110,423,5109,2.0,67,17,2
2320,1,7076,4303,965,736,1146,2019,11,110,472,6114,2.0,80,28,1
2321,1,8692,4303,7417,105,1146,2019,9,0,412,325,1.0,12,16,3
2322,1,7097,4303,2713,319,1145,2019,9,0,80,5142,1.0,36,2,3
2324,0,3169,4487,5024,319,1144,2019,11,27,326,939,120.0,36,12,2
2325,0,1088,289,3377,426,1143,2013,11,5,25,2945,102.0,66,0,2
2326,0,2197,1185,3552,12,1143,2018,9,189,281,4826,73.0,0,10,0
2327,1,3753,4303,7246,603,1143,2019,11,0,291,2169,1.0,79,11,2
2328,0,7858,3081,5416,736,1143,2018,11,6,217,832,103.0,80,7,2
2329,0,6860,1162,7357,302,1142,2019,11,195,319,8470,79.0,34,12,0
2330,1,6933,4303,815,162,1142,2019,11,0,412,1594,1.0,20,16,2
2331,1,8712,2391,5624,603,1142,2019,11,110,251,5490,2.0,79,8,2
2332,0,2057,4250,492,603,1141,2019,8,217,47,8026,97.0,79,0,0
2333,0,2456,111,7599,319,1141,2017,12,211,74,5338,91.0,36,1,0
2336,0,2826,3620,1668,603,1141,2019,7,216,125,491,96.0,79,4,0
2337,0,3521,1105,420,301,1141,2019,8,6,36,7815,103.0,33,0,3
2338,0,4293,3888,3901,186,1141,2017,8,215,25,5395,95.0,20,0,0
2339,0,6690,1682,3978,603,1141,2019,7,201,358,1351,83.0,79,13,0
2340,1,1289,4303,5056,319,1140,2019,11,110,85,5658,2.0,36,2,0
2341,0,1652,3232,5446,342,1140,2019,9,22,219,7312,117.0,44,7,3
2342,0,3609,3466,3424,603,1140,2019,12,186,125,5052,70.0,79,4,0
2343,1,4186,4303,5094,603,1140,2019,12,110,482,1760,2.0,79,29,1
2344,0,3496,999,4898,603,1139,2019,8,210,513,1740,90.0,79,35,1
2345,1,5609,4303,3782,603,1139,2012,9,174,488,2651,6.0,79,30,1
2347,0,745,2466,6671,15,1138,2019,13,204,150,2188,86.0,1,4,0
2348,0,4185,4061,2806,368,1138,2017,12,204,217,5456,86.0,49,7,0
2349,1,368,4303,3968,341,1137,2019,11,0,412,471,1.0,43,16,2
2350,0,904,3108,5458,368,1137,2014,9,18,329,8002,113.0,49,12,3
2351,0,2359,1253,2220,736,1137,2018,11,200,366,5703,82.0,80,15,0
2352,0,3474,1332,6008,368,1137,2015,12,51,329,1248,141.0,49,12,2
2353,0,7147,3108,5454,736,1137,2015,11,10,326,3323,107.0,80,12,2
2354,0,7832,1289,660,561,1137,2019,7,33,309,2667,126.0,78,12,3
2355,1,7895,4303,2681,702,1137,2019,11,0,405,4035,1.0,79,16,2
2356,0,355,3585,7246,690,1136,2019,12,131,281,653,25.0,79,10,2
2358,1,8212,4303,2384,162,1136,2019,11,0,394,5372,1.0,20,16,2
2359,1,8245,4303,4707,394,1136,2019,11,110,244,2404,2.0,55,8,2
2360,1,2045,2639,7246,589,1135,2019,11,0,234,1273,1.0,78,8,2
2361,1,6460,4303,5587,603,1135,2019,11,0,462,5246,1.0,79,23,1
2362,0,5933,3803,6115,603,1134,2019,11,178,470,5912,63.0,79,27,1
2363,0,6335,3074,5122,36,1133,2018,11,45,199,3421,136.0,3,7,2
2364,0,7052,4228,1966,597,1133,2015,8,27,319,4300,120.0,78,12,3
2365,0,792,2164,6010,251,1132,2015,9,43,200,6009,134.0,29,7,3
2366,1,1553,4303,3634,435,1132,2016,12,0,379,2942,1.0,67,16,2
2367,1,1618,4303,3635,603,1132,2015,13,110,423,7714,2.0,79,17,2
2369,1,1708,4303,2765,435,1132,2019,9,0,379,858,1.0,67,16,3
2370,1,1716,3079,2119,368,1132,2018,11,0,412,3772,1.0,49,16,2
2371,0,1982,1260,20,251,1132,2001,9,98,200,4938,185.0,29,7,3
2372,0,1983,4513,601,251,1132,2015,11,89,200,8466,174.0,29,7,2
2373,0,2037,1260,6521,251,1132,2006,9,82,52,993,169.0,29,0,3
2374,0,2038,1260,6522,255,1132,2011,9,58,53,8557,148.0,29,0,3
2375,0,2597,2927,5733,251,1132,2013,9,44,22,3869,135.0,29,0,3
2376,0,2641,29,67,251,1132,2011,9,44,375,1276,135.0,29,15,3
2377,1,2740,4282,4531,319,1132,2012,12,0,80,5343,1.0,36,2,2
2378,0,3123,1282,155,736,1132,2019,9,207,129,8565,89.0,80,4,0
2380,0,3142,3449,6495,251,1132,2007,9,24,200,7087,119.0,29,7,3
2381,0,3459,1699,1572,368,1132,2017,9,218,220,6096,98.0,49,7,0
2382,0,3719,4345,2230,251,1132,2010,9,44,332,7632,135.0,29,12,3
2383,0,3970,1260,454,251,1132,2004,12,98,39,1781,185.0,29,0,2
2384,0,4267,4513,2232,251,1132,2009,9,68,329,7795,156.0,29,12,3
2385,0,5544,3884,5407,235,1132,2017,11,7,200,358,104.0,23,7,2
2386,0,5901,31,2229,251,1132,2008,9,48,328,3834,139.0,29,12,3
2387,1,6127,4303,2316,603,1132,2012,14,110,433,4730,2.0,79,17,2
2388,0,6730,3449,19,251,1132,2012,9,50,332,6031,140.0,29,12,3
2389,1,8544,4303,2315,603,1132,2005,14,138,433,5951,3.0,79,17,2
2391,0,8765,4513,2732,251,1132,2011,9,66,200,7207,154.0,29,7,3
2392,0,118,2771,6191,603,1131,2019,8,36,36,1797,129.0,79,0,3
2393,0,253,3554,833,368,1131,2016,11,219,217,828,99.0,49,7,0
2394,0,4913,638,5859,426,1131,2017,11,3,220,7857,100.0,66,7,2
2395,0,5179,3108,7246,368,1131,2016,9,15,220,2423,110.0,49,7,3
2396,0,6214,549,4862,736,1131,2018,9,10,329,3451,107.0,80,12,3
2397,0,6828,1094,6139,483,1131,2019,11,215,375,2357,95.0,73,15,0
2398,0,8761,3554,5968,736,1131,2018,11,207,375,1851,89.0,80,15,0
2399,0,3488,3501,2908,506,1130,2019,11,180,470,5012,65.0,78,27,1
2400,0,7736,3889,6093,268,1129,2019,11,53,326,2002,143.0,29,12,2
2402,0,2801,3716,368,150,1128,2017,9,4,217,2623,101.0,18,7,3
2403,0,4567,2347,4960,603,1128,2019,11,175,470,3043,60.0,79,27,1
2404,0,173,3534,4355,603,1127,2019,12,137,125,5261,29.0,79,4,0
2405,0,3461,4271,3361,603,1127,2017,8,212,346,2564,92.0,79,13,0
2406,0,6002,4047,5696,251,1126,2019,9,87,52,4435,172.0,29,0,3
2407,0,5113,174,5647,45,1125,2019,7,217,312,2561,97.0,6,12,0
2408,1,653,4303,6589,603,1124,2019,11,0,487,8657,1.0,79,30,1
2409,0,786,452,1344,368,1124,2017,9,11,217,5960,108.0,49,7,3
2410,0,1392,3173,3695,736,1124,2017,9,10,326,1145,107.0,80,12,3
2411,1,2604,4303,1186,603,1124,2020,12,162,487,6452,5.0,79,30,1
2413,0,4436,3051,6414,589,1124,2019,8,46,309,1500,137.0,78,12,3
2414,0,5079,419,7571,319,1124,2017,11,9,5,4539,106.0,36,0,2
2415,0,6394,1195,2865,368,1124,2017,11,20,326,3208,115.0,49,12,2
2416,0,6492,4303,424,603,1124,2019,14,158,121,5254,46.0,79,4,2
2417,1,6771,4303,5990,319,1124,2019,12,0,81,6338,1.0,36,2,2
2418,1,6996,2837,5504,45,1124,2019,11,110,414,3234,2.0,6,16,2
2419,1,7020,3546,7246,603,1124,2019,9,0,234,4151,1.0,79,8,3
2420,1,7974,4303,7308,444,1124,2019,11,0,400,3858,1.0,69,16,2
2421,1,8146,4303,2178,736,1124,2019,11,0,240,1879,1.0,80,8,2
2422,0,8632,3108,5457,368,1124,2016,9,212,200,554,92.0,49,7,0
2424,0,8633,3108,7226,571,1124,2017,12,213,200,1692,93.0,78,7,0
2425,0,160,1985,6130,603,1123,2019,12,203,143,2993,85.0,79,4,0
2426,0,7320,4303,4718,603,1123,2019,11,130,274,5064,24.0,79,10,0
2427,1,8330,4303,2775,603,1123,2019,11,0,480,412,1.0,79,29,1
2428,1,7387,4303,7188,603,1122,2019,11,110,487,1533,2.0,79,30,1
2429,1,7629,4303,5623,105,1122,2019,12,0,417,1217,1.0,12,16,2
2430,1,7687,4303,3792,121,1122,2019,9,0,391,1710,1.0,13,16,3
2431,0,7991,2438,7048,603,1121,2019,11,170,470,5538,56.0,79,27,1
2432,1,5059,4303,2121,603,1120,2018,11,0,507,8610,1.0,79,32,1
2433,0,164,2840,4164,603,1119,2019,6,204,131,3220,86.0,79,4,0
2435,0,739,4344,5359,251,1119,2019,12,34,220,8429,127.0,29,7,2
2436,0,1755,2713,4276,603,1119,2014,8,213,344,1066,93.0,79,12,0
2437,0,1866,2880,3964,393,1119,2019,11,214,332,1077,94.0,54,12,0
2438,1,2150,4303,4025,603,1119,2018,11,151,488,2920,4.0,79,30,1
2439,0,3068,3158,5358,251,1119,2019,9,27,220,3986,120.0,29,7,3
2440,0,3443,3820,7246,15,1119,2019,11,11,281,6868,108.0,1,10,2
2441,0,3580,2981,3311,251,1119,2017,9,44,329,2211,135.0,29,12,3
2442,0,3969,4303,2618,251,1119,2016,12,16,329,4092,111.0,29,12,2
2443,0,4343,1392,2622,506,1119,2017,9,43,200,84,134.0,78,7,3
2444,0,5656,1700,471,251,1119,2018,12,46,329,1463,137.0,29,12,2
2447,1,6466,4303,3995,736,1119,2016,13,110,424,156,2.0,80,17,2
2448,0,6772,4113,4058,488,1119,2019,9,6,141,6806,103.0,74,4,3
2449,0,7981,2934,2614,251,1119,2017,9,42,200,506,133.0,29,7,3
2450,0,8435,4091,5270,162,1119,2019,11,215,283,5411,95.0,20,10,0
2451,0,8596,4283,2064,403,1119,2015,11,33,332,1457,126.0,58,12,2
2452,1,1511,4303,2553,435,1118,2019,9,0,379,2892,1.0,67,16,3
2453,0,2860,2485,1417,742,1118,2019,10,182,281,3925,67.0,81,10,0
2454,0,7927,33,6696,251,1118,2019,9,44,200,522,135.0,29,7,3
2455,0,663,2697,4566,199,1117,2019,9,9,319,2492,106.0,20,12,3
2456,1,1506,4303,73,516,1117,2019,13,110,422,5234,2.0,78,17,2
2458,0,1715,2921,5854,368,1117,2018,11,10,223,5470,107.0,49,7,2
2459,0,3281,2144,2570,162,1117,2019,11,199,319,5909,81.0,20,12,0
2460,0,3705,2552,7011,426,1117,2016,11,10,326,6597,107.0,66,12,2
2461,1,3942,4303,3785,351,1117,2019,11,110,241,6829,2.0,44,8,2
2462,0,3968,2864,5380,736,1117,2018,11,23,217,7532,118.0,80,7,2
2463,0,5415,733,845,368,1117,2018,11,15,212,1715,110.0,49,7,2
2464,0,6830,3598,5855,368,1117,2017,11,7,25,5489,104.0,49,0,2
2465,1,6989,4303,6543,736,1117,2019,9,0,393,942,1.0,80,16,3
2466,0,7324,4212,6291,368,1117,2018,9,213,332,7847,93.0,49,12,0
2467,0,3115,2409,6099,603,1116,2019,12,214,138,1331,94.0,79,4,0
2469,1,4055,4303,5373,319,1116,2019,9,0,80,8737,1.0,36,2,3
2470,1,4273,4303,7246,45,1116,2019,11,0,403,3825,1.0,6,16,2
2471,1,4544,4303,1797,603,1116,2019,12,0,487,1119,1.0,79,30,1
2472,1,4926,4303,4646,162,1116,2019,11,0,410,2906,1.0,20,16,2
2473,0,1908,1150,1612,603,1115,2008,8,46,36,4715,137.0,79,0,3
2474,0,2308,476,5833,251,1115,2019,9,43,220,8145,134.0,29,7,3
2475,0,4125,3321,6400,736,1115,2019,14,184,125,4445,69.0,80,4,0
2476,0,6930,1169,7369,78,1115,2019,11,9,318,1679,106.0,10,12,2
2477,0,7319,2671,6037,603,1115,2019,8,118,309,4203,209.0,79,12,3
2478,0,4592,3826,4975,603,1114,2019,11,204,470,3044,86.0,79,27,1
2480,0,6643,3991,2050,603,1114,2019,13,130,121,4985,24.0,79,4,2
2481,1,7035,4303,4510,394,1114,2015,11,110,244,6648,2.0,55,8,2
2482,0,8185,4303,4949,736,1114,2019,13,158,121,2355,46.0,80,4,0
2483,1,8775,4303,4599,342,1114,2019,11,0,397,2285,1.0,44,16,2
2484,0,5582,3741,5816,251,1113,2019,9,22,39,2640,117.0,29,0,3
2485,0,8538,2661,7246,444,1113,2019,11,205,281,3590,87.0,69,10,0
2486,0,6293,3469,5350,603,1112,2017,8,28,344,7440,121.0,79,12,3
2487,1,5212,4303,7517,105,1111,2019,9,0,411,2607,1.0,12,16,3
2488,0,1237,2103,4473,162,1110,2019,11,217,319,7270,97.0,20,12,0
2489,1,2029,4303,1877,603,1110,2019,9,0,498,3410,1.0,79,31,1
2491,0,2741,4282,4532,319,1110,2015,11,28,5,6563,121.0,36,0,2
2492,0,4593,4303,4975,603,1110,2008,11,170,470,5344,56.0,79,27,1
2493,1,4962,4303,5332,603,1110,2019,12,110,446,5000,2.0,79,21,1
2494,1,4978,4303,7246,603,1110,2019,11,0,234,5894,1.0,79,8,2
2495,1,5094,4303,7303,45,1110,2019,11,0,410,822,1.0,6,16,2
2496,0,6264,2975,1225,603,1110,2019,11,24,289,3593,119.0,79,10,2
2497,1,6340,4303,5336,423,1110,2019,11,0,385,5673,1.0,63,16,2
2498,1,7104,4303,2891,621,1110,2019,14,138,432,2348,3.0,79,17,2
2499,1,8166,4303,413,603,1110,2019,14,196,433,2514,8.0,79,17,2
2500,0,7354,2914,7266,603,1109,2019,9,213,132,5306,93.0,79,4,0
2502,1,795,4303,7282,488,1108,2019,11,0,410,5207,1.0,74,16,2
2503,0,1008,1234,968,603,1108,2019,11,204,274,6847,86.0,79,10,0
2504,0,2061,2151,516,251,1108,2019,9,43,329,1294,134.0,29,12,3
2505,1,3116,4303,1525,212,1108,2019,11,0,412,51,1.0,22,16,2
2506,0,4173,2085,4352,342,1108,2019,10,136,284,5229,28.0,44,10,0
2507,0,4372,3381,3267,251,1108,2019,9,40,319,1014,131.0,29,12,3
2508,1,8581,4303,7246,162,1108,2019,11,0,235,8384,1.0,20,8,2
2509,0,3323,4005,2800,603,1107,2019,11,194,470,4157,78.0,79,27,1
2510,1,4638,4303,7423,736,1107,2019,9,0,393,1779,1.0,80,16,3
2511,1,1331,4303,6151,483,1106,2019,11,0,417,8049,1.0,73,16,2
2513,0,3447,4194,7246,159,1105,2019,11,213,25,3171,93.0,19,0,0
2514,0,3534,3533,3153,603,1105,2014,11,202,470,2146,84.0,79,27,1
2515,0,6616,3752,1194,531,1105,2015,7,10,326,2684,107.0,78,12,3
2516,0,7227,1161,2790,630,1105,2013,8,4,346,3250,101.0,79,13,3
2517,1,660,4303,573,483,1104,2003,9,0,390,3446,1.0,73,16,3
2518,0,2148,4400,384,564,1104,2019,8,10,337,4344,107.0,78,12,3
2519,0,2209,145,7399,121,1104,2019,9,190,281,4663,74.0,13,10,0
2520,0,2624,2732,5679,2,1104,2019,12,175,148,5396,60.0,0,4,0
2521,0,2867,383,142,251,1104,2019,11,53,39,856,143.0,29,0,2
2522,0,3181,3858,364,251,1104,2019,9,8,212,1368,105.0,29,7,3
2524,1,3297,4303,1291,603,1104,2019,11,0,446,4537,1.0,79,21,2
2525,1,3381,4303,4212,435,1104,2013,9,0,379,1579,1.0,67,16,3
2526,1,3669,4303,246,319,1104,2010,12,110,92,8408,2.0,36,2,2
2527,0,3671,2966,247,319,1104,2011,12,15,72,6679,110.0,36,1,2
2528,0,3839,3824,3072,467,1104,2019,6,218,125,1015,98.0,69,4,0
2529,1,3943,4303,1550,483,1104,2004,11,0,390,1580,1.0,73,16,2
2530,1,4138,4303,3192,603,1104,2019,13,110,422,2781,2.0,79,17,2
2531,1,4882,4303,574,483,1104,2002,12,0,394,2441,1.0,73,16,2
2532,1,4895,4303,3495,435,1104,2017,9,0,379,959,1.0,67,16,3
2533,0,6627,4315,5184,271,1104,2018,9,190,281,1253,74.0,29,10,0
2535,1,7012,4303,314,342,1104,2019,11,0,241,104,1.0,44,8,2
2536,0,7182,2539,5053,319,1104,2013,9,158,70,7930,46.0,36,1,0
2537,1,7772,4303,5517,488,1104,2019,11,0,405,7415,1.0,74,16,2
2538,1,7807,4303,7246,603,1104,2019,9,138,297,6625,3.0,79,11,0
2539,1,7918,4303,1784,492,1104,2019,11,110,244,1606,2.0,75,8,2
2540,1,8513,4303,7161,736,1104,2003,9,0,392,6183,1.0,80,16,3
2541,0,2347,1396,2210,162,1103,2019,11,168,470,4978,54.0,20,27,1
2542,1,4852,4303,4238,488,1103,2019,9,0,393,5243,1.0,74,16,3
2543,1,4411,4303,1849,11,1102,2020,11,0,304,4776,1.0,0,11,2
2544,1,1495,4303,4209,435,1101,2019,9,110,383,2521,2.0,67,16,3
2546,0,3542,810,3157,603,1101,2019,11,173,470,3038,59.0,79,27,1
2547,0,238,4223,1505,603,1100,2009,8,3,320,7141,100.0,79,12,3
2548,1,5643,4303,2214,105,1100,2019,9,0,396,5550,1.0,12,16,3
2549,0,8032,2060,7246,603,1100,2019,11,206,274,7416,88.0,79,10,0
2550,1,4127,4303,1831,251,1099,2019,11,138,393,215,3.0,29,16,0
2551,1,2838,4303,7246,506,1098,2019,9,0,100,3995,1.0,78,3,3
2552,1,2840,4303,4893,520,1098,2019,14,0,430,5525,1.0,78,17,2
2553,0,4045,2498,2849,603,1098,2019,7,213,201,1073,93.0,79,7,0
2554,0,5372,4444,6295,162,1098,2019,11,214,39,5317,94.0,20,0,0
2555,1,8601,4303,3562,121,1098,2019,11,110,241,2004,2.0,13,8,2
2558,0,8230,3224,6091,251,1097,2016,9,28,375,969,121.0,29,15,3
2559,0,1274,3297,7435,603,1096,2019,11,194,309,1064,78.0,79,12,0
2560,1,5992,4303,7578,319,1096,2019,9,0,244,4202,1.0,36,8,3
2561,0,6232,4506,1792,108,1096,2018,9,21,39,2620,116.0,12,0,3
2562,0,4261,2472,4391,45,1095,2019,10,205,131,5251,87.0,6,4,0
2563,1,6036,4303,3178,603,1095,2014,12,110,433,7311,2.0,79,17,2
2564,0,6198,2989,6479,603,1095,2019,11,176,470,5925,61.0,79,27,1
2565,1,7124,4303,3240,506,1095,2019,11,110,108,162,2.0,78,3,0
2566,0,7455,443,219,603,1095,2017,8,218,199,5577,98.0,79,7,0
2567,0,8201,2122,3991,435,1095,2019,11,30,329,1127,123.0,67,12,2
2569,0,8278,2409,4914,603,1095,2019,8,203,185,7818,85.0,79,7,0
2570,1,4509,4303,7407,506,1094,2016,12,138,108,4400,3.0,78,3,0
2571,0,4619,2703,3543,603,1094,2016,9,194,274,5675,78.0,79,10,0
2572,0,5289,3168,5543,251,1094,2019,11,6,332,6319,103.0,29,12,2
2573,1,7085,4303,7246,603,1094,2019,11,0,234,52,1.0,79,8,2
2574,0,24,4303,2847,603,1093,2014,13,156,442,5167,44.0,79,19,1
2575,0,168,3774,1914,603,1093,2014,14,183,125,4832,68.0,79,4,0
2576,1,909,4303,1067,603,1093,2015,10,0,433,6606,1.0,79,17,2
2577,0,1000,3774,3893,621,1093,2012,12,183,131,2819,68.0,79,4,0
2578,0,2275,3785,1230,603,1093,2017,13,184,121,2295,69.0,79,4,0
2580,0,3053,3438,4747,709,1093,2017,12,199,125,7718,81.0,79,4,0
2581,0,3584,3986,1459,621,1093,2013,13,184,125,1578,69.0,79,4,0
2582,0,3910,1918,2848,603,1093,2016,12,183,121,1257,68.0,79,4,0
2583,0,4060,4360,5792,603,1093,2015,12,183,125,8011,68.0,79,4,0
2584,0,6945,1197,7312,621,1093,2010,13,204,125,8226,86.0,79,4,0
2585,0,7476,4412,2374,603,1093,2015,13,152,125,2037,40.0,79,4,0
2586,1,8372,4303,7314,603,1093,2013,10,138,433,8137,3.0,79,17,0
2587,0,227,2615,1213,444,1092,2019,11,214,217,6668,94.0,69,7,0
2588,1,267,4303,6430,603,1092,2015,12,0,294,7469,1.0,79,11,2
2589,1,328,4303,7614,162,1092,2018,11,0,244,4437,1.0,20,8,2
2591,0,515,2233,3919,603,1092,2019,11,210,309,7273,90.0,79,12,0
2592,1,1024,4303,997,603,1092,2016,9,151,389,3030,4.0,79,16,0
2593,0,1534,1551,6640,603,1092,2017,12,17,309,7513,112.0,79,12,2
2594,0,1531,1715,3602,506,1092,2018,11,4,185,8558,101.0,78,7,2
2595,1,1291,4303,7597,319,1092,2008,12,110,92,5275,2.0,36,2,2
2596,0,2110,4126,2933,251,1092,2019,9,24,52,842,119.0,29,0,3
2597,0,2447,1117,7246,603,1092,2019,11,152,274,4772,40.0,79,10,0
2598,1,2896,4303,836,319,1092,2015,9,110,85,4945,2.0,36,2,3
2599,0,3117,1219,6021,603,1092,2019,12,204,143,8209,86.0,79,4,0
2600,0,3120,2766,3825,603,1092,2018,6,212,132,4210,92.0,79,4,0
2602,1,4241,4303,3625,319,1092,2014,12,110,89,4178,2.0,36,2,2
2603,1,4347,4303,835,319,1092,2010,9,0,88,7335,1.0,36,2,3
2604,1,4669,4303,3896,319,1092,2016,9,110,80,5530,2.0,36,2,3
2605,1,5670,4303,1034,686,1092,2019,9,0,385,6402,1.0,79,16,3
2606,0,6066,555,862,603,1092,2019,12,211,132,3701,91.0,79,4,0
2607,1,6941,4303,1044,603,1092,2019,11,110,446,6363,2.0,79,21,1
2608,1,7073,4303,7354,59,1092,2019,14,138,422,6426,3.0,10,17,2
2609,0,7271,2568,1251,736,1092,2019,11,147,442,6513,36.0,80,19,1
2610,0,7344,1003,7072,554,1092,2019,8,51,309,7693,141.0,78,12,3
2611,0,7470,2587,2011,303,1092,2019,11,10,326,527,107.0,34,12,2
2613,0,7562,1240,7246,342,1092,2007,11,217,281,8450,97.0,44,10,0
2614,0,8179,4303,4949,58,1092,2019,13,130,121,4988,24.0,10,4,2
2615,1,8373,4303,2163,9,1092,2006,11,0,400,5074,1.0,0,16,2
2616,1,8471,4303,4413,212,1092,2019,11,0,414,797,1.0,22,16,2
2617,0,8780,3584,6475,342,1092,2016,11,207,283,7069,89.0,44,10,0
2618,0,2849,2090,2501,2,1091,2019,11,180,470,2476,65.0,0,27,1
2619,1,3675,4303,6966,686,1091,2019,11,110,80,5495,2.0,79,2,0
2620,1,5120,875,405,483,1091,2019,11,0,242,7533,1.0,73,8,2
2621,1,6385,4303,6542,736,1091,2019,11,0,244,3361,1.0,80,8,2
2622,1,1230,3166,6898,435,1090,2016,9,0,379,223,1.0,67,16,3
2624,0,4516,3758,4493,251,1090,2019,11,33,329,4644,126.0,29,12,2
2625,1,8062,4303,6607,435,1090,2017,9,0,379,6568,1.0,67,16,3
2626,1,8203,4303,7091,736,1090,2019,9,0,244,316,1.0,80,8,3
2627,0,633,612,751,603,1089,2019,11,178,470,4563,63.0,79,27,1
2628,1,6273,4303,5908,603,1089,2018,11,0,305,4492,1.0,79,11,2
2629,0,7686,4303,7246,603,1089,2019,9,49,281,1492,14.0,79,10,3
2630,0,146,1240,7246,350,1088,2019,12,136,281,6843,28.0,44,10,2
2631,0,4113,2706,2719,506,1088,2018,10,111,284,4522,20.0,78,10,0
2632,1,8419,4303,7657,105,1087,2019,12,0,396,6111,1.0,12,16,2
2633,1,202,4303,4121,105,1086,2019,10,0,396,1038,1.0,12,16,2
2635,1,1120,4303,7450,603,1085,2020,11,174,487,5313,6.0,79,30,1
2636,1,1241,4303,5183,45,1085,2019,11,0,244,2352,1.0,6,8,2
2637,0,1666,3131,5263,492,1085,2014,11,9,332,5971,106.0,75,12,2
2638,0,2026,854,1964,603,1085,2019,8,23,197,4328,118.0,79,7,3
2639,1,2114,4303,2753,444,1085,2019,11,0,241,3845,1.0,69,8,2
2640,0,3463,544,7246,726,1085,2019,11,34,274,6540,127.0,79,10,2
2641,1,4738,4303,3504,2,1085,2018,11,0,241,6998,1.0,0,8,2
2642,0,4886,2826,6505,736,1085,2019,12,176,364,5,61.0,80,15,0
2643,1,4960,4303,759,162,1085,2019,9,0,385,5584,1.0,20,16,3
2644,1,4964,4303,4115,444,1085,2019,12,0,387,5582,1.0,69,16,2
2646,0,5752,4499,1210,603,1085,2019,11,204,349,1632,86.0,79,13,0
2647,0,6870,2827,2822,475,1085,2018,11,214,200,5741,94.0,71,7,0
2648,1,7849,4303,6449,105,1085,2019,9,0,407,4452,1.0,12,16,3
2649,1,1858,4303,1507,603,1084,2019,11,0,477,5203,1.0,79,29,1
2650,0,2156,285,2964,603,1084,2019,7,200,288,2228,82.0,79,10,0
2651,0,5838,1442,5400,422,1084,2019,9,212,350,1314,92.0,63,13,0
2652,1,1208,4303,1706,603,1083,2019,11,0,291,2974,1.0,79,11,2
2653,0,1805,1619,6759,603,1083,2019,12,166,274,3987,52.0,79,10,0
2654,0,4477,4485,7652,241,1083,2018,9,11,52,4885,108.0,26,0,3
2655,0,3548,1435,3200,603,1082,2019,11,182,290,5038,67.0,79,10,0
2657,0,2554,501,6568,506,1081,2016,8,211,24,1060,91.0,78,0,0
2658,0,4123,3321,7246,736,1080,2019,14,181,125,5098,66.0,80,4,0
2659,0,7016,4172,4789,169,1080,2018,7,23,332,3778,118.0,20,12,3
2660,0,17,73,832,430,1079,2017,9,205,220,1856,87.0,66,7,0
2661,1,1541,4303,7246,736,1079,2019,13,0,422,7004,1.0,80,17,2
2662,0,1543,4303,7246,736,1079,2019,13,159,121,3000,47.0,80,4,0
2663,0,1544,4303,7246,736,1079,2019,13,170,121,4741,56.0,80,4,0
2664,0,1545,4303,7246,736,1079,2019,13,176,121,3949,61.0,80,4,0
2665,0,1546,4303,7246,736,1079,2019,13,145,121,5267,34.0,80,4,2
2666,0,2221,814,1302,603,1079,2019,11,218,345,8596,98.0,79,13,0
2669,0,3343,1332,6265,736,1079,2018,11,219,326,1174,99.0,80,12,0
2670,1,3406,4303,7246,506,1079,2019,12,0,104,2637,1.0,78,3,2
2671,1,4104,4303,1353,506,1079,2019,13,110,110,7456,2.0,78,3,2
2672,0,4245,4492,831,492,1079,2017,9,215,220,7904,95.0,75,7,0
2673,1,4583,4303,6303,251,1079,2019,13,0,433,3952,1.0,29,17,2
2674,1,4297,4303,3994,736,1079,2017,14,0,423,5049,1.0,80,17,2
2675,0,6216,931,964,444,1079,2019,11,3,200,7319,100.0,69,7,2
2676,1,6489,4303,422,603,1079,2019,14,110,422,3651,2.0,79,17,2
2677,0,6756,1106,5791,368,1079,2017,11,4,39,3305,101.0,49,0,2
2678,0,6784,1135,7246,506,1079,2019,11,204,274,4759,86.0,78,10,0
2680,0,7398,4019,4867,603,1079,2019,8,216,197,8051,96.0,79,7,0
2681,1,8072,4303,3368,354,1079,2017,11,110,409,5828,2.0,47,16,2
2682,0,8317,4257,852,368,1079,2018,9,219,326,857,99.0,49,12,0
2683,0,8322,4289,5729,251,1079,2019,9,17,200,4217,112.0,29,7,3
2684,0,8362,1489,2247,272,1079,2017,9,34,312,5482,127.0,30,12,3
2685,1,1515,4303,4131,105,1078,2019,9,110,242,7954,2.0,12,8,3
2686,1,6709,4303,7394,15,1078,2019,12,0,440,8404,1.0,1,17,2
2687,1,594,4303,6470,435,1077,2016,11,0,379,1083,1.0,67,16,2
2688,0,2712,479,7246,603,1077,2019,11,122,274,6063,22.0,79,10,0
2689,0,4005,2408,7246,603,1077,2019,11,194,274,3571,78.0,79,10,0
2691,0,5390,2278,5536,435,1077,2019,11,178,470,5139,63.0,67,27,1
2692,1,6146,4303,1360,435,1077,2015,9,0,379,3548,1.0,67,16,3
2693,0,6348,814,6561,718,1077,2015,8,217,345,1052,97.0,79,13,0
2694,0,7181,2461,747,603,1077,2018,11,204,289,6176,86.0,79,10,0
2695,1,1058,92,2550,492,1076,2014,11,0,244,1585,1.0,75,8,2
2696,0,4446,1807,4717,58,1075,2019,9,177,470,5766,62.0,10,27,1
2697,0,6584,2422,3920,162,1074,2019,11,216,326,7186,96.0,20,12,0
2698,1,7416,4303,4214,435,1074,2019,9,0,238,1835,1.0,67,8,3
2699,0,1285,1507,801,492,1073,2017,11,7,220,784,104.0,75,7,2
2700,0,2186,4359,32,603,1073,2019,11,30,344,4016,123.0,79,12,2
2702,0,2536,570,6283,603,1073,2019,11,3,513,1868,100.0,79,35,1
2703,1,3391,4303,1578,603,1073,2019,11,110,492,165,2.0,79,30,1
2704,0,6922,566,2388,368,1073,2019,9,219,326,8564,99.0,49,12,0
2705,0,7165,3920,4016,319,1073,2019,11,63,332,237,151.0,36,12,2
2706,1,7266,4303,4606,162,1073,2020,11,110,393,7776,2.0,20,16,2
2707,0,7299,1060,4601,451,1073,2019,11,5,350,2713,102.0,69,13,2
2708,1,960,4303,4168,736,1072,2018,14,0,86,8704,1.0,80,2,2
2709,0,2619,2967,2391,736,1072,2019,9,66,366,6093,154.0,80,15,3
2710,1,8243,4303,3895,319,1072,2019,9,0,80,3179,1.0,36,2,3
2711,0,349,1857,3521,603,1071,2019,7,9,337,8537,106.0,79,12,3
2713,0,3132,2158,6739,603,1071,2019,9,205,344,5832,87.0,79,12,0
2714,1,5851,4303,1191,603,1071,2019,11,0,446,4840,1.0,79,21,2
2715,0,1928,3649,1809,603,1070,2019,11,186,470,3434,70.0,79,27,1
2716,0,7755,4303,5199,603,1070,2019,14,158,125,7769,46.0,79,4,2
2717,0,4234,260,2365,272,1068,2018,9,4,329,5889,101.0,30,12,3
2718,1,4024,4303,3462,342,1067,2019,14,0,427,8302,1.0,44,17,2
2719,1,4848,4303,7526,435,1067,2019,9,0,381,2687,1.0,67,16,3
2720,0,5090,4317,365,251,1067,2019,11,12,319,8184,109.0,29,12,2
2721,0,223,4303,6945,553,1066,2016,9,3,274,8180,100.0,78,10,3
2722,0,1239,3112,1256,492,1066,2019,11,15,220,981,110.0,75,7,2
2724,1,1724,4303,7311,516,1066,2019,12,110,113,737,2.0,78,3,2
2725,0,3357,4365,5566,86,1066,2019,11,5,359,1829,102.0,10,13,2
2726,0,3788,4284,6461,492,1066,2019,12,5,125,8394,102.0,75,4,2
2727,1,5418,4303,1460,506,1066,2019,11,162,97,840,5.0,78,3,0
2728,1,5717,4303,389,603,1066,2019,12,0,431,1329,1.0,79,17,2
2729,1,5949,4303,7246,603,1066,2019,11,110,300,6982,2.0,79,11,2
2730,1,6638,4303,2053,736,1066,2019,13,138,422,5736,3.0,80,17,2
2731,0,6650,1694,2434,603,1066,2019,13,130,121,6449,24.0,79,4,2
2732,1,6175,4303,227,603,1065,2019,11,0,76,5623,1.0,79,2,2
2733,1,4134,4303,7246,603,1064,2019,11,0,291,3412,1.0,79,11,2
2735,0,5769,2487,1232,342,1064,2019,11,218,220,2035,98.0,44,7,0
2736,0,6033,250,7246,603,1064,2018,12,192,274,6074,76.0,79,10,0
2737,1,1444,2392,5530,435,1063,2016,9,0,379,4718,1.0,67,16,3
2738,1,1488,4303,7559,435,1063,2017,9,0,379,1291,1.0,67,16,3
2739,1,1639,4303,4588,251,1063,2018,11,0,393,7182,1.0,29,16,2
2740,1,2256,4303,859,251,1063,2018,11,0,409,7196,1.0,29,16,2
2741,0,2459,3629,7258,354,1063,2018,9,210,329,1104,90.0,47,12,0
2742,1,2737,4303,6735,251,1063,2018,11,0,410,3838,1.0,29,16,2
2743,1,3388,4303,3757,251,1063,2017,11,0,409,8485,1.0,29,16,2
2744,0,4092,4388,7246,251,1063,2017,12,173,284,6896,59.0,29,10,0
2746,0,4103,4303,7246,736,1063,2019,13,172,121,6830,58.0,80,4,0
2747,1,4617,4303,7246,435,1063,2018,14,0,423,8770,1.0,67,17,2
2748,0,5063,3015,5346,603,1063,2019,11,179,470,5458,64.0,79,27,1
2749,0,5959,4024,2024,228,1063,2000,3,195,125,6438,79.0,22,4,3
2750,1,7334,4303,3269,435,1063,2016,9,0,379,492,1.0,67,16,3
2751,1,7414,4303,4200,435,1063,2017,12,0,379,1160,1.0,67,16,2
2752,0,7695,1637,2022,603,1063,1998,3,199,125,8230,81.0,79,4,3
2753,0,7760,3051,3151,603,1063,2005,8,199,199,7054,81.0,79,7,0
2754,1,2815,940,912,603,1062,2019,11,162,256,5215,5.0,79,8,0
2755,0,4661,762,5061,506,1062,2019,11,179,470,3046,64.0,78,27,1
2757,0,1750,2546,7246,736,1061,2019,12,157,281,2366,45.0,80,10,0
2758,0,6711,2546,2341,319,1061,2019,12,210,326,213,90.0,36,12,0
2759,1,827,4303,2108,251,1060,2019,11,0,405,8707,1.0,29,16,2
2760,0,1916,1491,2525,492,1060,2018,12,5,217,8451,102.0,75,7,2
2761,1,2196,4303,3560,2,1060,2019,11,138,241,8474,3.0,0,8,0
2762,0,3356,1894,1046,621,1060,2019,11,21,342,83,116.0,79,12,2
2763,0,6608,2119,7246,603,1060,2019,11,154,73,4732,42.0,79,1,0
2764,0,4363,2553,4825,251,1059,2019,9,42,329,3007,133.0,29,12,3
2765,0,7214,4438,7155,241,1059,2013,7,11,39,2601,108.0,26,0,3
2766,1,7302,4303,2791,342,1059,2018,11,0,241,464,1.0,44,8,2
2768,1,311,4303,1433,603,1058,2019,9,110,291,6226,2.0,79,11,3
2769,0,1030,3125,7246,690,1058,2019,10,149,281,2826,38.0,79,10,0
2770,1,2745,4303,5551,15,1058,2019,11,138,413,888,3.0,1,16,0
2771,0,5173,450,6289,736,1058,2019,9,56,219,1153,146.0,80,7,3
2772,0,5174,450,6289,736,1058,2019,9,56,219,1153,146.0,80,7,3
2773,0,3393,2795,469,603,1057,2019,8,9,0,630,106.0,79,0,3
2774,0,3536,4279,3153,603,1057,2019,11,172,470,5035,58.0,79,27,1
2775,0,4396,3368,5146,251,1056,2019,11,64,200,7617,152.0,29,7,2
2776,0,8274,375,4769,603,1056,2018,11,205,212,2186,87.0,79,7,0
2777,0,2015,1048,4587,251,1055,2009,11,28,319,8010,121.0,29,12,2
2780,1,8334,4303,4218,435,1054,2019,11,0,381,8261,1.0,67,16,2
2781,0,952,3777,7632,603,1053,2019,11,201,185,2486,83.0,79,7,0
2782,1,1732,4303,4628,736,1053,2019,11,0,244,5972,1.0,80,8,2
2783,1,1733,4303,2184,212,1053,2019,11,0,97,4653,1.0,22,3,2
2784,1,1734,2610,2095,444,1053,2019,11,0,97,5759,1.0,69,3,2
2785,1,2381,4303,7246,603,1053,2019,11,110,446,6527,2.0,79,21,1
2786,1,3392,4303,973,603,1053,2019,9,0,300,6312,1.0,79,11,3
2787,1,7257,2274,2838,444,1053,2019,11,0,410,6645,1.0,69,16,2
2788,0,8126,484,5487,492,1053,2018,11,16,217,8334,111.0,75,7,2
2789,0,8184,4303,4949,58,1053,2019,13,130,121,5004,24.0,10,4,2
2791,0,3692,3727,6538,251,1052,2019,11,86,329,2342,171.0,29,12,2
2792,1,8560,4303,4041,435,1051,2019,9,0,379,3302,1.0,67,16,3
2793,0,688,1879,6417,506,1050,2019,11,206,0,2800,88.0,78,0,0
2794,0,6143,2565,6452,603,1050,2012,11,192,470,8606,76.0,79,27,1
2795,0,4177,4219,4362,603,1048,2019,12,179,283,6474,64.0,79,10,0
2796,0,6545,2843,2902,603,1048,2006,9,214,274,7080,94.0,79,10,0
2797,1,6670,4303,5756,603,1048,2019,11,0,234,4757,1.0,79,8,2
2798,0,5172,450,6289,251,1047,2019,9,69,219,1153,157.0,29,7,3
2799,0,7043,3422,6958,603,1047,2019,12,201,281,4059,83.0,79,10,0
2800,0,3032,166,1315,603,1046,2019,11,180,274,4760,65.0,79,10,0
2802,1,3688,4303,6962,319,1046,2019,11,0,83,4267,1.0,36,2,2
2803,0,4150,2340,798,492,1046,2018,9,8,217,8236,105.0,75,7,3
2804,1,4426,4303,7299,162,1046,2019,11,0,413,5259,1.0,20,16,2
2805,0,6243,4141,4385,105,1046,2019,9,10,329,1426,107.0,12,12,3
2806,0,6737,3076,824,603,1046,2019,12,6,132,2094,103.0,79,4,2
2807,1,8075,4303,787,736,1046,2019,11,0,97,7545,1.0,80,3,2
2808,1,8254,4303,7143,603,1046,2019,11,0,262,1698,1.0,79,8,2
2809,1,7283,4303,5217,603,1045,2019,11,0,482,8554,1.0,79,29,1
2810,1,7501,4303,2091,603,1045,2019,9,0,300,3472,1.0,79,11,3
2811,0,1011,2857,970,718,1043,2019,11,182,470,2823,67.0,79,27,1
2813,0,2293,3118,7246,506,1043,2019,11,216,281,4125,96.0,78,10,0
2814,0,637,360,839,251,1041,2019,11,32,332,6566,125.0,29,12,2
2815,0,1352,2526,6806,251,1041,2018,11,52,199,3934,142.0,29,7,2
2816,0,2168,4152,7381,251,1041,2018,9,42,212,4379,133.0,29,7,3
2817,0,3794,4528,5125,492,1041,2019,9,3,220,2840,100.0,75,7,3
2818,1,7756,4303,6212,162,1041,2019,11,0,416,4615,1.0,20,16,2
2819,0,501,4303,5716,603,1040,2019,10,2,274,2726,10.0,79,10,2
2820,0,6005,1261,3721,380,1039,2016,9,35,319,5627,128.0,51,12,3
2821,0,8454,0,2354,251,1039,2019,9,213,200,5921,93.0,29,7,0
2822,0,2216,3272,7246,51,1038,2012,11,199,281,4774,81.0,6,10,0
2824,1,4168,4303,7246,736,1038,2016,13,0,422,5393,1.0,80,17,2
2825,1,4779,4303,7246,603,1038,2018,10,138,300,3503,3.0,79,11,0
2826,1,4979,1559,3645,319,1038,2006,9,208,80,4090,9.0,36,2,0
2827,0,5190,3273,5432,135,1038,2014,11,200,319,907,82.0,17,12,0
2828,1,6191,4303,5674,506,1038,2018,9,0,96,7257,1.0,78,3,3
2829,0,6500,521,6708,603,1038,2004,3,159,121,8019,47.0,79,4,3
2830,0,8262,90,2778,499,1038,2019,9,215,217,7582,95.0,77,7,0
2831,1,4280,4303,2590,116,1037,2018,13,0,110,147,1.0,12,3,2
2832,0,748,3652,4412,736,1036,2019,11,202,217,3391,84.0,80,7,0
2833,0,2420,1282,2866,121,1036,2018,11,211,217,8129,91.0,13,7,0
2835,0,4559,136,4397,96,1036,2019,12,5,127,8077,102.0,11,4,2
2836,1,6609,4303,3056,736,1036,2019,9,0,446,8437,1.0,80,21,3
2837,1,7054,4303,6959,589,1036,2019,12,0,482,2592,1.0,78,29,1
2838,1,7202,4303,1854,121,1036,2018,11,0,241,809,1.0,13,8,2
2839,1,8176,4303,4947,621,1036,2019,13,138,422,8330,3.0,79,17,2
2840,0,8257,2078,5210,444,1036,2018,11,3,375,3207,100.0,69,15,2
2841,0,2357,3597,1424,603,1035,2019,12,218,230,7813,98.0,79,7,0
2842,0,3716,4393,4249,45,1035,2019,9,15,312,4372,110.0,6,12,3
2843,0,8128,4408,7191,603,1034,2019,11,203,288,8453,85.0,79,10,0
2844,1,4606,4303,7246,506,1033,2019,11,110,104,5451,2.0,78,3,0
2846,0,1845,3957,1688,603,1032,2019,11,181,470,3153,66.0,79,27,1
2847,0,2108,4469,1207,239,1030,2016,11,212,217,7377,92.0,26,7,0
2848,1,34,4303,1935,603,1029,2019,11,138,234,2937,3.0,79,8,0
2849,1,2884,4303,7538,736,1029,2019,9,110,77,1653,2.0,80,2,3
2850,0,3682,3370,5721,251,1029,2019,12,42,200,4913,133.0,29,7,2
2851,0,4435,4060,6580,251,1029,2018,9,44,217,1696,135.0,29,7,3
2852,0,4494,2929,4812,115,1029,2019,12,27,366,5305,120.0,12,15,2
2853,0,6004,3772,6663,251,1029,2019,9,23,319,4599,118.0,29,12,3
2854,0,500,4011,7246,603,1028,2019,9,15,274,4768,110.0,79,10,3
2855,0,2643,404,6895,736,1028,2019,11,218,353,2541,98.0,80,13,0
2857,0,2644,404,6895,266,1028,2019,11,218,353,2541,98.0,29,13,0
2858,0,2645,404,6895,736,1028,2019,11,218,353,2540,98.0,80,13,0
2859,1,3242,4303,6173,603,1028,2019,12,0,446,3428,1.0,79,21,2
2860,0,7192,2120,6814,388,1028,2018,11,7,369,8123,104.0,54,15,2
2861,0,5297,4303,1699,506,1027,2019,10,178,274,8728,63.0,78,10,0
2862,0,6327,2095,6643,506,1027,2019,11,166,470,4214,52.0,78,27,1
2863,1,100,4303,1208,444,1026,2019,11,0,391,4322,1.0,69,16,2
2864,1,608,4303,851,2,1026,2019,11,0,241,7044,1.0,0,8,2
2865,1,947,4303,5607,407,1026,2019,11,0,244,399,1.0,59,8,2
2866,1,1968,4303,4318,603,1026,2019,9,0,300,3309,1.0,79,11,3
2868,1,2841,4303,3568,121,1026,2019,11,0,241,8061,1.0,13,8,2
2869,0,3429,4303,5973,442,1026,2019,14,188,133,7797,72.0,67,4,0
2870,1,4296,4303,3484,603,1026,2019,11,110,264,4655,2.0,79,8,2
2871,0,6179,4125,6192,603,1026,2015,7,22,467,388,117.0,79,24,1
2872,0,6227,2829,4697,603,1026,2019,9,3,185,7860,100.0,79,7,3
2873,0,6639,4303,2051,58,1026,2019,13,130,121,6451,24.0,10,4,2
2874,1,7345,4303,7528,105,1026,2019,11,0,405,8115,1.0,12,16,2
2875,0,7428,2238,3474,444,1026,2019,11,204,217,6522,86.0,69,7,0
2876,1,8369,4303,1555,444,1026,2018,11,0,398,5466,1.0,69,16,2
2877,1,1336,4303,7573,686,1025,2019,11,0,80,4272,1.0,79,2,2
2879,1,6009,4357,6236,271,1025,2019,11,110,244,670,2.0,29,8,2
2880,1,8001,744,7433,483,1025,2019,11,0,416,2752,1.0,73,16,2
2881,0,8564,1088,7445,45,1025,2019,11,184,470,2869,69.0,6,27,1
2882,1,2933,4303,7246,736,1024,2019,11,0,234,6431,1.0,80,8,2
2883,0,8329,2571,5545,251,1024,2019,9,24,326,2277,119.0,29,12,3
2884,0,139,322,5482,251,1023,2019,11,30,219,3835,123.0,29,7,2
2885,0,1315,4383,1169,603,1023,2019,11,213,289,2838,93.0,79,10,0
2886,0,2969,130,7246,342,1023,2018,11,12,281,6902,109.0,44,10,2
2887,1,3840,4303,7099,603,1023,2019,11,110,498,3626,2.0,79,31,1
2888,1,1767,4303,2507,603,1022,2019,14,0,422,2512,1.0,79,17,2
2891,0,1633,3552,1511,736,1021,2019,9,181,470,6196,66.0,80,27,1
2892,1,2622,4303,391,603,1021,2019,11,138,488,4343,3.0,79,30,1
2893,1,3305,4303,6132,603,1021,2019,11,162,489,749,5.0,79,30,1
2894,0,3518,4,3969,251,1021,2018,11,10,319,272,107.0,29,12,2
2895,0,5903,1920,1202,603,1021,2019,14,158,130,1538,46.0,79,4,2
2896,1,6350,4303,1416,45,1021,2019,11,0,244,7234,1.0,6,8,2
2897,1,7136,1877,2979,603,1021,2019,9,0,291,2319,1.0,79,11,3
2898,1,763,4303,3998,435,1020,2014,11,0,238,5846,1.0,67,8,2
2899,1,2027,4303,124,328,1020,2019,11,0,412,2765,1.0,40,16,2
2900,1,3515,4303,2445,603,1020,2019,9,162,461,2070,5.0,79,23,1
2902,1,4049,4303,7565,339,1020,2015,11,0,379,7481,1.0,42,16,2
2903,1,4053,4303,4221,435,1020,2013,12,0,379,8639,1.0,67,16,2
2904,1,4631,4303,2802,435,1020,2014,11,0,383,3462,1.0,67,16,2
2905,1,5165,4303,5528,435,1020,2015,11,0,379,5726,1.0,67,16,2
2906,1,5817,3879,2469,435,1020,2014,11,0,379,2125,1.0,67,16,2
2907,1,5818,3879,3632,435,1020,2012,11,0,379,2544,1.0,67,16,2
2908,1,8667,4303,2794,603,1020,2019,11,0,486,2424,1.0,79,29,1
2909,0,771,4048,465,251,1019,2019,9,22,375,8056,117.0,29,15,3
2910,0,7937,1943,7023,603,1019,2016,11,182,470,6159,67.0,79,27,1
2911,0,1712,2522,3810,388,1018,2015,9,19,200,948,114.0,54,7,3
2913,0,3290,2347,1077,603,1018,2015,11,182,470,4501,67.0,79,27,1
2914,0,3570,3848,3293,603,1018,2014,11,193,470,5477,77.0,79,27,1
2915,0,6133,543,7246,603,1018,2018,11,8,289,1105,105.0,79,10,2
2916,0,6144,1914,6452,603,1018,2016,11,178,470,5965,63.0,79,27,1
2917,0,2263,149,4052,686,1017,2019,11,173,281,7711,59.0,79,10,0
2918,1,5080,4303,4850,603,1017,2019,12,110,434,394,2.0,79,17,2
2919,0,5083,1885,156,342,1017,2017,11,5,326,780,102.0,44,12,2
2920,0,4633,1223,1871,354,1016,2017,9,199,129,1906,81.0,47,4,0
2921,1,838,4303,7246,603,1015,2019,12,0,297,3719,1.0,79,11,2
2922,0,4290,658,4468,736,1015,2019,11,202,274,2794,84.0,80,10,0
2924,0,5288,4303,7246,589,1015,2019,8,4,185,3612,101.0,78,7,3
2925,0,8323,4343,7326,251,1015,2019,9,21,326,7842,116.0,29,12,3
2926,0,4406,3275,5809,251,1014,2018,9,91,319,6664,177.0,29,12,3
2927,1,6387,4303,1327,488,1014,2019,11,0,421,3757,1.0,74,16,2
2928,1,7410,4303,390,15,1013,2019,11,110,410,2698,2.0,1,16,2
2929,0,7662,1429,1375,58,1013,2019,11,39,344,7620,130.0,10,12,2
2930,0,8578,2598,7446,736,1012,2019,11,173,470,4557,59.0,80,27,1
2931,1,8210,4303,3881,603,1011,2019,12,0,422,5842,1.0,79,17,2
2932,0,1136,2047,946,444,1010,2018,11,16,319,1399,111.0,69,12,2
2933,0,2171,2880,876,391,1010,2019,9,3,350,8023,100.0,54,13,3
2935,0,2739,3100,7300,165,1010,2019,11,193,209,6249,77.0,20,7,0
2936,1,4858,4303,3271,435,1010,2019,9,110,379,3345,2.0,67,16,3
2937,0,7746,3807,3345,2,1010,2019,11,213,319,4851,93.0,0,12,0
2938,1,593,4303,3788,603,1009,2019,11,0,107,1625,1.0,79,3,2
2939,0,7221,2174,7246,603,1008,2019,11,19,274,3515,114.0,79,10,2
2940,1,866,4303,779,17,1005,2018,13,138,422,8627,3.0,1,17,2
2941,0,1764,1787,1558,603,1005,2018,11,172,470,3137,58.0,79,27,1
2942,0,1919,1791,1786,603,1005,2018,11,170,470,8603,56.0,79,27,1
2943,0,6894,943,5290,239,1005,2008,9,15,32,3613,110.0,26,0,3
2944,0,7495,735,1283,239,1005,2013,9,218,217,294,98.0,26,7,0
2946,0,7831,848,1899,241,1005,2004,9,9,25,2313,106.0,26,0,3
2947,0,8216,4201,6302,241,1005,2007,11,5,52,7351,102.0,26,0,2
2948,1,6229,4303,3136,239,1004,2019,11,0,394,4638,1.0,26,16,2
2949,0,8784,1322,2166,444,1003,2019,11,199,217,8202,81.0,69,7,0
2950,1,1646,1873,3221,603,1003,2019,9,174,472,5041,6.0,79,28,1
2951,1,7129,4303,5201,603,1003,2019,14,138,433,3873,3.0,79,17,2
2952,1,8228,4303,24,251,1003,2019,11,0,418,7242,1.0,29,16,2
2953,1,5935,4303,6608,435,1002,2019,9,0,379,3885,1.0,67,16,3
2954,0,6151,3266,1069,603,1002,2019,9,218,513,7752,98.0,79,35,1
2955,0,4485,64,6011,251,1001,2018,9,45,39,2427,136.0,29,0,3
2957,1,5483,4303,4388,603,1001,2019,14,138,433,5698,3.0,79,17,2
2958,1,8299,4303,7658,105,1001,2019,9,0,394,233,1.0,12,16,3
2959,0,1135,3045,6820,251,1000,2018,12,74,326,2269,161.0,29,12,2
2960,0,2546,911,1718,603,1000,2019,9,143,185,8083,32.0,79,7,0
2961,1,563,4303,2715,319,999,2010,12,0,80,4443,1.0,36,2,2
2962,1,590,4303,5052,319,999,2011,9,0,85,1192,1.0,36,2,3
2963,1,2760,4303,6202,319,999,2015,9,0,80,2314,1.0,36,2,3
2964,1,2627,4303,7603,319,999,2017,12,0,80,4512,1.0,36,2,2
2965,1,96,4303,6964,603,997,2019,14,110,432,1759,2.0,79,17,2
2966,0,103,1421,3127,444,997,2019,11,8,199,4229,105.0,69,7,2
2968,1,1154,4303,7286,470,997,2019,11,138,412,819,3.0,70,16,0
2969,0,1563,4409,2894,485,997,2018,11,9,319,4432,106.0,73,12,2
2970,1,2328,4303,7065,736,997,2019,11,0,385,2317,1.0,80,16,2
2971,0,3787,4168,4806,212,997,2019,11,210,332,6138,90.0,22,12,0
2972,1,5240,4303,2589,435,997,2019,9,0,379,7761,1.0,67,16,3
2973,1,5324,4303,7418,736,997,2019,9,0,408,2622,1.0,80,16,3
2974,0,5512,1916,2308,206,997,2019,11,205,0,7358,87.0,20,0,0
2975,0,7498,264,7246,223,997,2017,9,211,281,3573,91.0,22,10,0
2976,1,8175,4303,4948,736,997,2019,13,0,422,7432,1.0,80,17,2
2977,0,5384,903,7246,444,996,2019,9,9,283,6692,106.0,69,10,3
2979,0,708,3948,842,603,995,2019,11,180,470,4421,65.0,79,27,1
2980,1,2555,4303,3122,603,992,2019,10,138,112,28,3.0,79,3,0
2981,0,5885,2583,7246,2,991,2019,10,8,284,3505,105.0,0,10,2
2982,1,7409,4303,7590,105,991,2019,9,0,394,4847,1.0,12,16,3
2983,0,1739,2843,7246,603,990,2016,9,152,274,4880,40.0,79,10,0
2984,1,3698,4303,5022,736,990,2019,11,110,416,8763,2.0,80,16,2
2985,1,6578,4303,7497,603,990,2019,9,138,507,8063,3.0,79,32,1
2986,1,7372,4303,6051,603,989,2019,11,0,307,8328,1.0,79,11,2
2987,1,8744,4303,4360,15,989,2019,11,110,385,4995,2.0,1,16,2
2988,1,799,4303,710,488,988,2019,9,0,394,647,1.0,74,16,3
2990,1,800,4303,1279,488,988,2019,9,0,394,4367,1.0,74,16,3
2991,1,1937,4303,3270,435,988,2019,9,0,383,8350,1.0,67,16,3
2992,1,2102,4303,2884,603,987,2008,12,0,430,4849,1.0,79,17,2
2993,1,2970,4303,6279,603,987,2018,13,110,422,6744,2.0,79,17,2
2994,0,3729,2438,3800,603,987,2019,11,181,470,3899,66.0,79,27,1
2995,1,4678,4303,1131,162,987,2015,13,0,422,2361,1.0,20,17,2
2996,1,5690,4303,1583,162,987,2018,14,0,433,4042,1.0,20,17,2
2997,1,5786,4303,3910,319,987,2018,11,0,80,5212,1.0,36,2,2
2998,0,8440,1582,7246,710,987,2013,11,176,281,3641,61.0,79,10,0
2999,0,3382,3922,5651,488,986,2019,11,29,351,1202,122.0,74,13,2
3002,0,5928,3535,3383,251,986,2019,9,51,332,4330,141.0,29,12,3
3003,1,6113,4303,7187,603,986,2011,11,110,453,7039,2.0,79,21,1
3004,0,6635,4159,7328,251,985,2019,11,90,200,6046,176.0,29,7,2
3005,1,2060,4303,7246,603,984,2019,11,138,234,3634,3.0,79,8,0
3006,0,2212,2186,3259,124,984,2018,9,189,281,3023,73.0,13,10,0
3007,1,2315,4303,7246,603,984,2019,11,0,236,7152,1.0,79,8,2
3008,1,3403,4303,4445,15,984,2019,11,110,385,6335,2.0,1,16,2
3009,0,3937,3568,504,342,984,2017,11,205,55,7910,87.0,44,0,0
3010,1,4761,4303,7246,30,984,2019,13,110,439,4270,2.0,1,17,2
3011,1,5370,4303,1066,444,984,2018,11,138,399,5600,3.0,69,16,0
3013,0,283,3212,7027,506,983,2019,12,61,321,4480,15.0,78,12,2
3014,1,595,4303,6849,736,983,2019,11,0,243,2253,1.0,80,8,2
3015,0,1813,152,1636,342,983,2019,11,169,470,4568,55.0,44,27,1
3016,0,3082,4303,2699,319,982,2018,12,51,366,2951,141.0,36,15,2
3017,0,3694,4048,7321,251,982,2012,9,29,368,5734,122.0,29,15,3
3018,0,8258,4078,7246,251,982,2019,9,12,281,2020,109.0,29,10,3
3019,0,4595,2243,4979,603,981,2019,11,178,470,4466,63.0,79,27,1
3020,1,2520,4303,6681,319,980,2019,9,110,80,5100,2.0,36,2,3
3021,0,8159,1880,7151,490,978,2019,8,216,52,283,96.0,74,0,0
3022,0,1097,2850,5478,10,977,2019,11,18,319,3567,113.0,0,12,2
3024,1,1140,2481,4425,121,977,2019,11,0,391,6997,1.0,13,16,2
3025,0,2142,1583,4835,319,977,1998,11,184,5,3628,69.0,36,0,0
3026,1,2738,4303,7246,603,977,2019,11,110,297,3632,2.0,79,11,2
3027,1,2757,4303,5680,2,977,2019,12,110,428,2962,2.0,0,17,2
3028,1,4329,4303,3708,319,977,2013,11,110,80,651,2.0,36,2,0
3029,1,5023,4303,4836,319,977,1995,11,0,80,3627,1.0,36,2,2
3030,1,6282,4303,6185,603,977,2018,9,138,256,616,3.0,79,8,0
3031,1,6983,4303,7246,363,977,2019,9,110,385,5397,2.0,48,16,3
3032,1,7021,4303,7246,603,977,2019,11,110,234,7150,2.0,79,8,2
3033,0,7123,1584,4834,319,977,1997,11,205,5,5993,87.0,36,0,0
3035,0,5726,27,6347,251,976,2019,11,21,347,2287,116.0,29,13,2
3036,0,7899,353,2322,162,976,2019,9,21,332,8616,116.0,20,12,3
3037,0,869,774,3963,603,975,2019,11,15,321,5498,110.0,79,12,2
3038,0,7117,3272,7246,45,975,2019,9,29,281,5713,122.0,6,10,3
3039,0,329,1790,84,603,974,2019,11,173,470,3896,59.0,79,27,1
3040,0,1680,2020,3925,603,973,2015,8,206,513,7529,88.0,79,35,1
3041,0,5866,1704,5347,212,973,2018,11,211,199,6642,91.0,22,7,0
3042,1,2389,4303,5993,319,972,2012,11,110,80,2053,2.0,36,2,0
3043,1,3796,4303,439,319,972,2014,11,0,80,6381,1.0,36,2,2
3044,0,4068,1960,7246,474,972,2019,12,152,274,4651,40.0,70,10,0
3046,0,4268,3735,61,251,972,2019,9,18,220,8248,113.0,29,7,3
3047,0,5477,4368,5678,251,972,2018,9,210,319,1275,90.0,29,12,0
3048,1,5625,4303,709,319,972,2011,9,0,80,5591,1.0,36,2,3
3049,1,6441,4303,7650,105,972,2019,11,0,393,652,1.0,12,16,2
3050,1,6844,1179,7246,444,972,2019,11,0,235,5437,1.0,69,8,2
3051,1,8292,4303,5557,38,972,2017,11,0,244,1326,1.0,5,8,2
3052,1,695,4303,2981,603,971,2019,12,0,446,6129,1.0,79,21,2
3053,1,1066,4303,6825,165,971,2019,11,110,244,884,2.0,20,8,2
3054,0,1770,628,4817,45,971,2019,12,215,125,3620,95.0,6,4,0
3055,1,2204,4303,2518,736,971,2019,11,110,241,2743,2.0,80,8,2
3057,1,2736,4303,4315,603,971,2019,11,162,488,2042,5.0,79,30,1
3058,1,4034,4303,2755,251,971,2019,11,0,109,4456,1.0,29,3,2
3059,1,4431,4303,4698,603,971,2018,9,110,487,2032,2.0,79,30,1
3060,1,4457,4303,4078,603,971,2019,11,138,256,4118,3.0,79,8,0
3061,0,4825,2331,96,603,971,2019,7,218,185,5517,98.0,79,7,0
3062,1,8691,4303,5494,342,971,2019,11,0,241,5573,1.0,44,8,2
3063,1,3583,4303,6247,323,970,2019,11,0,414,5516,1.0,37,16,2
3064,0,5272,2649,5466,603,970,2019,12,176,274,5609,61.0,79,10,0
3065,0,6823,3576,3251,272,970,2019,11,22,350,8680,117.0,30,13,2
3066,0,3589,3848,3333,603,969,2019,11,175,470,3040,60.0,79,27,1
3068,0,5922,2671,1025,603,969,2019,11,52,288,4518,142.0,79,10,2
3069,1,8319,4303,5401,338,967,2011,13,0,422,7530,1.0,42,17,2
3070,0,910,1267,2473,743,965,2018,11,190,319,2263,74.0,81,12,0
3071,1,1936,4303,3975,603,965,2019,11,138,265,2144,3.0,79,8,0
3072,0,2222,1653,5211,444,965,2019,11,24,327,4296,119.0,69,12,2
3073,0,3258,1462,1469,15,965,2019,12,19,373,3754,114.0,1,15,2
3074,0,4275,2374,3752,251,965,2019,12,32,220,5742,125.0,29,7,2
3075,0,5337,2081,87,190,965,2019,6,187,121,7999,71.0,20,4,0
3076,0,5900,1526,4235,212,965,2019,12,15,141,1707,110.0,22,4,2
3077,0,6583,222,5824,251,965,2018,11,34,208,5588,127.0,29,7,2
3079,1,6642,4303,2157,603,965,2019,13,0,422,6462,1.0,79,17,2
3080,1,6734,4303,4163,603,965,2019,11,0,498,5873,1.0,79,31,1
3081,0,6913,3451,1472,603,965,2019,11,23,288,6903,118.0,79,10,2
3082,0,460,1235,171,212,964,2019,11,210,326,1350,90.0,22,12,0
3083,0,237,2966,5054,319,963,2016,9,39,69,469,130.0,36,1,3
3084,1,1056,4303,3233,506,963,2019,11,162,109,7117,5.0,78,3,0
3085,0,1688,2695,5672,354,962,2015,11,26,330,3228,12.0,47,12,2
3086,0,4628,2598,1512,603,962,2019,9,177,470,7673,62.0,79,27,1
3087,0,6318,2433,7246,603,962,2014,13,139,149,17,3.0,79,4,2
3088,1,2020,4303,2325,603,961,2019,9,138,487,3420,3.0,79,30,1
3090,1,4370,4303,5939,603,961,2019,10,0,430,5560,1.0,79,17,2
3091,1,634,4303,6700,435,960,2019,11,0,381,4455,1.0,67,16,2
3092,0,3876,951,6868,251,960,2019,9,19,326,7834,114.0,29,12,3
3093,1,249,4303,1461,483,959,2019,9,0,412,7302,1.0,73,16,3
3094,0,3302,3740,6811,251,959,2017,11,35,319,4916,128.0,29,12,2
3095,1,4417,4303,3894,319,959,2017,9,110,85,5622,2.0,36,2,3
3096,0,5176,864,1039,402,959,2019,11,12,217,2708,109.0,58,7,2
3097,0,8466,934,4127,239,959,2019,9,12,56,5786,109.0,26,0,3
3098,1,755,4303,665,58,958,2019,11,110,262,7139,2.0,10,8,2
3099,0,1514,3670,57,251,958,2019,11,4,199,508,101.0,29,7,2
3101,1,3803,4303,7246,736,958,2019,11,0,235,2868,1.0,80,8,2
3102,0,4540,3403,609,251,958,2019,11,6,326,8260,103.0,29,12,2
3103,0,5426,1516,6595,105,958,2019,11,218,200,1609,98.0,12,7,0
3104,1,8557,4303,772,603,958,2019,11,0,262,3690,1.0,79,8,2
3105,0,6678,1750,4208,435,957,2019,11,30,375,765,123.0,67,15,2
3106,1,3093,4303,3160,603,955,2019,11,0,472,12,1.0,79,28,1
3107,0,351,2953,7246,603,952,2019,12,149,274,3289,38.0,79,10,0
3108,1,3241,4303,3842,736,952,2017,11,0,292,7337,1.0,80,11,2
3109,0,3627,4036,706,31,952,2019,11,4,319,3015,101.0,2,12,2
3110,0,5869,2749,2893,603,952,2019,9,219,51,6245,99.0,79,0,0
3113,1,6260,4303,1747,603,952,2018,11,110,461,5469,2.0,79,23,1
3114,0,7599,3499,399,603,952,2019,11,211,355,4902,91.0,79,13,0
3115,1,8410,4303,5922,603,952,2019,11,0,505,3213,1.0,79,31,1
3116,0,7435,2861,565,736,951,2019,11,140,229,6417,30.0,80,7,0
3117,0,247,4275,7246,690,950,2019,12,140,281,5335,30.0,79,10,2
3118,0,7468,4320,62,251,950,2018,9,46,25,5180,137.0,29,0,3
3119,0,8434,2438,7416,603,949,2019,11,181,470,7680,66.0,79,27,1
3120,1,5601,4303,2386,603,948,2019,10,110,433,906,2.0,79,17,1
3121,1,5945,4303,1154,342,948,2018,11,110,241,8688,2.0,44,8,2
3122,1,51,1084,7246,342,945,2019,11,0,235,2471,1.0,44,8,2
3124,0,1174,1582,7246,444,945,2014,9,186,281,6886,70.0,69,10,0
3125,0,1175,1582,7246,144,945,2016,9,205,281,7061,87.0,17,10,0
3126,0,2131,1582,7246,444,945,2018,11,206,281,5980,88.0,69,10,0
3127,1,3465,4303,6680,603,945,2019,11,0,487,2402,1.0,79,30,1
3128,0,4422,3226,1541,388,945,2019,11,210,52,2331,90.0,54,0,0
3129,0,5761,3689,7246,736,945,2019,9,202,288,1778,84.0,80,10,0
3130,0,6102,1311,6410,302,945,2019,11,167,470,5007,53.0,34,27,1
3131,0,6171,3970,1967,603,945,2019,11,205,342,2624,87.0,79,12,0
3132,1,8573,4303,1950,506,945,2019,11,110,108,4339,2.0,78,3,0
3133,0,2798,2187,7078,603,944,2019,12,210,138,286,90.0,79,4,0
3135,0,3618,65,4346,251,944,2018,11,216,319,4852,96.0,29,12,0
3136,0,5323,2551,882,506,944,2019,12,214,125,8000,94.0,78,4,0
3137,1,1926,4303,2331,506,943,2017,13,0,111,3579,1.0,78,3,2
3138,0,2910,95,6929,251,943,2018,11,11,319,7682,108.0,29,12,2
3139,1,3018,4303,1335,2,943,2017,13,0,427,4954,1.0,0,17,2
3140,1,3279,4303,5995,736,943,2019,9,0,394,5236,1.0,80,16,3
3141,0,752,1450,3350,603,942,2019,8,5,36,4873,102.0,79,0,3
3142,1,5841,4303,4038,319,942,2018,9,0,80,7787,1.0,36,2,3
3143,0,6559,4303,4301,603,942,2019,11,176,185,6815,61.0,79,7,0
3144,0,8490,20,7246,603,942,2018,11,214,274,2902,94.0,79,10,0
3146,0,4368,3774,5937,603,941,2019,10,186,125,7931,70.0,79,4,0
3147,0,4534,1579,2691,363,940,2018,9,206,274,5430,88.0,48,10,0
3148,1,7075,4303,3720,108,940,2019,9,0,244,2007,1.0,12,8,3
3149,0,2117,728,677,97,939,2018,11,3,319,2395,100.0,11,12,2
3150,0,6303,1804,1939,162,939,2019,11,16,319,3902,111.0,20,12,2
3151,0,7223,4464,7154,241,939,2011,9,35,22,4299,128.0,26,0,3
3152,1,2151,4303,812,603,938,2019,11,138,488,7002,3.0,79,30,1
3153,0,3339,3181,1468,444,938,2018,11,218,200,1839,98.0,69,7,0
3154,1,3505,4303,7246,736,938,2019,11,0,297,2683,1.0,80,11,2
3155,1,7486,4303,6463,45,938,2019,11,110,244,997,2.0,6,8,2
3157,1,7632,4303,7050,105,938,2016,9,0,394,915,1.0,12,16,3
3158,1,7745,4303,3813,603,938,2019,11,0,506,8161,1.0,79,31,1
3159,0,8615,243,493,603,938,2019,8,7,185,8296,104.0,79,7,3
3160,0,2665,4466,1514,483,937,2018,11,33,39,8081,126.0,73,0,2
3161,1,698,4303,4274,736,936,2015,12,0,412,611,1.0,80,16,2
3162,1,988,4303,7245,736,936,2016,12,0,409,7833,1.0,80,16,2
3163,1,1555,4303,6599,736,936,2016,9,0,394,7506,1.0,80,16,3
3164,1,1556,4303,5810,736,936,2015,12,0,394,3185,1.0,80,16,2
3165,1,1557,4303,5026,736,936,2015,9,0,394,1316,1.0,80,16,3
3166,1,1558,4303,5256,736,936,2016,12,0,412,8070,1.0,80,16,2
3168,1,6154,4303,2903,736,936,2015,9,0,393,2266,1.0,80,16,3
3169,1,7511,4303,2335,736,936,2016,12,0,412,1051,1.0,80,16,2
3170,1,8260,4303,4236,736,936,2016,9,0,415,1461,1.0,80,16,3
3171,1,313,4303,5527,435,935,2019,9,0,238,1932,1.0,67,8,3
3172,1,3278,4303,6724,736,935,2019,9,0,410,2022,1.0,80,16,3
3173,1,3352,4303,2001,326,935,2019,9,0,412,2034,1.0,39,16,3
3174,1,7915,4303,869,328,935,2019,9,0,244,8082,1.0,40,8,3
3175,1,8524,4303,5100,736,935,2019,9,0,412,3842,1.0,80,16,3
3176,0,3983,161,7246,514,934,2019,11,204,281,226,86.0,78,10,0
3177,0,7865,1334,3318,105,934,2019,11,32,372,685,125.0,12,15,2
3179,0,448,1532,7246,603,932,2019,9,152,285,1998,40.0,79,10,0
3180,1,1726,1268,6455,342,932,2019,11,0,241,1817,1.0,44,8,2
3181,1,1751,4303,3657,61,932,2019,14,110,433,2320,2.0,10,17,2
3182,0,1943,1359,1016,444,932,2019,11,195,220,2051,79.0,69,7,0
3183,0,2329,1909,7626,603,932,2019,8,15,318,6100,110.0,79,12,3
3184,1,2485,4303,1818,506,932,2019,12,0,446,4112,1.0,78,21,2
3185,0,3592,2385,4223,435,932,2018,11,35,332,5569,128.0,67,12,2
3186,0,7392,4419,3675,603,932,2019,9,15,230,6357,110.0,79,7,3
3187,1,8192,4303,7049,603,932,2019,11,0,487,3887,1.0,79,30,1
3188,0,3952,2548,2367,251,931,2018,12,21,200,722,116.0,29,7,2
3190,0,5192,349,2420,603,931,2013,8,24,0,344,119.0,79,0,3
3191,1,1620,4303,3627,319,930,2008,11,110,80,614,2.0,36,2,0
3192,0,3603,2788,3413,506,930,2018,11,210,288,3592,90.0,78,10,0
3193,0,3842,3357,350,603,930,2019,6,206,274,4055,88.0,79,10,0
3194,0,4814,4082,6878,338,930,2018,11,7,350,4123,104.0,42,13,2
3195,0,6662,2554,7247,251,930,2019,9,50,200,562,140.0,29,7,3
3196,0,191,1580,2300,239,929,2019,11,212,217,7963,92.0,26,7,0
3197,1,562,4303,6646,483,929,2014,9,0,404,4503,1.0,73,16,3
3198,0,600,2598,664,603,929,2019,11,179,470,3790,64.0,79,27,1
3199,1,3144,4303,4370,239,929,2018,11,0,410,6580,1.0,26,16,2
3201,1,3380,4303,7567,319,929,2018,11,0,77,1978,1.0,36,2,2
3202,1,3672,4303,3325,736,929,2013,9,0,410,2527,1.0,80,16,3
3203,1,3673,4303,2410,483,929,2009,9,0,411,4629,1.0,73,16,3
3204,1,3678,4303,3326,736,929,2012,11,0,410,1228,1.0,80,16,2
3205,1,7582,4303,1933,483,929,2004,11,0,240,1252,1.0,73,8,2
3206,1,644,4303,1119,603,928,2018,11,138,477,6764,3.0,79,29,1
3207,0,6774,944,7676,251,928,2018,11,24,319,2654,119.0,29,12,2
3208,1,6230,4303,1014,350,927,2018,11,162,241,8200,5.0,44,8,0
3209,1,1409,4303,6655,603,925,2019,11,0,509,4120,1.0,79,32,1
3210,0,4254,1282,5946,121,925,2019,11,211,220,7967,91.0,13,7,0
3212,0,4690,4492,7621,492,925,2019,11,29,200,8239,122.0,75,7,2
3213,0,5071,3765,2213,251,925,2018,12,32,200,8703,125.0,29,7,2
3214,0,5759,607,7246,603,925,2019,9,161,288,3013,49.0,79,10,0
3215,1,6585,4303,7246,603,925,2019,12,0,291,3433,1.0,79,11,2
3216,1,7238,3345,6312,736,924,2015,8,0,512,7407,1.0,80,34,1
3217,0,176,540,2164,134,919,2018,11,81,326,510,168.0,17,12,2
3218,0,2831,1245,7246,736,919,2019,11,218,288,4982,98.0,80,10,0
3219,0,1215,3729,1081,736,918,2019,9,193,274,8611,77.0,80,10,0
3220,1,3677,4303,39,483,918,2005,11,0,404,4044,1.0,73,16,2
3221,1,4279,4303,1382,15,918,2019,11,0,409,7079,1.0,1,16,2
3224,0,4831,3764,4574,251,918,2019,9,5,319,305,102.0,29,12,3
3225,1,4851,4303,6150,483,918,2017,11,0,390,4141,1.0,73,16,2
3226,1,5868,4303,4974,322,918,2019,12,0,80,4154,1.0,36,2,2
3227,1,6044,4303,2101,45,918,2019,11,110,409,203,2.0,6,16,2
3228,0,6433,1847,2447,603,918,2019,8,212,230,5561,92.0,79,7,0
3229,0,7699,3458,5950,306,918,2019,11,16,326,949,111.0,34,12,2
3230,0,200,123,3783,506,916,2014,8,18,319,1335,113.0,78,12,3
3231,0,2541,4293,2303,342,916,2019,11,168,470,3033,54.0,44,27,1
3232,0,2885,527,958,736,916,2019,11,47,288,7068,138.0,80,10,2
3233,0,309,3483,1883,506,915,2013,8,30,200,7792,123.0,78,7,3
3235,0,6640,4303,2048,736,915,2019,13,173,121,5556,59.0,80,4,0
3236,0,1138,2955,5444,251,914,2001,11,5,200,374,102.0,29,7,2
3237,0,2180,4063,4032,251,914,2005,9,51,368,4921,141.0,29,15,3
3238,0,2675,4383,7246,603,914,2018,11,215,289,2839,95.0,79,10,0
3239,0,2990,4041,3835,254,914,2003,11,16,329,4462,111.0,29,12,2
3240,0,3562,4048,5799,251,914,2003,9,40,219,5087,131.0,29,7,3
3241,0,4812,255,5800,251,914,2003,9,21,220,6229,116.0,29,7,3
3242,0,5713,3945,4520,251,914,2018,9,24,330,5359,119.0,29,12,3
3243,0,6231,2393,6334,251,914,2005,9,56,329,7968,146.0,29,12,3
3244,0,6291,234,3309,251,914,2016,12,4,22,7624,101.0,29,0,2
3246,0,7979,878,3239,603,913,2018,11,205,345,7981,87.0,79,13,0
3247,1,1714,4303,5765,603,912,2019,11,151,460,6233,4.0,79,23,1
3248,0,8584,2078,4738,444,912,2019,11,214,326,5580,94.0,69,12,0
3249,0,1779,1552,5351,492,911,2014,11,42,350,7734,133.0,75,13,2
3250,0,1781,1552,1188,492,911,2013,11,44,350,2101,135.0,75,13,2
3251,0,2540,4303,2298,302,911,2019,11,176,470,6321,61.0,34,27,1
3252,1,3214,4303,2364,603,911,2019,11,0,487,3395,1.0,79,30,1
3253,0,7594,770,5365,603,911,2019,9,211,230,7313,91.0,79,7,0
3254,1,5033,4303,7675,603,910,2018,9,185,460,6234,7.0,79,23,1
3255,1,5447,2388,4203,435,910,2019,11,0,383,2344,1.0,67,16,2
3257,0,4100,1282,4324,45,909,2019,9,173,470,908,59.0,6,27,1
3258,0,7728,1982,6742,65,909,2019,7,211,359,8647,91.0,10,13,0
3259,1,8722,4303,879,603,909,2019,12,0,425,4823,1.0,79,17,2
3260,0,6083,3397,2353,251,907,2018,9,40,328,2276,131.0,29,12,3
3261,0,5457,2178,5828,736,906,2019,9,85,22,2227,170.0,80,0,3
3262,1,8013,4303,7246,603,906,2017,11,0,291,7133,1.0,79,11,2
3263,0,430,1861,1478,603,904,2019,11,206,60,6455,88.0,79,0,0
3264,1,1931,4303,5981,506,904,2015,11,138,108,5892,3.0,78,3,0
3265,1,3335,4303,2815,603,904,2017,11,110,243,6287,2.0,79,8,2
3266,1,5296,4303,1699,718,904,2019,12,0,300,3504,1.0,79,11,2
3268,0,5456,2178,5828,251,904,2019,9,85,22,2227,170.0,29,0,3
3269,1,5671,4303,2597,470,904,2019,11,0,244,1676,1.0,70,8,2
3270,1,5870,4303,6797,338,904,2017,12,0,422,4724,1.0,42,17,2
3271,1,5923,4303,6437,86,904,2019,11,138,291,7142,3.0,10,11,0
3272,1,6493,4303,427,603,904,2019,14,196,422,4481,8.0,79,17,2
3273,1,7998,4303,1588,342,904,2019,11,0,241,7986,1.0,44,8,2
3274,0,8290,614,1101,603,904,2019,9,212,199,1792,92.0,79,7,0
3275,1,5540,4303,6705,435,903,2019,11,0,238,963,1.0,67,8,2
3276,0,5856,1282,5944,736,902,2019,11,173,470,3973,59.0,80,27,1
3277,0,6677,3577,4457,272,902,2018,11,33,350,1649,126.0,30,13,2
3279,1,6743,4303,868,328,902,2018,9,0,394,6065,1.0,40,16,3
3280,0,2181,3871,605,251,901,2019,9,27,200,2576,120.0,29,7,3
3281,0,3500,3846,2646,338,901,2015,11,192,326,4550,76.0,42,12,0
3282,0,3755,2409,3936,603,901,2019,11,175,470,2523,60.0,79,27,1
3283,1,3782,4303,7246,736,900,2018,14,0,433,7046,1.0,80,17,2
3284,0,4219,4176,3316,105,900,2016,9,6,370,221,103.0,12,15,3
3285,0,5484,3868,2568,382,900,2018,11,31,319,7909,124.0,51,12,2
3286,1,6814,4303,7664,435,900,2013,11,0,379,5976,1.0,67,16,2
3287,0,7810,1218,6892,603,900,2017,11,211,185,717,91.0,79,7,0
3288,1,8242,4303,6197,686,900,2019,9,0,80,3182,1.0,79,2,3
3290,0,4538,3127,1644,603,899,2019,9,206,345,3625,88.0,79,13,0
3291,0,6967,3688,1551,236,899,2018,9,199,319,7941,81.0,23,12,0
3292,1,5332,4303,2963,506,898,2017,13,0,110,3460,1.0,78,3,2
3293,0,41,4081,5802,251,897,2019,9,31,199,5505,124.0,29,7,3
3294,0,853,2339,4422,345,897,2019,11,5,331,2130,102.0,44,12,2
3295,1,5282,4303,178,162,897,2019,11,0,414,4580,1.0,20,16,2
3296,1,6064,4303,1917,603,897,2019,11,138,493,6750,3.0,79,30,1
3297,0,7255,1969,3934,603,897,2019,8,41,309,7554,132.0,79,12,3
3298,0,7406,4155,7246,603,897,2019,11,205,274,2451,87.0,79,10,0
3299,1,7794,4303,5087,736,897,2018,9,0,412,6145,1.0,80,16,3
3301,1,8110,4303,2083,506,897,2019,11,0,109,2519,1.0,78,3,2
3302,1,8360,4303,2400,173,897,2018,11,138,412,5129,3.0,20,16,0
3303,1,379,4303,885,319,896,2018,11,110,386,6041,2.0,36,16,2
3304,0,1817,436,5718,272,895,2017,11,191,350,1520,75.0,30,13,0
3305,0,8361,1529,2246,272,895,2008,12,33,329,5717,126.0,30,12,2
3306,0,4996,3649,5228,603,894,2019,12,176,470,3079,61.0,79,27,1
3307,0,6174,3373,5154,251,893,2018,9,33,22,2281,126.0,29,0,3
3308,1,7115,4303,5080,736,893,2018,9,0,242,889,1.0,80,8,3
3309,0,6657,1783,1604,444,892,2018,11,11,25,4720,108.0,69,0,2
3310,0,5315,709,6389,488,891,2017,11,3,25,8471,100.0,74,0,2
3312,1,1424,4303,2931,603,890,2019,13,0,422,2965,1.0,79,17,2
3313,1,1727,4303,3501,342,890,2019,11,0,241,4355,1.0,44,8,2
3314,1,1914,4303,6592,251,890,2019,11,0,244,2507,1.0,29,8,2
3315,0,4626,3117,157,444,890,2018,11,36,330,1085,129.0,69,12,2
3316,0,5762,4031,7246,603,890,2019,11,187,288,6588,71.0,79,10,0
3317,1,6815,4303,50,736,890,2018,9,0,412,4883,1.0,80,16,3
3318,0,7092,1831,1908,603,890,2019,11,11,202,4903,108.0,79,7,2
3319,1,7557,4303,1105,603,890,2019,11,110,500,6044,2.0,79,31,1
3320,0,604,4303,7246,736,889,2019,12,175,284,8582,60.0,80,10,0
3321,1,1119,4303,1242,58,889,2007,13,0,422,6223,1.0,10,17,2
3323,1,6544,4303,4108,319,889,2019,9,0,410,6059,1.0,36,16,3
3324,0,6845,4405,7291,388,889,2014,9,8,25,5481,105.0,54,0,3
3325,0,7784,2080,7293,388,889,2016,9,20,25,3753,115.0,54,0,3
3326,0,7798,1769,6272,388,889,2016,11,23,200,8136,118.0,54,7,2
3327,0,7846,2682,578,388,889,2016,11,39,329,7282,130.0,54,12,2
3328,0,8377,4156,3588,388,889,2016,12,20,369,5239,115.0,54,15,2
3329,0,415,2484,351,737,888,2019,11,184,284,1744,69.0,81,10,0
3330,1,2409,4303,6529,736,888,2018,9,0,412,2538,1.0,80,16,3
3331,0,3328,2169,224,251,888,2018,12,217,319,1197,97.0,29,12,0
3332,1,4869,4303,5242,319,888,2019,11,0,394,5141,1.0,36,16,2
3336,0,524,245,497,603,887,2019,11,176,470,2178,61.0,79,27,1
3337,0,107,3492,3539,603,885,2014,7,212,199,260,92.0,79,7,0
3338,1,2839,4303,2966,483,885,2019,11,0,393,1265,1.0,73,16,2
3339,0,1142,3299,5777,503,883,2018,11,11,200,81,108.0,77,7,2
3340,0,1271,4457,5436,165,883,2017,11,7,52,8278,104.0,20,0,2
3341,0,2167,1311,1972,302,883,2019,11,180,470,5006,65.0,34,27,1
3342,0,2728,2494,7304,355,883,2018,8,9,327,3630,106.0,47,12,3
3343,1,3315,4303,5493,444,883,2018,11,0,394,3401,1.0,69,16,2
3344,0,3535,2565,3153,603,883,2006,11,184,470,5704,69.0,79,27,1
3345,0,3537,2824,3153,603,883,2011,11,217,470,5714,97.0,79,27,1
3347,0,3538,2565,3153,603,883,2012,11,198,470,5034,80.0,79,27,1
3348,0,3533,2823,3154,603,883,2008,11,203,470,5715,85.0,79,27,1
3349,0,3992,1333,1343,715,883,2018,9,218,289,4932,98.0,79,10,0
3350,1,4893,4303,3957,736,883,2018,9,0,412,2050,1.0,80,16,3
3351,0,5398,67,2565,338,883,2018,9,20,39,5410,115.0,42,0,3
3352,1,5898,4303,6974,506,883,2018,14,110,110,132,2.0,78,3,2
3353,1,7094,4303,7246,736,883,2019,9,0,234,6525,1.0,80,8,3
3354,1,8207,4303,2787,506,883,2019,11,0,108,373,1.0,78,3,2
3355,0,205,2682,4641,388,882,2007,9,22,329,6000,117.0,54,12,3
3356,0,826,3096,3808,388,882,2016,9,41,329,8497,132.0,54,12,3
3358,0,2302,2080,571,388,882,2016,11,34,200,590,127.0,54,7,2
3359,0,2440,4156,3417,388,882,2017,9,32,369,1693,125.0,54,15,3
3360,0,6212,685,6111,388,882,2017,11,35,200,386,128.0,54,7,2
3361,1,4743,4303,7584,150,881,2018,9,0,414,1840,1.0,18,16,3
3362,1,7363,4303,5071,150,881,2018,9,0,411,596,1.0,18,16,3
3363,0,8158,1680,902,603,881,2019,8,33,0,5249,126.0,79,0,3
3364,0,3577,602,3306,736,880,2019,11,172,470,5476,58.0,80,27,1
3365,1,2286,4303,433,150,879,2018,9,0,394,4311,1.0,18,16,3
3366,1,7953,4303,2200,150,879,2017,9,0,412,6613,1.0,18,16,3
3367,1,3411,4303,1638,603,878,2018,11,138,474,3325,3.0,79,29,1
3369,1,797,4303,7422,736,876,2018,9,0,394,692,1.0,80,16,3
3370,1,1999,4303,5272,150,876,2018,11,0,414,1278,1.0,18,16,2
3371,0,2899,1631,2759,499,876,2018,9,21,25,4877,116.0,77,0,3
3372,1,3332,4303,3916,492,876,2018,11,0,413,3333,1.0,75,16,2
3373,0,3630,819,358,603,876,2019,11,210,322,2904,90.0,79,12,0
3374,0,3962,1189,1554,162,876,2019,11,16,319,8216,111.0,20,12,2
3375,1,7023,4303,2760,736,876,2018,12,0,412,1353,1.0,80,16,2
3376,0,8431,839,6731,603,876,2019,12,3,138,4685,100.0,79,4,2
3377,0,4975,1503,6319,603,875,2018,11,219,203,7974,99.0,79,7,0
3378,0,6357,4405,218,388,875,2012,9,8,217,7516,105.0,54,7,3
3380,0,6539,3096,5685,388,875,2014,9,35,329,2257,128.0,54,12,3
3381,0,6813,350,579,388,875,2015,11,211,329,330,91.0,54,12,0
3382,0,7451,3073,5963,388,875,2015,11,34,329,3611,127.0,54,12,2
3383,1,496,4303,1545,603,874,2016,11,0,262,6796,1.0,79,8,2
3384,1,6149,4303,633,15,874,2016,11,110,414,1131,2.0,1,16,2
3385,1,195,4303,4219,435,873,2017,11,0,379,1013,1.0,67,16,2
3386,0,7236,2237,4912,603,873,2019,11,214,0,1891,94.0,79,0,0
3387,0,2300,2522,2117,388,872,2015,9,31,329,8494,124.0,54,12,3
3388,0,5084,3637,641,388,872,2011,11,6,329,587,103.0,54,12,2
3389,0,5884,1657,2343,319,870,2018,11,23,326,4174,118.0,36,12,2
3391,0,6081,3,7331,736,870,2018,11,75,39,991,162.0,80,0,2
3392,0,8486,1347,7246,34,870,2018,11,207,281,6175,89.0,2,10,0
3393,0,58,3068,758,488,869,2018,11,207,284,7062,89.0,74,10,0
3394,0,720,2987,7246,488,869,2018,9,11,283,5321,108.0,74,10,3
3395,0,1249,4445,4600,165,869,2018,11,6,217,7471,103.0,20,7,2
3396,1,1725,4303,7246,251,869,2019,11,0,292,3705,1.0,29,11,2
3397,1,3980,4303,2725,736,869,2019,14,110,424,6250,2.0,80,17,2
3398,1,4179,4303,7246,736,869,2019,11,0,291,4404,1.0,80,11,2
3399,1,5105,4303,7483,58,869,2019,9,0,498,2039,1.0,10,31,1
3400,0,5365,2021,1056,58,869,2014,10,205,125,5032,87.0,10,4,0
3402,0,5381,1320,529,643,869,2018,9,213,353,8069,93.0,79,13,0
3403,0,5698,3249,1753,603,869,2012,10,210,125,6077,90.0,79,4,0
3404,0,6082,3397,2353,736,869,2018,9,40,328,2276,131.0,80,12,3
3405,0,6946,742,4810,568,869,2019,12,19,140,4946,114.0,78,4,2
3406,1,7096,4303,2714,319,869,2018,9,138,85,4169,3.0,36,2,0
3407,0,7390,3586,4415,384,869,2018,11,10,52,2333,107.0,52,0,2
3408,0,7754,2655,2333,603,869,2008,6,217,121,8149,97.0,79,4,0
3409,0,8735,2853,3549,451,869,2018,11,6,332,1864,103.0,69,12,2
3410,0,5676,674,5152,451,868,2018,11,32,319,7962,125.0,69,12,2
3411,0,230,685,3414,388,867,2015,11,39,329,3765,130.0,54,12,2
3413,0,872,4405,7292,388,867,2015,9,24,25,3654,119.0,54,0,3
3414,0,1221,2522,3986,388,867,2014,12,15,220,5903,110.0,54,7,2
3415,0,1329,2522,3811,388,867,2017,9,27,200,4026,120.0,54,7,3
3416,0,2295,3951,5096,251,867,2018,12,5,319,8220,102.0,29,12,2
3417,0,2533,685,877,388,867,2013,9,32,200,3859,125.0,54,7,3
3418,0,3464,685,3419,388,867,2013,12,34,220,5145,127.0,54,7,2
3419,0,4855,685,4333,388,867,2017,9,28,200,5722,121.0,54,7,3
3420,0,6259,685,3812,388,867,2014,9,18,329,7338,113.0,54,12,3
3421,0,6958,895,5684,388,867,2015,11,23,328,983,118.0,54,12,2
3422,0,7513,3096,3415,388,867,2012,11,41,329,6627,132.0,54,12,2
3424,1,8304,4303,3529,603,867,2018,11,0,262,5895,1.0,79,8,2
3425,0,8751,2772,7631,603,866,2006,11,176,470,6717,61.0,79,27,1
3426,0,4076,3222,5890,251,865,2018,12,198,319,8140,80.0,29,12,0
3427,0,7603,2574,4655,444,863,2018,11,15,326,47,110.0,69,12,2
3428,0,934,3649,947,603,862,2016,11,186,470,3969,70.0,79,27,1
3429,1,1447,4303,7246,603,862,2019,11,174,297,4709,6.0,79,11,0
3430,0,2449,394,7252,251,862,2019,11,22,326,8509,117.0,29,12,2
3431,0,5343,159,4670,603,862,2019,11,207,199,1827,89.0,79,7,0
3432,0,5389,1163,5394,162,862,2019,11,202,319,2153,84.0,20,12,0
3433,0,6281,3161,6944,251,862,2018,12,40,319,2403,131.0,29,12,2
3435,1,6905,4303,7665,506,862,2018,12,110,104,4906,2.0,78,3,2
3436,1,8748,4303,713,45,862,2018,12,110,422,3552,2.0,6,17,2
3437,0,7109,4439,6704,435,861,2018,11,48,332,869,139.0,67,12,2
3438,0,3762,3199,3940,603,860,2001,12,154,470,6544,42.0,79,27,1
3439,0,8114,2783,3026,58,860,2017,11,195,285,5733,79.0,10,10,0
3440,0,2676,4075,6135,251,858,2018,9,216,319,3537,96.0,29,12,0
3441,0,1061,2252,3574,577,857,2015,8,19,39,591,114.0,78,0,3
3442,0,6605,2716,7246,603,857,2018,11,219,274,6905,99.0,79,10,0
3443,0,699,3323,3685,251,856,2018,11,16,330,3287,111.0,29,12,2
3444,0,702,1368,1770,251,856,2017,11,17,319,8593,112.0,29,12,2
3447,0,897,912,7246,603,856,2018,9,216,274,5312,96.0,79,10,0
3448,0,1252,2584,731,45,856,2012,11,6,199,4957,103.0,6,7,2
3449,0,1332,3844,5705,251,856,2017,11,7,319,5562,104.0,29,12,2
3450,0,1410,4041,3729,251,856,2004,9,5,326,8513,102.0,29,12,3
3451,0,2399,3386,5883,251,856,2012,9,217,200,5127,97.0,29,7,0
3452,1,3104,2355,4322,134,856,2015,11,0,410,7078,1.0,17,16,2
3453,1,3977,4303,4149,736,856,2019,11,0,306,5172,1.0,80,11,2
3454,0,5021,1535,5,251,856,2018,9,41,329,7824,132.0,29,12,3
3455,0,5646,3680,5798,251,856,2006,11,27,220,227,120.0,29,7,2
3456,0,6663,4117,4400,251,856,2002,9,46,326,967,137.0,29,12,3
3458,1,6824,4303,5496,736,856,2019,11,0,235,6969,1.0,80,8,2
3459,0,6957,1692,4490,363,856,2018,11,200,212,3780,82.0,48,7,0
3460,1,7349,4303,5339,2,856,2017,9,0,401,4660,1.0,0,16,3
3461,0,8236,3668,4565,251,856,2008,9,20,220,3476,115.0,29,7,3
3462,0,8743,922,4434,444,856,2018,11,39,217,3085,130.0,69,7,2
3463,1,812,4303,438,621,855,2018,13,138,422,4039,3.0,79,17,2
3464,0,3750,2013,3885,603,855,2019,11,177,470,4564,62.0,79,27,1
3465,1,8356,4303,4706,444,855,2018,9,110,391,4654,2.0,69,16,3
3466,0,5445,3437,7246,603,853,2018,12,133,274,4600,26.0,79,10,2
3467,1,3444,4303,827,483,851,2018,9,0,394,7176,1.0,73,16,3
3469,1,6954,4303,7549,38,851,2018,11,110,244,885,2.0,5,8,2
3470,0,3069,4019,552,603,850,2019,11,211,343,8092,91.0,79,12,0
3471,0,3752,4233,3939,603,850,2019,12,178,125,5115,63.0,79,4,0
3472,1,5228,4303,3667,603,850,2019,12,138,487,4470,3.0,79,30,1
3473,0,5763,2215,6264,603,850,2019,11,190,288,8442,74.0,79,10,0
3474,0,7811,2111,7687,444,850,2018,11,45,319,2552,136.0,69,12,2
3475,1,7396,4303,1341,150,849,2017,11,0,409,6734,1.0,18,16,2
3476,1,3059,4303,122,150,847,2018,9,0,244,8477,1.0,18,8,3
3477,1,4131,4303,3637,435,847,2018,11,0,238,6655,1.0,67,8,2
3478,0,5755,2822,5894,603,847,2019,11,173,470,5808,59.0,79,27,1
3480,1,6017,4303,4888,506,847,2018,11,0,97,1867,1.0,78,3,2
3481,1,6760,4303,477,150,847,2018,11,0,412,2201,1.0,18,16,2
3482,1,8380,4303,7594,319,847,2018,9,0,81,6719,1.0,36,2,3
3483,1,5925,4303,4205,435,846,2019,9,0,379,512,1.0,67,16,3
3484,0,693,1999,6266,506,845,2018,11,211,357,405,91.0,78,13,0
3485,0,4407,242,5813,251,845,2017,9,213,319,8146,93.0,29,12,0
3486,0,40,43,7246,603,844,2016,11,202,274,55,84.0,79,10,0
3487,0,1884,1606,6140,483,844,2018,11,3,200,1194,100.0,73,7,2
3488,0,2557,4303,3121,603,844,2019,10,165,138,5242,51.0,79,4,0
3489,0,4031,3503,1762,603,844,2014,14,122,442,7788,22.0,79,19,2
3491,0,3920,2781,2998,603,844,2018,14,122,121,7791,22.0,79,4,2
3492,0,3921,4303,7246,603,844,2017,13,122,121,6409,22.0,79,4,2
3493,1,4129,4303,5933,603,844,2018,14,110,422,4396,2.0,79,17,2
3494,1,5981,4303,5226,603,844,2019,11,0,488,5400,1.0,79,30,1
3495,1,6474,4303,340,407,844,2018,11,0,244,8480,1.0,59,8,2
3496,1,6695,4303,7140,319,844,2018,11,0,80,3021,1.0,36,2,2
3497,0,8180,4303,4950,621,844,2019,13,130,121,7431,24.0,79,4,2
3498,0,8355,890,2958,603,844,2019,8,18,344,425,113.0,79,12,3
3499,0,2925,2544,828,338,843,2018,12,15,209,7757,110.0,42,7,2
3500,0,4220,3157,5032,108,843,2017,11,27,200,2978,120.0,12,7,2
3502,1,5369,4303,3838,736,843,2018,13,0,422,6194,1.0,80,17,2
3503,0,4340,225,2530,736,842,2010,9,170,326,6705,56.0,80,12,0
3504,0,8388,3158,764,263,842,2010,9,34,328,714,127.0,29,12,3
3505,0,977,3047,2813,251,841,2017,9,190,319,4808,74.0,29,12,0
3506,0,2630,2565,2357,736,841,2019,9,211,470,4027,91.0,80,27,1
3507,0,3073,647,5531,435,841,2018,11,46,326,310,137.0,67,12,2
3508,0,8316,4511,4418,444,841,2018,11,204,330,528,86.0,69,12,0
3509,0,472,40,1682,736,840,2018,11,9,274,6894,106.0,80,10,2
3510,0,2891,1254,5929,274,840,2012,9,32,329,6827,125.0,30,12,3
3511,0,4997,2570,6736,251,840,2018,11,19,319,5837,114.0,29,12,2
3513,0,5957,1529,5930,272,840,2016,9,53,326,119,143.0,30,12,3
3514,0,6666,2326,2244,272,840,2015,9,28,312,1976,121.0,30,12,3
3515,0,6667,1530,2245,272,840,2017,9,24,312,4876,119.0,30,12,3
3516,1,245,4303,6938,483,839,2018,11,0,412,93,1.0,73,16,2
3517,1,8747,4303,5204,603,839,2018,11,162,477,1175,5.0,79,29,1
3518,0,2818,1869,5612,388,838,2018,11,62,326,2866,150.0,54,12,2
3519,0,578,2362,1470,446,837,2018,11,206,350,1199,88.0,69,13,0
3520,1,1046,4303,4944,506,837,2018,11,0,109,1524,1.0,78,3,2
3521,1,1608,4303,4423,342,837,2019,11,151,399,158,4.0,44,16,0
3522,1,2311,4303,7246,444,837,2019,11,0,235,2128,1.0,69,8,2
3524,0,4557,1390,2517,9,837,2018,11,8,217,1061,105.0,0,7,2
3525,0,5520,4303,7246,656,837,2019,11,24,52,2283,119.0,79,0,2
3526,1,7597,4303,7510,736,837,2017,9,0,393,834,1.0,80,16,3
3527,1,1672,4303,7246,603,836,2019,11,0,234,5737,1.0,79,8,2
3528,0,3655,297,2304,2,836,2018,11,216,328,4951,96.0,0,12,0
3529,1,3389,3819,361,492,835,2017,11,0,244,4458,1.0,75,8,2
3530,0,1590,4303,5381,589,833,2019,11,215,52,8138,95.0,78,0,0
3531,0,2343,778,7246,603,833,2019,11,218,274,6405,98.0,79,10,0
3532,0,3304,2027,4627,603,833,2019,9,216,341,2553,96.0,79,12,0
3533,1,4460,4303,3470,603,833,2019,11,110,258,463,2.0,79,8,2
3535,1,4526,4303,557,736,833,2017,9,0,394,5231,1.0,80,16,3
3536,0,5185,292,4250,45,833,2018,9,216,281,6841,96.0,6,10,0
3537,0,5404,2730,5496,342,833,2019,11,210,281,5650,90.0,44,10,0
3538,0,6448,1667,2390,251,833,2018,11,217,319,8457,97.0,29,12,0
3539,1,7911,4303,5675,506,833,2019,10,138,100,2704,3.0,78,3,0
3540,1,8151,4303,3982,736,833,2019,11,0,305,4801,1.0,80,11,2
3541,0,303,3925,7246,603,831,2017,9,210,274,4900,90.0,79,10,0
3542,0,304,1553,6242,380,831,2016,9,206,326,4952,88.0,51,12,0
3543,0,334,4303,7246,251,831,2018,9,8,212,411,105.0,29,7,3
3544,0,2155,3761,6395,251,831,2018,9,34,375,1880,127.0,29,15,3
3546,1,3996,4303,432,483,831,2002,9,0,394,2774,1.0,73,16,3
3547,0,5360,1293,4053,251,831,2017,11,32,39,5225,125.0,29,0,2
3548,0,5387,4087,3628,380,831,2018,9,21,350,8391,116.0,51,13,3
3549,0,5839,2389,1120,435,831,2018,11,5,52,4147,102.0,67,0,2
3550,0,6142,3508,6452,603,831,2019,11,180,470,5964,65.0,79,27,1
3551,0,7102,3576,6557,272,831,2016,11,9,350,3403,106.0,30,13,2
3552,0,7103,3576,4456,272,831,2017,11,22,350,783,117.0,30,13,2
3553,1,3936,4303,2004,483,830,2016,9,0,412,5856,1.0,73,16,3
3554,0,732,1394,6233,251,829,2018,11,45,326,1324,136.0,29,12,2
3555,0,454,895,3202,388,827,2017,11,7,200,7557,104.0,54,7,2
3558,1,750,4303,7246,736,827,2018,11,0,386,5432,1.0,80,16,2
3559,1,2578,4303,3853,603,827,2019,11,110,460,7450,2.0,79,23,1
3560,1,2947,4303,4716,279,827,2018,11,151,487,208,4.0,32,30,1
3561,1,3155,4303,4334,506,827,2019,14,110,111,7327,2.0,78,3,2
3562,0,5760,518,7246,603,827,2019,11,180,288,6680,65.0,79,10,0
3563,0,6425,1614,282,444,827,2018,11,211,319,4472,91.0,69,12,0
3564,0,7383,1470,1330,603,827,2019,11,219,197,1946,99.0,79,7,0
3565,1,5505,4303,6760,467,826,2017,13,151,427,3280,4.0,69,17,2
3566,1,8554,4303,7130,296,826,2018,11,0,405,8706,1.0,33,16,2
3567,0,2626,2299,4570,319,825,2018,12,211,5,8633,91.0,36,0,0
3569,0,5041,2321,5244,251,825,2018,9,22,200,3006,117.0,29,7,3
3570,0,3852,3057,6969,36,823,2018,9,215,319,2604,95.0,3,12,0
3571,0,4972,3056,2828,488,822,1999,11,4,351,4717,101.0,74,13,2
3572,0,550,4525,4074,250,821,2018,9,5,319,2206,102.0,28,12,3
3573,0,2198,2457,3303,736,821,2018,11,29,328,2478,122.0,80,12,2
3574,0,4099,1402,2396,368,821,2018,12,215,199,8203,95.0,49,7,0
3575,1,6172,4303,2604,736,821,2017,9,0,394,1024,1.0,80,16,3
3576,1,2134,4303,4582,736,819,2013,9,0,394,1913,1.0,80,16,3
3577,0,4728,4147,2485,506,819,1975,6,212,15,6423,92.0,78,0,0
3578,1,234,4303,5267,603,818,2019,12,138,430,6538,3.0,79,17,2
3580,0,749,4458,1590,488,818,2015,9,16,219,8035,111.0,74,7,3
3581,1,1292,4303,5258,603,818,2019,11,37,472,7040,13.0,79,28,1
3582,0,4541,2400,698,251,818,2018,11,20,319,4608,115.0,29,12,2
3583,0,4750,1787,5120,603,818,2012,11,176,470,3078,61.0,79,27,1
3584,0,5515,2323,2796,319,818,2017,14,217,66,7719,97.0,36,1,0
3585,0,5639,3424,7329,251,818,2017,11,27,375,2275,120.0,29,15,2
3586,0,6747,3407,527,251,818,2017,11,58,319,1246,148.0,29,12,2
3587,1,7585,4303,1064,126,818,2018,11,110,412,244,2.0,14,16,2
3588,1,7987,4303,4642,603,818,2019,12,0,446,4477,1.0,79,21,2
3589,0,8579,1957,7446,603,818,2010,11,160,470,3067,48.0,79,27,1
3591,0,1014,1957,976,506,817,1991,11,136,470,2824,28.0,78,27,1
3592,0,1015,4303,977,736,817,2015,11,145,274,6839,34.0,80,10,0
3593,0,1016,753,976,506,817,1992,11,176,470,4584,61.0,78,27,1
3594,0,1017,753,976,506,817,1993,11,170,470,4559,56.0,78,27,1
3595,0,1018,2242,976,603,817,1989,11,199,470,3635,81.0,79,27,1
3596,0,2721,3198,2450,736,817,2013,11,183,470,2884,68.0,80,27,1
3597,0,2722,4303,2450,506,817,2008,11,172,470,6208,58.0,78,27,1
3598,0,4555,2110,7246,342,817,2016,11,3,283,8333,100.0,44,10,2
3599,0,6038,4396,6271,603,817,1987,11,164,470,6637,50.0,79,27,1
3600,0,6039,4396,6271,603,817,1991,11,161,470,3080,49.0,79,27,1
3602,0,6040,4396,6271,603,817,1991,11,187,470,6209,71.0,79,27,1
3603,0,6041,4303,6271,603,817,2016,11,137,274,5927,29.0,79,10,0
3604,0,6157,4303,1276,483,817,2018,9,11,209,8417,108.0,73,7,3
3605,0,6761,3192,6982,736,817,2018,12,32,443,6332,125.0,80,20,2
3606,0,7715,3064,7601,319,817,2018,9,3,5,6443,100.0,36,0,3
3607,0,8002,1170,7060,603,817,1990,11,140,470,6206,30.0,79,27,1
3608,0,8003,4303,7060,603,817,1991,11,140,470,6210,30.0,79,27,1
3609,0,8004,2701,7064,506,817,2011,11,56,445,3696,146.0,78,20,2
3610,0,8005,2701,7063,506,817,2008,11,34,445,3066,127.0,78,20,2
3611,0,8044,1787,7088,603,817,2012,11,158,470,6207,46.0,79,27,1
3613,0,8053,3532,7118,603,817,2011,9,171,470,3053,57.0,79,27,1
3614,1,5486,4303,7246,736,816,1925,9,0,512,6822,1.0,80,34,1
3615,1,3340,4303,6706,488,815,2018,11,0,244,8370,1.0,74,8,2
3616,0,254,4519,694,740,814,2018,11,29,326,4024,122.0,81,12,2
3617,0,1057,4303,2275,603,814,2018,11,142,330,4346,312.0,79,12,0
3618,1,2967,4303,5119,296,814,2015,11,0,243,2354,1.0,33,8,2
3619,0,4067,3401,3834,251,814,2012,11,12,22,1284,109.0,29,0,2
3620,1,4824,4303,7246,603,814,2018,11,0,234,4381,1.0,79,8,2
3621,1,6176,4303,5088,251,814,2018,9,0,417,7561,1.0,29,16,3
3622,0,6911,1142,7246,736,814,2018,9,189,281,7064,73.0,80,10,0
3624,0,8551,1449,3623,444,814,2018,11,216,332,1572,96.0,69,12,0
3625,1,6518,4303,1093,603,810,2018,12,0,472,2874,1.0,79,28,1
3626,1,8462,4303,3630,483,810,2011,9,0,393,2086,1.0,73,16,3
3627,1,8457,3054,3000,559,809,2018,12,0,107,1304,1.0,78,3,2
3628,1,1922,4303,7403,736,808,2018,9,0,244,7303,1.0,80,8,3
3629,1,5437,4303,395,506,808,2018,11,162,117,6181,5.0,78,3,0
3630,1,6344,4303,6830,736,808,2018,11,0,394,3815,1.0,80,16,2
3631,1,125,4303,7246,603,807,2018,12,0,291,8665,1.0,79,11,2
3632,0,767,2267,3965,165,807,2018,11,8,200,7428,105.0,20,7,2
3633,0,1029,4074,6324,603,807,2018,8,31,342,3692,124.0,79,12,3
3635,1,3616,4303,7043,483,807,2017,9,0,393,3260,1.0,73,16,3
3636,1,3909,4303,7138,319,807,2018,9,110,80,1753,2.0,36,2,3
3637,1,4097,4303,7542,483,807,2017,11,0,393,1761,1.0,73,16,2
3638,1,4195,4303,4230,483,807,2016,9,0,394,5777,1.0,73,16,3
3639,1,5443,4303,2339,212,807,2018,11,0,244,8012,1.0,22,8,2
3640,1,6353,4303,7610,319,807,2018,11,0,84,4572,1.0,36,2,2
3641,0,6601,1648,7246,396,807,2018,11,8,274,2498,105.0,55,10,2
3642,1,8635,4303,214,492,807,2018,11,0,405,6329,1.0,75,16,2
3643,0,73,1432,6987,419,806,2011,8,194,350,8101,78.0,63,13,0
3644,0,371,3429,3707,319,806,2018,12,122,442,8441,22.0,36,19,1
3646,1,2390,4303,5385,319,806,2015,9,110,80,4170,2.0,36,2,3
3647,0,3333,3999,1987,419,806,2012,11,215,52,1568,95.0,63,0,0
3648,0,3974,3698,7487,419,806,2015,11,200,375,1980,82.0,63,15,0
3649,0,4642,1766,4024,419,806,2014,11,207,332,6604,89.0,63,12,0
3650,0,642,3720,5724,251,805,2018,11,210,319,3452,90.0,29,12,0
3651,1,2232,1931,2033,603,804,2018,11,0,472,4556,1.0,79,28,1
3652,0,4090,3325,6318,251,803,2018,11,203,319,1355,85.0,29,12,0
3653,0,5602,2016,2386,603,803,2018,10,137,125,6341,29.0,79,4,0
3654,0,555,3953,6896,251,802,2018,9,46,200,1299,137.0,29,7,3
3655,1,645,4303,7529,105,802,2018,9,0,393,4163,1.0,12,16,3
3657,0,2087,1157,3104,603,802,2014,12,134,125,6379,27.0,79,4,0
3658,1,2099,4303,922,603,802,2011,12,0,433,5070,1.0,79,17,2
3659,0,3798,2778,3213,603,802,2014,8,17,344,4620,112.0,79,12,3
3660,0,4408,972,3607,66,802,2014,8,17,197,1036,112.0,10,7,3
3661,0,6504,4164,1122,603,802,2018,11,65,443,2893,153.0,79,20,1
3662,0,7796,1724,2079,563,802,2014,7,30,337,2584,123.0,78,12,3
3663,0,2339,3801,3870,603,801,2018,12,210,149,7660,90.0,79,4,0
3664,1,2492,4303,5431,506,801,2018,11,110,108,2803,2.0,78,3,0
3665,0,3836,3908,316,388,801,2017,9,202,200,8040,84.0,54,7,0
3666,0,5220,4303,7246,603,801,2018,11,194,288,3450,78.0,79,10,0
3669,0,5221,2701,6476,603,801,2018,11,195,288,2809,79.0,79,10,0
3670,0,5222,4303,7246,603,801,2018,12,189,288,3496,73.0,79,10,0
3671,0,5223,2701,2377,603,801,2018,11,201,288,4514,83.0,79,10,0
3672,0,6011,1486,7246,444,801,2017,9,201,281,2297,83.0,69,10,0
3673,0,8345,2567,2531,251,801,2018,11,55,332,6078,145.0,29,12,2
3674,1,3239,4303,4206,435,800,2018,9,0,379,3378,1.0,67,16,3
3675,1,3398,4303,3062,736,800,2018,11,0,96,3534,1.0,80,3,2
3676,0,5685,185,7521,350,800,2018,8,44,319,3265,135.0,44,12,3
3677,1,7154,4303,3307,603,800,2018,11,0,487,3061,1.0,79,30,1
3678,1,7305,4303,3406,603,800,2018,11,0,234,6840,1.0,79,8,2
3680,1,7986,4303,1307,15,800,2018,11,0,244,3486,1.0,1,8,2
3681,1,8127,4303,2138,86,800,2018,11,138,244,427,3.0,10,8,0
3682,1,8401,4303,3215,603,800,2018,14,196,422,4519,8.0,79,17,2
3683,1,743,4303,1568,319,799,2018,11,0,80,7340,1.0,36,2,2
3684,0,5302,1963,7246,603,799,2018,12,146,274,4758,35.0,79,10,0
3685,0,8385,2598,7370,603,798,2018,11,183,470,6728,68.0,79,27,1
3686,0,108,2592,4750,302,794,2018,9,216,217,8347,96.0,34,7,0
3687,1,2024,4303,2256,212,794,2018,11,0,244,7488,1.0,22,8,2
3688,0,2126,330,1647,603,794,2018,7,15,199,7344,110.0,79,7,3
3689,0,2556,2600,3120,736,794,2018,10,172,138,2504,58.0,80,4,0
3691,0,4781,302,1407,589,794,2018,7,8,11,2415,105.0,78,0,3
3692,1,5022,4303,2939,603,794,2018,11,110,496,5072,2.0,79,30,1
3693,1,5479,2689,5541,15,794,2018,11,0,412,2696,1.0,1,16,2
3694,0,5765,607,7246,736,794,2018,11,173,288,5919,59.0,80,10,0
3695,0,6645,1693,2049,736,794,2018,13,136,121,2997,28.0,80,4,2
3696,0,6850,522,5525,603,794,2018,11,218,274,6144,98.0,79,10,0
3697,0,5686,762,6158,736,791,2018,11,178,470,5922,63.0,80,27,1
3698,1,7750,4303,6835,435,790,2018,9,110,382,7699,2.0,67,16,3
3699,1,4524,4303,2764,435,789,2018,11,0,238,8486,1.0,67,8,2
3700,0,6773,94,373,380,789,2018,9,67,25,497,155.0,51,0,3
3702,0,149,278,5748,108,788,2011,9,29,329,1937,122.0,12,12,3
3703,0,317,729,4376,239,788,2009,11,205,375,246,87.0,26,15,0
3704,0,703,1193,7246,342,788,2018,11,189,281,3195,73.0,44,10,0
3705,0,844,2185,4319,372,788,2018,11,218,329,1546,98.0,50,12,0
3706,0,1082,1997,560,241,788,2013,11,39,25,7854,130.0,26,0,2
3707,0,1207,2372,1995,239,788,2014,9,8,220,2044,105.0,26,7,3
3708,0,1401,3317,1768,251,788,2014,9,15,200,7221,110.0,29,7,3
3709,0,1742,2959,7640,338,788,2018,9,199,326,4385,81.0,42,12,0
3710,0,2046,1997,4373,239,788,2011,12,20,220,445,115.0,26,7,2
3711,0,2047,1997,4374,241,788,2014,9,18,220,8772,113.0,26,7,3
3713,0,2374,455,3678,15,788,2015,9,56,39,7939,146.0,1,0,3
3714,1,2977,4303,3332,736,788,2017,10,0,423,8583,1.0,80,17,2
3715,0,3020,2416,2924,243,788,2015,9,23,52,8299,118.0,26,0,3
3716,0,4095,1803,5296,108,788,2016,11,12,39,61,109.0,12,0,2
3717,0,4171,278,559,239,788,2009,9,22,220,8481,117.0,26,7,3
3718,0,5153,4303,5139,736,788,2018,13,126,442,4698,23.0,80,19,2
3719,0,5219,1270,1996,239,788,2010,11,215,25,7510,95.0,26,0,0
3720,0,5548,1075,5821,251,788,2017,11,31,319,5867,124.0,29,12,2
3721,0,5920,4303,7246,603,788,2017,11,210,289,2715,90.0,79,10,0
3722,0,5993,1380,1284,239,788,2013,11,216,217,3846,96.0,26,7,0
3724,0,6196,2445,7438,105,788,2008,11,216,326,7995,96.0,12,12,0
3725,1,50,4303,6068,396,787,2018,11,0,244,4752,1.0,55,8,2
3726,0,161,1985,6131,603,787,2018,12,213,143,1375,93.0,79,4,0
3727,0,566,883,4407,280,787,2018,13,140,121,1260,30.0,32,4,2
3728,1,1895,4303,1924,603,787,2018,12,0,446,5269,1.0,79,21,2
3729,0,2203,2053,1233,342,787,2018,11,200,326,2378,82.0,44,12,0
3730,0,2938,199,160,312,787,2018,7,34,319,5762,127.0,34,12,3
3731,1,4231,4303,2126,319,787,2018,11,0,394,4011,1.0,36,16,2
3732,0,4403,2964,5251,251,787,2018,11,19,319,6504,114.0,29,12,2
3733,0,5723,2393,6001,251,787,2018,11,24,200,4230,119.0,29,7,2
3735,1,6510,4303,783,621,787,2018,14,110,422,4729,2.0,79,17,2
3736,0,7908,3608,2851,162,787,2018,11,4,25,7316,101.0,20,0,2
3737,0,8009,3806,4424,348,787,2018,11,216,319,4253,96.0,44,12,0
3738,1,1264,4303,3161,603,785,2018,11,0,472,7751,1.0,79,28,1
3739,1,4614,4303,5573,712,785,2015,12,0,422,6316,1.0,79,17,2
3740,0,4878,1062,6950,603,784,2018,13,156,121,6656,44.0,79,4,0
3741,1,2589,4303,3068,58,783,2018,11,138,405,4294,3.0,10,16,0
3742,1,2596,4303,5618,444,783,2018,11,0,241,372,1.0,69,8,2
3743,1,6309,4303,6157,506,783,2018,11,110,108,1992,2.0,78,3,0
3744,1,4919,4303,2249,603,782,2018,9,110,495,6508,2.0,79,30,1
3746,0,6999,823,4092,603,782,2018,12,7,125,1703,104.0,79,4,2
3747,0,7815,1284,5498,444,781,2018,11,211,217,2343,91.0,69,7,0
3748,1,3882,4303,1292,736,780,2018,14,0,422,5488,1.0,80,17,2
3749,1,5329,4303,7246,736,780,2017,14,0,433,1258,1.0,80,17,2
3750,0,5638,3564,3681,621,780,2018,6,211,125,823,91.0,79,4,0
3751,0,6008,3576,4455,272,780,2018,11,19,350,1244,114.0,30,13,2
3752,0,6749,3364,5780,272,780,2018,9,211,209,7414,91.0,30,7,0
3753,1,7146,4303,535,603,780,2018,12,0,446,6336,1.0,79,21,2
3754,0,8145,1012,7195,603,780,2018,11,179,470,2,64.0,79,27,1
3755,0,7611,2408,6740,603,779,2007,3,207,274,4056,89.0,79,10,3
3757,1,2283,4303,7525,105,778,2017,9,0,394,2027,1.0,12,16,3
3758,1,3931,4303,715,690,778,2016,9,0,468,8685,1.0,79,25,1
3759,1,6322,4303,4660,603,778,2016,9,0,457,8208,1.0,79,23,1
3760,0,1316,909,4491,603,777,2018,11,215,349,1621,95.0,79,13,0
3761,0,5111,1337,1156,165,777,2018,11,214,200,7365,94.0,20,7,0
3762,1,5525,4303,5112,58,777,2018,10,110,437,1413,2.0,10,17,1
3763,0,6883,1928,4282,603,777,2018,8,42,197,5801,133.0,79,7,3
3764,0,7630,4303,7269,603,777,2018,10,5,143,7872,102.0,79,4,3
3765,1,8335,4303,608,45,777,2018,11,0,293,4057,1.0,6,11,2
3766,0,292,4309,2819,251,776,2018,12,29,319,8096,122.0,29,12,2
3768,1,958,4303,4648,736,776,2017,13,0,86,5956,1.0,80,2,2
3769,0,1532,2135,6764,58,776,2017,6,204,220,1317,86.0,10,7,0
3770,0,2904,3039,6963,251,776,2018,9,16,199,7637,111.0,29,7,3
3771,0,4491,4192,1317,272,776,2018,11,16,350,4220,111.0,30,13,2
3772,0,4838,2958,7246,251,776,2015,11,45,281,7259,136.0,29,10,2
3773,0,5154,3044,2532,251,776,2018,9,28,212,8519,121.0,29,7,3
3774,0,6106,4080,6809,251,776,2018,9,24,350,8283,119.0,29,13,3
3775,0,7190,97,3506,444,776,2017,9,20,326,4284,115.0,69,12,3
3776,0,1281,1216,640,388,775,2018,11,35,52,4453,128.0,54,0,2
3777,0,4187,801,4368,736,775,2018,9,212,443,4071,92.0,80,20,1
3780,1,8448,4303,1673,134,775,2018,11,0,244,1303,1.0,17,8,2
3781,1,367,4303,7246,221,773,2017,12,0,294,6573,1.0,22,11,2
3782,0,458,4361,4377,239,772,2009,9,219,220,2861,99.0,26,7,0
3783,0,4161,793,4389,212,772,2017,11,9,217,1806,106.0,22,7,2
3784,1,4504,4303,5425,603,772,2018,11,0,307,4215,1.0,79,11,2
3785,0,5308,1000,1390,589,772,2018,8,29,36,4279,122.0,78,0,3
3786,1,6636,4303,2264,45,772,2018,11,0,409,4721,1.0,6,16,2
3787,1,7646,4303,1222,121,772,2018,11,0,241,6045,1.0,13,8,2
3788,1,8133,4303,1111,442,772,2018,13,110,440,8387,2.0,67,17,2
3789,1,8512,4303,7246,603,772,2018,11,0,446,5461,1.0,79,21,2
3791,1,8113,4303,730,165,771,2017,11,0,246,1562,1.0,20,8,2
3792,1,1793,4303,4343,603,770,2017,11,0,262,3376,1.0,79,8,2
3793,0,1248,4139,4500,251,769,2018,9,36,326,1810,129.0,29,12,3
3794,0,3607,4303,3412,603,769,2018,11,210,470,4848,90.0,79,27,1
3795,1,3857,4303,3339,338,768,2003,9,185,409,1478,7.0,42,16,0
3796,0,544,2693,502,45,767,2018,11,21,218,1933,116.0,6,7,2
3797,1,1194,4303,6227,736,767,2018,10,0,422,3961,1.0,80,17,2
3798,0,5764,3750,7246,603,767,2018,9,173,288,6849,59.0,79,10,0
3799,0,7258,577,3760,603,767,2018,10,215,337,1159,95.0,79,12,0
3800,0,7576,3119,3408,184,767,2018,8,29,175,5565,122.0,20,6,3
3802,0,7944,2919,5471,603,767,2018,11,218,274,1518,98.0,79,10,0
3803,0,289,1644,6621,251,766,2009,9,22,219,249,117.0,29,7,3
3804,0,293,3378,5814,251,766,2008,9,215,375,4812,95.0,29,15,0
3805,0,276,3455,5698,251,766,2015,9,56,328,1723,146.0,29,12,3
3806,0,277,3455,5697,251,766,2013,9,45,326,7268,136.0,29,12,3
3807,0,628,385,7592,251,766,2011,9,211,39,6790,91.0,29,0,0
3808,0,643,3419,5865,251,766,2018,9,30,328,7868,123.0,29,12,3
3809,0,830,361,5870,251,766,2012,9,54,200,8716,144.0,29,7,3
3810,0,1412,2225,6534,251,766,2010,9,28,200,4130,121.0,29,7,3
3811,0,1533,2135,6424,58,766,2018,12,211,369,6235,91.0,10,15,0
3813,0,1548,3336,6536,251,766,2006,9,70,200,5357,158.0,29,7,3
3814,1,1721,4303,2205,2,766,2015,13,110,427,7473,2.0,0,17,2
3815,0,1958,4380,3380,555,766,2007,9,69,328,4448,157.0,78,12,3
3816,0,1965,4299,5520,251,766,2009,9,31,219,2220,124.0,29,7,3
3817,0,2014,1500,6005,251,766,2010,12,9,217,1123,106.0,29,7,2
3818,0,2162,564,6594,603,766,2018,11,212,363,3370,92.0,79,14,0
3819,0,2166,1509,1971,45,766,2017,11,198,470,2871,80.0,6,27,1
3820,1,2495,4303,3435,603,766,2018,11,138,291,3736,3.0,79,11,0
3821,0,2636,236,2610,251,766,2015,9,33,332,2212,126.0,29,12,3
3822,0,2699,3378,2107,251,766,2013,11,36,223,3802,129.0,29,7,2
3824,0,2827,449,5043,251,766,2012,9,42,375,2464,133.0,29,15,3
3825,0,2975,2882,5160,251,766,2007,9,12,200,6243,109.0,29,7,3
3826,0,3051,2518,3727,251,766,2012,11,53,326,5603,143.0,29,12,2
3827,0,3085,3678,239,251,766,2013,9,50,25,1437,140.0,29,0,3
3828,0,3235,3677,3116,251,766,2012,9,62,219,7224,150.0,29,7,3
3829,0,3523,2317,765,251,766,2013,12,35,219,8662,128.0,29,7,2
3830,0,3696,31,5822,251,766,2013,11,27,331,6770,120.0,29,12,2
3831,0,3700,4056,7342,251,766,2012,9,66,219,2973,154.0,29,7,3
3832,0,3737,1375,3828,603,766,2006,11,157,470,4700,45.0,79,27,1
3833,0,3738,3034,2809,251,766,2015,9,41,200,1802,132.0,29,7,3
3835,0,4074,361,1828,251,766,2007,9,33,328,538,126.0,29,12,3
3836,0,4414,2347,4603,603,766,2013,11,215,470,2134,95.0,79,27,1
3837,0,4813,3046,4494,251,766,2008,11,44,326,789,135.0,29,12,2
3838,0,4815,2983,6134,251,766,2014,9,48,219,8402,139.0,29,7,3
3839,0,5082,3378,5879,251,766,2011,11,40,326,7147,131.0,29,12,2
3840,0,5317,1082,58,251,766,2008,9,23,200,6218,118.0,29,7,3
3841,0,5328,4180,2842,251,766,2010,9,36,39,5648,129.0,29,0,3
3842,0,5721,2320,2104,251,766,2014,9,40,332,1063,131.0,29,12,3
3843,0,6094,3318,3726,251,766,2013,9,56,328,4704,146.0,29,12,3
3844,0,6200,3350,766,251,766,2013,9,30,219,2634,123.0,29,7,3
3846,0,6313,1393,7335,251,766,2014,9,51,332,892,141.0,29,12,3
3847,0,6443,2251,6685,603,766,2015,11,213,470,6002,93.0,79,27,1
3848,1,7219,4303,5585,736,766,2012,12,0,114,377,1.0,80,3,2
3849,0,7850,1849,745,603,766,2017,11,211,285,6960,91.0,79,10,0
3850,0,8348,107,5059,426,766,2016,11,9,319,7245,106.0,66,12,2
3851,0,8501,3899,6619,251,766,2008,9,40,200,2299,131.0,29,7,3
3852,0,8695,4303,446,251,766,2014,12,215,199,898,95.0,29,7,0
3853,0,8772,3769,1680,251,766,2011,6,7,138,8238,104.0,29,4,3
3854,0,2865,900,4433,451,765,2018,11,33,332,4303,126.0,69,12,2
3855,0,3034,1869,3387,388,765,2015,8,23,326,3697,118.0,54,12,3
3857,1,2387,4303,804,319,764,2018,11,110,80,4096,2.0,36,2,0
3858,0,2079,4431,1900,241,761,2006,9,214,52,3316,94.0,26,0,0
3859,0,885,4197,4943,736,760,2018,11,3,328,1055,100.0,80,12,2
3860,0,2069,142,5006,408,760,2018,7,33,326,5636,126.0,59,12,3
3861,0,3532,3822,4419,464,760,2018,11,210,200,989,90.0,69,7,0
3862,0,6070,4303,7246,121,760,2018,9,205,220,724,87.0,13,7,0
3863,0,6276,3728,7246,718,760,2018,9,217,274,4353,97.0,79,10,0
3864,1,6801,4303,7246,639,760,2018,11,0,235,5150,1.0,79,8,2
3865,0,8408,4350,4125,251,760,2018,11,20,332,4013,115.0,29,12,2
3866,1,2104,4303,685,603,759,2009,12,0,433,6071,1.0,79,17,2
3868,1,2834,4303,1102,603,759,2017,9,110,487,92,2.0,79,30,1
3869,0,5932,4383,6113,603,759,2018,11,213,274,7373,93.0,79,10,0
3870,0,728,3655,5694,736,758,2015,9,47,39,7666,138.0,80,0,3
3871,0,278,3997,90,603,757,2018,11,190,470,3917,74.0,79,27,1
3872,1,3044,4303,3042,105,757,2018,9,0,394,7703,1.0,12,16,3
3873,0,6128,1105,7635,603,757,2018,7,5,60,6442,102.0,79,0,3
3874,1,7262,4303,7246,603,757,2017,11,138,471,7378,3.0,79,28,1
3875,0,3204,1903,2460,385,754,2018,11,7,220,599,104.0,53,7,2
3876,1,318,4303,3629,105,753,2018,9,0,393,5849,1.0,12,16,3
3877,1,646,4303,6549,15,753,2017,12,0,294,3937,1.0,1,11,2
3879,1,943,4303,6260,603,753,2018,12,0,433,6353,1.0,79,17,2
3880,0,1606,2594,3343,343,753,2018,11,165,442,3793,51.0,44,19,1
3881,0,1933,4303,1816,736,753,2018,11,164,442,4268,50.0,80,19,1
3882,0,2751,3252,884,521,753,2018,6,204,125,1941,86.0,78,4,0
3883,0,3325,2277,2371,435,753,2018,11,50,55,4364,140.0,67,0,2
3884,1,4359,4303,7246,603,753,2018,9,110,234,3639,2.0,79,8,3
3885,1,4453,4303,1294,603,753,2018,11,138,254,2834,3.0,79,8,0
3886,0,4950,3391,6632,251,753,2013,9,29,326,418,122.0,29,12,3
3887,0,5152,4303,5139,736,753,2018,13,126,442,3328,23.0,80,19,2
3888,1,5617,4303,7499,488,753,2017,11,151,417,6185,4.0,74,16,0
3891,0,5987,993,4375,241,753,2016,11,215,52,2463,95.0,26,0,0
3892,0,7549,4192,3357,277,753,2018,11,28,52,1993,121.0,30,0,2
3893,1,8436,4303,7144,506,753,2018,11,0,105,7605,1.0,78,3,2
3894,0,4783,4162,3750,251,752,2018,11,40,332,8374,131.0,29,12,2
3895,1,4841,4303,4775,58,751,2012,12,110,433,3470,2.0,10,17,2
3896,1,5725,4303,5972,15,750,2018,11,162,243,8438,5.0,1,8,0
3897,0,5931,4224,6110,603,750,2018,11,178,470,5911,63.0,79,27,1
3898,0,4515,313,864,251,749,2017,11,62,326,921,150.0,29,12,2
3899,0,6061,3398,5871,251,749,2018,11,71,326,4001,159.0,29,12,2
3900,1,6607,4303,7246,506,749,2018,11,0,104,8288,1.0,78,3,2
3902,0,6452,3831,1863,251,748,2018,9,40,331,6810,131.0,29,12,3
3903,0,612,1369,1597,589,747,2018,11,39,353,4297,130.0,78,13,2
3904,1,2161,4303,4613,736,747,2018,14,110,248,5936,2.0,80,8,2
3905,0,2274,3213,3696,451,747,2018,11,219,352,160,99.0,69,13,0
3906,0,2419,1940,7246,603,747,2018,11,204,285,5881,86.0,79,10,0
3907,1,2340,3150,2307,736,747,2018,11,0,291,1516,1.0,80,11,2
3908,0,3890,3517,6330,272,747,2018,9,9,350,3693,106.0,30,13,3
3909,0,5766,2268,7246,603,747,2018,9,171,288,4336,57.0,79,10,0
3910,1,7045,4303,1432,603,747,2018,12,0,494,8540,1.0,79,30,1
3911,1,7244,4303,4963,603,747,2018,11,0,499,3698,1.0,79,31,1
3913,0,7342,3749,4514,681,747,2018,8,217,318,336,97.0,79,12,0
3914,1,5275,4303,2452,736,746,2018,11,0,244,4037,1.0,80,8,2
3915,1,6035,4303,6297,736,746,2018,12,0,291,2976,1.0,80,11,2
3916,0,70,3194,521,376,745,2018,8,54,344,1767,144.0,50,12,3
3917,1,1095,4303,2514,45,745,2018,11,0,244,2244,1.0,6,8,2
3918,0,6732,3642,3862,603,745,2018,8,15,271,2897,110.0,79,9,3
3919,0,4660,3957,5060,603,744,2018,11,171,470,2468,57.0,79,27,1
3920,0,5631,2153,5740,338,743,2018,9,24,39,7169,119.0,42,0,3
3921,1,6419,4303,734,603,743,2017,13,151,422,8199,4.0,79,17,2
3922,0,6215,758,7192,603,742,2018,7,214,345,7565,94.0,79,13,0
3924,1,1802,4303,3654,736,741,2018,9,0,446,6139,1.0,80,21,3
3925,1,2246,4303,3296,133,741,2018,9,0,291,4967,1.0,16,11,3
3926,1,3927,4303,4042,319,741,2018,9,0,80,7685,1.0,36,2,3
3927,0,4367,3085,2281,506,741,2018,11,207,359,159,89.0,78,13,0
3928,0,5606,4108,5582,603,741,2018,8,31,199,6267,124.0,79,7,3
3929,0,6644,4303,2052,736,741,2018,13,131,121,6450,25.0,80,4,2
3930,1,8683,4303,6491,435,741,2018,11,0,382,5097,1.0,67,16,2
3931,1,8382,4303,7595,736,740,2018,12,0,81,2703,1.0,80,2,2
3932,0,6914,2196,6396,557,739,2017,7,28,326,1730,121.0,78,12,3
3933,0,8190,3024,1234,603,739,2017,11,206,345,495,88.0,79,13,0
3935,0,1893,1105,7634,618,738,2017,8,16,0,2340,111.0,79,0,3
3936,0,2273,1205,6159,603,738,2012,11,199,227,4450,81.0,79,7,0
3937,0,3600,339,3356,736,738,2018,11,179,470,5628,64.0,80,27,1
3938,1,4725,4303,2742,506,738,2014,11,0,103,5754,1.0,78,3,2
3939,0,4726,4418,2484,736,738,2008,11,169,274,3728,55.0,80,10,0
3940,0,4727,1204,3395,506,738,2014,11,46,185,5200,137.0,78,7,2
3941,0,4734,4418,2484,506,738,2000,11,170,195,3272,56.0,78,7,0
3942,0,4735,4303,6053,603,738,1998,11,172,195,6624,58.0,79,7,0
3943,0,4736,4148,2487,506,738,1982,8,198,185,3633,80.0,78,7,0
3944,0,4737,3595,3396,506,738,2014,11,214,274,3964,94.0,78,10,0
3946,1,4729,4303,2483,506,738,2009,11,0,99,6593,1.0,78,3,2
3947,1,4730,4303,2486,602,738,1972,11,0,409,6434,1.0,78,16,2
3948,1,4731,4303,3394,506,738,1974,9,151,93,6424,4.0,78,3,0
3949,0,4732,4149,2488,506,738,1979,8,214,163,2849,94.0,78,6,0
3950,1,4733,4303,3397,718,738,2005,11,0,117,5618,1.0,79,3,2
3951,0,5394,1628,6784,506,738,1989,9,188,185,5738,72.0,78,7,0
3952,0,7485,129,7246,506,738,2013,11,175,274,3663,60.0,78,10,0
3953,0,75,3918,2511,251,737,2016,9,50,39,3817,140.0,29,0,3
3954,0,265,2135,5111,58,737,2017,6,211,121,2762,91.0,10,4,0
3955,0,374,3408,129,251,737,2009,9,217,350,437,97.0,29,13,0
3957,0,581,2948,6858,251,737,2014,9,56,39,5346,146.0,29,0,3
3958,0,841,1045,1764,251,737,2016,9,23,331,2250,118.0,29,12,3
3959,0,1912,3403,70,251,737,2009,9,35,326,4636,128.0,29,12,3
3960,0,1949,362,56,251,737,2009,11,46,329,2768,137.0,29,12,2
3961,0,1986,2562,2526,251,737,2014,12,55,367,2099,145.0,29,15,2
3962,0,2130,3835,3749,736,737,2017,9,51,326,2209,141.0,80,12,3
3963,0,2182,3838,3728,251,737,2012,9,9,220,2842,106.0,29,7,3
3964,0,2562,4199,697,736,737,2018,11,44,319,5014,135.0,80,12,2
3965,0,2889,236,6363,251,737,2013,9,46,328,7937,137.0,29,12,3
3966,0,2931,226,479,251,737,2014,9,36,219,7228,129.0,29,7,3
3968,0,2949,3162,5168,251,737,2009,12,219,326,2096,99.0,29,12,0
3969,1,3168,4303,2068,603,737,2018,11,0,460,4960,1.0,79,23,1
3970,0,3501,361,5868,251,737,2017,9,67,25,2296,155.0,29,0,3
3971,0,3522,3603,2458,251,737,2014,9,52,200,6061,142.0,29,7,3
3972,0,3597,403,2734,251,737,2008,9,121,39,4280,214.0,29,0,0
3973,0,3633,414,5892,251,737,2015,12,46,200,3874,137.0,29,7,2
3974,0,3707,4374,6539,251,737,2009,9,35,328,1436,128.0,29,12,3
3975,0,3770,3603,5880,251,737,2018,9,63,331,2312,151.0,29,12,3
3976,0,3771,3857,6697,251,737,2014,9,28,220,489,121.0,29,7,3
3977,0,3828,3339,2921,251,737,2009,9,4,39,120,101.0,29,0,3
3979,0,3829,446,6541,251,737,2008,9,55,200,709,145.0,29,7,3
3980,0,3892,3463,3730,251,737,2009,9,57,375,8062,147.0,29,15,3
3981,0,4144,3926,2457,251,737,2016,9,210,326,351,90.0,29,12,0
3982,0,4287,3714,4085,251,737,2012,9,36,220,3700,129.0,29,7,3
3983,0,4350,701,5831,251,737,2005,12,36,200,2409,129.0,29,7,2
3984,0,4395,455,2459,251,737,2017,9,45,200,8496,136.0,29,7,3
3985,0,4760,236,2529,251,737,2016,12,22,217,8412,117.0,29,7,2
3986,0,4805,2944,3279,251,737,2012,9,62,52,736,150.0,29,0,3
3987,0,4821,3385,5703,251,737,2011,9,43,52,8290,134.0,29,0,3
3988,0,4859,3353,5710,251,737,2011,9,3,221,150,100.0,29,7,3
3990,0,4873,1660,776,603,737,2018,13,156,121,5940,44.0,79,4,0
3991,0,4877,1660,777,621,737,2018,13,156,121,5804,44.0,79,4,0
3992,0,4905,995,2359,603,737,2009,11,16,199,1766,111.0,79,7,2
3993,0,4952,4162,7378,251,737,2014,9,57,39,1863,147.0,29,0,3
3994,0,4989,233,6615,251,737,2013,9,20,329,1200,115.0,29,12,3
3995,0,5011,3158,5262,251,737,2013,12,28,219,8414,121.0,29,7,2
3996,0,5020,1701,4084,251,737,2016,9,6,39,8207,103.0,29,0,3
3997,0,5417,4051,6726,271,737,2016,9,189,199,3090,73.0,29,7,0
3998,0,5460,2154,6234,251,737,2015,9,36,52,4924,129.0,29,0,3
3999,0,5489,113,275,251,737,2014,9,5,353,879,102.0,29,13,3
4002,0,5526,3032,5038,251,737,2013,12,29,219,8055,122.0,29,7,2
4003,0,5692,2688,6232,251,737,2008,9,67,53,6654,155.0,29,0,3
4004,0,5693,17,602,251,737,2013,9,48,53,4871,139.0,29,0,3
4005,0,6001,4369,2609,251,737,2015,12,40,200,7220,131.0,29,7,2
4006,0,6085,4355,470,251,737,2017,9,34,200,1987,127.0,29,7,3
4007,1,6595,4303,2360,603,737,2016,9,0,446,4028,1.0,79,21,3
4008,0,6806,4341,7337,251,737,2012,9,68,53,4388,156.0,29,0,3
4009,0,6910,1142,7246,736,737,2018,11,211,281,3589,91.0,80,10,0
4010,0,7934,4056,6628,251,737,2013,12,41,219,8325,132.0,29,7,2
4011,1,7976,4303,7246,506,737,2018,9,0,104,436,1.0,78,3,3
4013,0,7995,3763,6652,251,737,2016,9,39,39,4275,130.0,29,0,3
4014,0,8233,4356,5811,251,737,2010,11,46,319,7642,137.0,29,12,2
4015,0,8365,2948,767,251,737,2012,9,68,53,7092,156.0,29,0,3
4016,0,8424,438,5869,251,737,2009,9,41,220,1097,132.0,29,7,3
4017,0,8465,3905,3686,252,737,2010,9,24,326,360,119.0,29,12,3
4018,0,8541,3679,2613,251,737,2015,12,50,220,863,140.0,29,7,2
4019,0,8764,324,2267,380,737,2016,9,33,329,7594,126.0,51,12,3
4020,0,995,2228,1915,718,736,2012,6,10,138,1654,107.0,79,4,3
4021,0,5374,2915,3671,45,735,2018,11,16,319,251,111.0,6,12,2
4022,0,576,1519,4273,105,734,2018,11,39,55,2446,130.0,12,0,2
4024,0,3110,1867,3164,603,734,2018,11,33,36,4650,126.0,79,0,2
4025,0,4043,2275,7246,603,734,2018,9,130,274,7538,24.0,79,10,0
4026,1,4323,4303,7246,603,734,2018,11,0,387,6742,1.0,79,16,2
4027,1,5783,4303,7214,58,734,2018,14,110,422,3863,2.0,10,17,2
4028,1,6377,4303,3662,442,734,2018,14,138,433,7418,3.0,67,17,2
4029,0,6822,3576,3252,272,734,2018,11,11,350,8214,108.0,30,13,2
4030,0,8220,4521,7246,444,734,2018,11,22,281,5151,117.0,69,10,2
4031,0,3337,335,5213,589,729,2018,11,4,361,124,101.0,78,14,2
4032,1,850,4303,7246,736,728,2018,11,0,449,5637,1.0,80,21,2
4033,1,1773,4303,5036,319,728,2018,9,0,80,5827,1.0,36,2,3
4035,1,4392,4303,2092,603,728,2018,11,0,490,7559,1.0,79,30,1
4036,0,5675,3430,5753,603,728,2018,11,31,288,6924,124.0,79,10,2
4037,0,5703,4303,5787,45,728,2018,11,178,470,2396,63.0,6,27,1
4038,1,7204,4303,7146,603,728,2018,9,0,260,8194,1.0,79,8,3
4039,1,4667,4303,4049,319,727,2014,12,0,80,7720,1.0,36,2,2
4040,1,8118,4303,4117,86,726,2016,14,0,422,3723,1.0,10,17,2
4041,1,396,4303,6903,328,722,2017,9,0,244,4498,1.0,40,8,3
4042,1,517,4303,7217,603,721,2018,11,110,261,607,2.0,79,8,2
4043,1,1133,4303,7246,736,721,2018,12,0,295,5702,1.0,80,11,2
4044,1,3379,4303,3786,342,721,2018,11,110,241,6548,2.0,44,8,2
4046,1,5097,4303,7246,603,721,2018,11,0,472,3047,1.0,79,28,1
4047,1,6641,4303,2053,736,721,2018,13,0,422,6091,1.0,80,17,2
4048,0,6854,381,4726,301,721,2018,11,19,332,2583,114.0,33,12,2
4049,0,7364,3030,913,603,721,2018,11,218,199,1902,98.0,79,7,0
4050,1,7680,4303,1321,105,721,2018,9,0,392,8004,1.0,12,16,3
4051,0,5840,4303,5976,603,720,2018,9,3,274,7258,100.0,79,10,3
4052,1,4064,4303,4195,435,719,2018,11,0,383,2650,1.0,67,16,2
4053,0,5201,147,318,302,719,2018,11,3,326,2493,100.0,34,12,2
4054,1,1812,4303,1635,603,718,2018,11,0,472,3031,1.0,79,28,1
4055,1,3317,4303,7639,736,718,2018,10,0,296,3130,1.0,80,11,2
4057,0,7670,2039,861,354,718,2018,11,30,326,5898,123.0,47,12,2
4058,1,6296,4303,172,736,717,2004,9,110,409,3849,2.0,80,16,3
4059,1,8115,4303,5634,603,716,2013,14,0,422,8641,1.0,79,17,2
4060,1,8119,4303,7464,603,716,2016,14,0,422,7983,1.0,79,17,2
4061,0,1568,2514,7246,604,715,2018,11,193,274,8673,77.0,79,10,0
4062,1,2464,4303,7246,736,715,2018,11,0,291,6315,1.0,80,11,2
4063,1,4455,4303,2270,603,715,2018,11,110,256,3148,2.0,79,8,2
4064,0,5042,2259,3410,106,715,2018,12,9,133,8295,106.0,12,4,2
4065,0,6312,1629,6560,603,715,2018,7,9,230,1372,106.0,79,7,3
4066,1,6588,4303,6433,603,715,2018,14,110,422,5018,2.0,79,17,2
4068,0,7521,1321,631,44,715,2018,11,5,332,4306,102.0,5,12,2
4069,0,5326,3398,10,251,714,2014,9,56,200,1490,146.0,29,7,3
4070,0,7070,1879,6420,589,711,2018,11,216,0,155,96.0,78,0,0
4071,1,4694,4303,5650,488,710,2018,11,0,242,4942,1.0,74,8,2
4072,1,5658,4303,5726,603,710,2018,9,138,264,8162,3.0,79,8,0
4073,1,365,3248,5639,483,709,2018,11,0,244,2694,1.0,73,8,2
4074,0,1347,3104,939,165,709,2017,11,7,332,5578,104.0,20,12,2
4075,0,2654,3343,6942,251,709,2018,11,12,319,6611,109.0,29,12,2
4076,0,8801,3111,2389,251,709,2018,9,15,319,1702,110.0,29,12,3
4077,0,4233,1778,6229,251,709,2017,11,15,319,1029,110.0,29,12,2
4079,0,5207,2163,6591,256,709,2018,12,4,319,1582,101.0,29,12,2
4080,1,6358,4303,4401,15,709,2018,11,0,410,4153,1.0,1,16,2
4081,0,6473,3724,4753,162,709,2017,11,214,331,757,94.0,20,12,0
4082,1,1385,4303,1625,444,708,2017,11,0,400,4278,1.0,69,16,2
4083,1,3395,4303,7246,639,708,2018,11,0,235,3526,1.0,79,8,2
4084,1,7015,4303,4952,603,708,2018,11,110,472,356,2.0,79,28,1
4085,0,7399,2692,7382,444,708,2018,11,4,220,875,101.0,69,7,2
4086,1,8240,4303,7056,617,708,2018,12,138,446,4822,3.0,79,21,1
4087,1,8241,4303,4421,736,708,2018,12,138,450,3088,3.0,80,21,1
4088,1,8280,4303,7389,121,708,2017,11,0,241,3615,1.0,13,8,2
4090,0,4951,3885,6947,251,705,2017,9,51,52,434,141.0,29,0,3
4091,0,5653,4117,2844,251,705,2017,9,27,220,1966,120.0,29,7,3
4092,0,6513,3,4521,251,705,2017,9,50,52,8091,140.0,29,0,3
4093,1,1491,4303,7246,603,704,2018,11,0,291,5460,1.0,79,11,2
4094,0,4424,2040,4631,603,702,2012,11,164,470,6177,50.0,79,27,1
4095,0,933,4205,947,736,701,2018,11,171,470,6062,57.0,80,27,1
4096,1,2620,3185,5776,251,701,2018,11,0,413,7964,1.0,29,16,2
4097,0,5233,2859,6026,58,701,1998,11,141,185,4834,31.0,10,7,0
4098,1,6722,1518,6834,105,701,2018,9,0,410,2818,1.0,12,16,3
4099,0,6842,1625,4105,603,701,2018,11,210,227,2278,90.0,79,7,0
4101,1,7306,4303,6721,506,701,2018,11,0,105,5920,1.0,78,3,2
4102,0,828,405,837,251,699,2017,9,15,200,8320,110.0,29,7,3
4103,0,4547,416,3519,251,699,2017,9,75,39,314,162.0,29,0,3
4104,0,4680,3433,6733,251,699,2017,9,48,332,1841,139.0,29,12,3
4105,0,5341,3348,270,251,699,2018,7,39,329,3223,130.0,29,12,3
4106,0,8049,3892,254,251,699,2017,9,55,200,5539,145.0,29,7,3
4107,0,5396,4303,2039,603,695,2018,9,144,185,4669,33.0,79,7,0
4108,1,6543,4303,2394,603,695,2018,12,0,446,3199,1.0,79,21,2
4109,0,7525,2573,3099,462,695,2017,11,19,200,2280,114.0,69,7,2
4110,0,8028,4068,4136,603,695,2018,9,3,220,8217,100.0,79,7,3
4113,0,8709,4450,7562,435,695,2018,11,168,470,3150,54.0,67,27,1
4114,0,978,4356,2641,251,694,2018,9,62,330,8232,150.0,29,12,3
4115,0,2506,3632,363,671,693,2015,11,8,199,1079,105.0,79,7,2
4116,1,132,4303,1024,15,691,2018,9,0,294,3958,1.0,1,11,3
4117,1,344,4303,7246,603,691,2018,11,0,298,2720,1.0,79,11,2
4118,1,438,4303,3518,603,691,2018,12,0,487,4185,1.0,79,30,1
4119,0,7229,2873,4297,542,691,2018,12,31,337,67,124.0,78,12,2
4120,0,7583,1702,1617,603,691,2018,11,215,185,2045,95.0,79,7,0
4121,0,8768,1304,7660,603,691,2018,12,26,289,2857,12.0,79,10,2
4122,0,5440,140,4437,9,690,2018,11,7,332,893,104.0,0,12,2
4124,1,7572,4303,3517,603,690,2018,9,162,499,6422,5.0,79,31,1
4125,1,5593,4303,6639,736,689,2018,9,0,394,3304,1.0,80,16,3
4126,1,5199,4303,1449,483,688,2018,9,0,414,6746,1.0,73,16,3
4127,0,56,34,375,251,687,2014,12,53,200,4068,143.0,29,7,2
4128,0,724,3662,7054,251,687,2016,9,34,52,735,127.0,29,0,3
4129,0,1229,3035,740,251,687,2018,11,3,200,3556,100.0,29,7,2
4130,0,2483,4449,6907,111,687,2018,12,190,70,5323,74.0,12,1,0
4131,1,1614,4303,3100,444,686,2018,11,0,241,4340,1.0,69,8,2
4132,1,1996,4303,533,736,686,2018,14,138,422,2177,3.0,80,17,2
4133,0,4086,2368,4060,603,686,2018,11,7,197,1991,104.0,79,7,2
4135,0,127,4374,5728,251,685,2011,11,58,332,6179,148.0,29,12,2
4136,0,1502,4352,2837,251,685,2011,12,34,127,3406,127.0,29,4,2
4137,0,2379,2518,5727,251,685,2008,11,70,326,1067,158.0,29,12,2
4138,0,2471,31,145,251,685,2016,9,31,329,1389,124.0,29,12,3
4139,0,2479,2265,3742,251,685,2000,9,76,328,3695,163.0,29,12,3
4140,0,2877,3736,2733,251,685,2010,9,28,326,1716,121.0,29,12,3
4141,0,2895,4374,6540,251,685,2014,11,66,329,6047,154.0,29,12,2
4142,0,3079,1641,5872,251,685,2014,9,34,39,3003,127.0,29,0,3
4143,0,3277,3340,2811,251,685,2010,9,35,219,6771,128.0,29,7,3
4144,0,3617,3883,269,251,685,2012,12,218,219,964,98.0,29,7,0
4146,0,4349,3331,6253,251,685,2009,9,12,367,447,109.0,29,15,3
4147,0,4675,403,2735,251,685,2016,9,81,39,275,168.0,29,0,3
4148,0,5687,3318,236,251,685,2010,9,75,332,8342,162.0,29,12,3
4149,0,5741,3403,23,251,685,2006,9,71,326,2356,159.0,29,12,3
4150,0,5951,3313,268,251,685,2012,9,46,25,238,137.0,29,0,3
4151,0,6741,1641,5866,251,685,2015,9,42,329,5315,133.0,29,12,3
4152,0,6790,2550,6009,251,685,2012,9,34,220,5350,127.0,29,7,3
4153,0,6811,304,255,251,685,2011,9,40,220,7189,131.0,29,7,3
4154,0,6928,4374,5511,251,685,2005,12,210,140,194,90.0,29,4,0
4155,1,881,4303,7246,342,684,2018,10,0,292,7130,1.0,44,11,2
4157,0,905,1876,4681,603,684,2018,11,206,274,5549,88.0,79,10,0
4158,0,3431,3140,5105,6,684,2017,11,205,319,1894,87.0,0,12,0
4159,1,6693,4303,1562,319,684,2018,11,0,414,4173,1.0,36,16,2
4160,1,7029,4303,3324,319,684,2018,9,0,394,5674,1.0,36,16,3
4161,1,257,4303,2750,162,682,2018,11,110,409,2689,2.0,20,16,2
4162,1,6000,4303,7611,319,682,2018,11,110,80,1421,2.0,36,2,0
4163,0,1777,4135,3031,15,680,2005,12,200,442,5105,82.0,1,19,1
4164,0,3726,4135,3032,15,680,2012,9,204,185,2986,86.0,1,7,0
4165,1,3727,4303,3031,15,680,2007,11,174,487,2511,6.0,1,30,1
4166,0,7471,4248,5231,165,680,2017,11,3,209,566,100.0,20,7,2
4168,0,1616,3443,1493,342,679,2018,11,171,470,1132,57.0,44,27,1
4169,1,2189,4303,4621,350,679,2018,11,138,252,6991,3.0,44,8,0
4170,0,2324,502,4927,603,679,2018,11,215,41,5700,95.0,79,0,0
4171,1,6403,4303,6195,319,679,2018,11,0,242,5977,1.0,36,8,2
4172,0,6920,2290,7246,30,679,2018,9,4,274,7012,101.0,1,10,3
4173,1,8504,4303,4844,444,679,2018,11,0,410,8116,1.0,69,16,2
4174,0,5393,33,3381,251,677,2018,12,31,326,300,124.0,29,12,2
4175,0,3321,4005,2800,603,676,2018,11,188,470,5445,72.0,79,27,1
4176,0,7868,906,5898,444,676,2018,11,213,375,1855,93.0,69,15,0
4177,1,485,4303,7246,506,672,2018,12,0,104,5309,1.0,78,3,2
4179,1,1832,4303,7246,363,672,2018,11,0,292,3931,1.0,48,11,2
4180,0,2119,763,3289,120,672,2018,6,212,125,2587,92.0,12,4,0
4181,0,2395,4303,1739,603,672,2018,11,215,185,383,95.0,79,7,0
4182,1,3134,4303,5768,603,672,2018,14,151,433,769,4.0,79,17,2
4183,1,3579,4303,249,319,672,2018,11,0,410,4622,1.0,36,16,2
4184,1,4278,4303,1457,86,672,2018,13,110,422,5257,2.0,10,17,2
4185,0,5112,174,5646,45,672,2018,6,42,312,6803,133.0,6,12,3
4186,0,2202,4303,5900,444,671,2018,11,203,217,3822,85.0,69,7,0
4187,1,1317,4303,1173,736,670,2018,9,0,295,6539,1.0,80,11,3
4188,0,1318,180,3559,444,670,2018,9,8,283,6914,105.0,69,10,3
4190,0,2625,2299,4570,319,670,2018,9,4,5,5500,101.0,36,0,3
4191,0,2770,822,3868,15,668,2018,10,206,141,1942,88.0,1,4,0
4192,1,7329,4303,3366,603,668,2018,11,110,472,7424,2.0,79,28,1
4193,1,4553,4303,6596,105,667,2018,9,0,394,3301,1.0,12,16,3
4194,0,3192,999,7021,603,666,2018,11,18,60,7955,113.0,79,0,2
4195,0,3573,3793,3293,603,666,2018,11,187,470,6564,71.0,79,27,1
4196,0,5930,1083,2301,342,666,2018,11,191,347,1033,75.0,44,13,0
4197,1,4752,4303,7541,296,665,2017,11,110,405,2918,2.0,33,16,2
4198,1,738,4303,7426,506,664,2018,11,110,104,6227,2.0,78,3,0
4199,1,2113,4303,7246,603,664,2018,11,110,234,8668,2.0,79,8,2
4201,1,4792,2382,4193,435,663,2018,11,0,379,1395,1.0,67,16,2
4202,1,2462,4303,7246,603,662,2018,12,110,292,3715,2.0,79,11,2
4203,0,4264,3443,4398,2,662,2018,9,181,470,2472,66.0,0,27,1
4204,0,7401,1906,3523,603,662,2018,9,201,22,1103,83.0,79,0,0
4205,0,7735,3722,4653,444,662,2018,11,15,319,2254,110.0,69,12,2
4206,0,8571,175,5302,191,662,2018,12,206,138,698,88.0,20,4,0
4207,0,6442,2251,6685,603,660,2013,11,193,470,5256,77.0,79,27,1
4208,0,2415,3782,2254,603,659,2012,11,172,470,7,58.0,79,27,1
4209,0,3595,3782,3338,603,659,2012,11,184,470,2644,69.0,79,27,1
4210,0,3735,2598,3827,603,659,2012,11,176,470,7645,61.0,79,27,1
4212,0,3815,3708,7656,118,658,2018,9,206,200,6255,88.0,12,7,0
4213,0,602,3376,6337,251,657,2006,9,29,200,457,122.0,29,7,3
4214,0,1118,557,1023,603,657,2013,11,175,470,5170,60.0,79,27,1
4215,0,1406,446,6524,251,657,2003,9,79,329,5748,166.0,29,12,3
4216,0,1905,2149,2479,251,657,2013,9,10,200,730,107.0,29,7,3
4217,0,2118,2849,378,603,657,2018,11,214,320,7688,94.0,79,12,0
4218,0,3254,3039,2522,251,657,2010,12,205,127,2381,87.0,29,4,0
4219,0,4845,3719,6350,251,657,2018,9,212,332,1689,92.0,29,12,0
4220,0,4970,4370,262,251,657,2007,9,39,200,7326,130.0,29,7,3
4221,1,4929,4303,4675,603,657,2017,9,60,264,3735,15.0,79,8,3
4224,0,6457,2082,6674,342,657,2015,9,206,350,3355,88.0,44,13,0
4225,0,8198,2155,5157,251,657,2010,9,35,200,2286,128.0,29,7,3
4226,0,8532,523,7246,603,657,2017,11,216,288,3139,96.0,79,10,0
4227,0,8776,3887,6581,251,657,2018,11,214,319,381,94.0,29,12,0
4228,0,1013,1790,970,603,656,2012,11,184,470,4019,69.0,79,27,1
4229,1,6440,4303,5606,603,656,2017,9,0,264,674,1.0,79,8,3
4230,0,7482,4463,401,444,656,2017,11,210,347,8518,90.0,69,13,0
4231,0,1305,2709,2896,506,655,2018,11,4,332,7525,101.0,78,12,2
4232,1,1551,4303,7246,506,655,2018,11,0,104,4814,1.0,78,3,2
4233,0,3516,3443,3041,96,655,2018,11,193,470,2984,77.0,11,27,1
4235,1,3831,4303,6930,589,655,2018,11,0,97,679,1.0,78,3,2
4236,0,5431,3588,167,122,655,2018,9,207,200,3105,89.0,13,7,0
4237,0,5789,1158,7246,603,655,2018,11,210,274,4468,90.0,79,10,0
4238,0,6705,1265,4534,603,655,2018,8,218,467,5123,98.0,79,24,1
4239,1,3178,4303,1139,621,652,2017,14,0,433,8587,1.0,79,17,2
4240,0,8405,3848,7397,603,652,2018,11,181,470,3056,66.0,79,27,1
4241,1,1170,4303,7016,45,651,2018,11,0,409,5171,1.0,6,16,2
4242,0,2321,3810,5989,319,651,2014,11,6,6,4681,103.0,36,0,2
4243,0,8033,2942,6387,162,650,2018,11,215,218,5091,95.0,20,7,0
4244,1,4070,4303,4403,603,649,2018,9,0,498,3126,1.0,79,31,1
4246,0,1193,1418,1355,627,648,2016,7,207,319,6258,89.0,79,12,0
4247,0,1932,4303,1816,506,648,2018,11,190,364,4269,74.0,78,15,0
4248,1,4458,4303,4978,603,648,2018,11,110,256,626,2.0,79,8,2
4249,0,8326,3460,3317,105,648,2018,11,24,329,7558,119.0,12,12,2
4250,0,2920,2516,2599,15,646,2018,11,186,470,2701,70.0,1,27,1
4251,1,1607,4303,3261,603,645,2018,11,0,399,2971,1.0,79,16,2
4252,0,4285,4514,7297,251,644,2018,11,28,200,4639,121.0,29,7,2
4253,0,4361,3080,2535,296,644,2018,11,9,217,2005,106.0,33,7,2
4254,0,5340,2607,7246,385,644,2017,10,190,281,3854,74.0,53,10,0
4255,0,6195,816,7672,603,644,2018,11,9,230,4546,106.0,79,7,2
4257,0,6628,3417,1152,444,644,2017,7,18,319,3172,113.0,69,12,3
4258,0,7929,1143,5676,102,644,2017,11,24,326,4743,119.0,11,12,2
4259,1,8181,4303,4947,736,644,2018,13,0,422,6658,1.0,80,17,2
4260,1,8186,4303,4947,736,644,2018,13,0,422,3293,1.0,80,17,2
4261,0,411,859,1619,603,641,2018,11,3,199,4167,100.0,79,7,2
4262,0,421,1838,5472,15,641,2018,11,15,212,2012,110.0,1,7,2
4263,0,2542,4293,2303,342,641,2018,11,181,470,5333,66.0,44,27,1
4264,1,7761,4303,7246,162,641,2018,11,0,237,1501,1.0,20,8,2
4265,1,7550,4303,2122,603,640,2017,9,151,498,1967,4.0,79,31,1
4266,1,1994,4303,4833,319,637,2008,14,110,86,2108,2.0,36,2,2
4268,0,712,3832,4076,251,636,2017,9,33,326,1471,126.0,29,12,3
4269,0,761,2980,1453,488,636,2017,11,39,332,1236,130.0,74,12,2
4270,1,5115,4303,7246,162,636,2018,11,0,235,6293,1.0,20,8,2
4271,0,5310,2505,3110,603,636,2018,11,15,318,1983,110.0,79,12,2
4272,0,5420,1272,2258,212,636,2015,11,203,284,5639,85.0,22,10,0
4273,1,8255,4303,2038,603,634,2019,9,151,487,8058,4.0,79,30,1
4274,1,631,4303,3054,603,633,2019,11,162,487,5001,5.0,79,30,1
4275,1,6955,4303,7246,603,632,2018,11,0,472,5468,1.0,79,28,1
4276,0,6071,3062,896,444,631,2018,11,22,332,802,117.0,69,12,2
4277,1,6437,4303,6689,435,631,2018,11,0,379,5876,1.0,67,16,2
4279,0,2421,3443,2265,2,630,2018,11,178,470,2474,63.0,0,27,1
4280,0,3306,164,2441,603,630,2018,11,214,230,7746,94.0,79,7,0
4281,0,6555,2598,6786,603,630,2018,9,190,470,5221,74.0,79,27,1
4282,1,8163,4303,3878,690,630,2018,14,138,432,2066,3.0,79,17,2
4283,1,4662,4303,6968,319,628,2018,11,0,404,6740,1.0,36,16,2
4284,0,7994,4179,7052,603,628,2018,9,172,470,3052,58.0,79,27,1
4285,0,1382,2157,3676,426,626,2018,11,22,220,2157,117.0,66,7,2
4286,1,1795,4303,4947,736,626,2018,13,0,422,7433,1.0,80,17,2
4287,1,3401,4303,2862,89,626,2017,14,151,249,4941,4.0,10,8,2
4288,0,3733,615,3829,603,625,2007,11,207,470,2265,89.0,79,27,1
4290,0,2498,2761,7246,8,624,2017,11,181,281,3457,66.0,0,10,0
4291,0,387,2990,6633,251,623,2018,11,70,39,8272,158.0,29,0,2
4292,0,4282,1558,7537,319,623,1979,7,3,3,5258,100.0,36,0,3
4293,1,6026,4303,7008,319,623,2009,11,0,80,6792,1.0,36,2,2
4294,0,420,1790,372,603,622,2018,11,179,470,7581,64.0,79,27,1
4295,0,6496,333,4884,603,621,2017,11,212,211,6273,92.0,79,7,0
4296,1,1019,4303,984,603,620,2018,9,138,471,3439,3.0,79,28,1
4297,0,1357,3443,1205,342,620,2018,11,178,470,5331,63.0,44,27,1
4298,1,2306,4270,7246,603,620,2018,11,0,237,6800,1.0,79,8,2
4299,0,7350,4360,3374,589,620,2018,9,8,230,8339,105.0,78,7,3
4301,1,7884,4303,2575,603,620,2018,12,0,433,3904,1.0,79,17,2
4302,0,2948,565,2612,603,619,2018,11,182,470,4110,67.0,79,27,1
4303,0,4860,898,2674,212,618,2007,9,211,217,4036,91.0,22,7,0
4304,0,2362,3936,3005,603,617,2018,11,212,345,466,92.0,79,13,0
4305,0,5637,3564,3143,73,617,2018,3,205,131,6323,87.0,10,4,3
4306,1,201,4303,1218,603,616,2018,10,0,472,3070,1.0,79,28,1
4307,0,591,282,1487,522,616,2018,11,3,342,4438,100.0,78,12,2
4308,0,1818,1655,1671,162,616,2018,11,18,470,4528,113.0,20,27,1
4309,0,2252,3521,7246,603,616,2018,12,152,274,3546,40.0,79,10,0
4310,0,2525,357,4616,311,616,2018,11,8,326,7175,105.0,34,12,2
4312,1,3855,4303,4226,687,616,2018,14,110,422,4365,2.0,79,17,2
4313,0,4140,3459,1652,342,616,2018,9,214,220,7799,94.0,44,7,0
4314,0,4390,1996,7651,108,616,2017,11,12,52,50,109.0,12,0,2
4315,0,7945,3180,1212,444,616,2017,11,219,200,2132,99.0,69,7,0
4316,0,6307,1282,5945,121,615,2018,11,207,217,8169,89.0,13,7,0
4317,0,3507,1897,3135,55,614,2017,11,212,52,3826,92.0,8,0,0
4318,0,392,1072,6864,251,613,2017,11,8,326,8219,105.0,29,12,2
4319,0,1290,218,1925,251,613,2017,9,39,38,1432,130.0,29,0,3
4320,0,1625,1305,7246,317,613,2017,12,184,281,4391,69.0,34,10,0
4321,0,1819,2115,7160,603,613,2018,11,218,49,7299,98.0,79,0,0
4323,0,1942,2471,2804,9,613,2017,11,210,217,89,90.0,0,7,0
4324,0,3610,167,3423,603,613,2018,11,180,470,5053,65.0,79,27,1
4325,0,4892,2135,4006,58,613,2018,6,212,220,5093,92.0,10,7,0
4326,0,5506,4303,6760,736,613,2015,13,102,442,5708,19.0,80,19,2
4327,0,5507,186,6761,444,613,2008,13,131,442,1510,25.0,69,19,2
4328,0,5508,4303,6760,736,613,2015,13,122,442,7304,22.0,80,19,2
4329,0,5509,4303,6762,603,613,2015,13,152,442,5706,40.0,79,19,1
4330,0,5510,4303,6762,736,613,2014,13,122,442,5707,22.0,80,19,2
4331,0,5511,1485,7246,736,613,2016,13,130,442,3477,24.0,80,19,2
4332,1,6326,4303,4363,162,613,2016,13,0,422,8607,1.0,20,17,2
4335,0,6439,3335,5701,251,613,2016,9,4,326,6043,101.0,29,12,3
4336,1,6494,4303,2716,736,613,2017,12,0,402,5758,1.0,80,16,2
4337,0,7007,1096,1947,603,613,2017,8,210,199,827,90.0,79,7,0
4338,0,8041,4329,5497,444,613,2017,11,216,217,558,96.0,69,7,0
4339,1,1045,4303,5887,414,612,2017,9,0,412,6990,1.0,60,16,3
4340,0,5969,232,444,251,612,2017,9,20,220,41,115.0,29,7,3
4341,0,7625,4138,6900,162,612,2017,11,212,326,6265,92.0,20,12,0
4342,1,1130,1034,6047,736,611,2018,11,0,291,4199,1.0,80,11,2
4343,0,1330,497,1422,603,611,2018,9,213,143,3346,93.0,79,4,0
4344,1,2805,4303,1272,736,611,2016,9,110,413,8757,2.0,80,16,3
4346,0,3124,866,3748,444,611,2017,11,215,222,1454,95.0,69,7,0
4347,1,4780,4303,2834,736,611,2016,12,0,412,3568,1.0,80,16,2
4348,0,7648,2363,7246,603,611,2018,11,8,274,5775,105.0,79,10,2
4349,0,7880,3561,92,603,611,2018,9,22,185,7504,117.0,79,7,3
4350,1,8155,4303,636,736,611,2016,12,0,393,1820,1.0,80,16,2
4351,1,8803,4303,4271,736,611,2016,9,0,412,7476,1.0,80,16,3
4352,0,2258,2733,2115,212,610,2018,11,181,470,5199,66.0,22,27,1
4353,0,1020,1774,985,603,609,2017,12,217,274,6528,97.0,79,10,0
4354,0,2469,871,2350,45,609,2018,13,194,121,3660,78.0,6,4,0
4355,0,5623,3731,6201,435,609,2018,11,5,25,6281,102.0,67,0,2
4357,0,3761,300,3940,603,608,2018,12,177,470,5117,62.0,79,27,1
4358,0,2120,3097,4404,603,607,2018,11,217,199,3816,97.0,79,7,0
4359,0,3848,2647,1946,86,607,2018,11,8,197,955,105.0,10,7,2
4360,0,4536,1022,7246,603,607,2018,12,195,274,1971,79.0,79,10,0
4361,0,452,3228,3460,45,606,2017,11,210,200,42,90.0,6,7,0
4362,1,1419,4303,385,212,606,2017,11,0,412,2645,1.0,22,16,2
4363,1,6987,4303,1354,162,604,2018,11,0,244,3911,1.0,20,8,2
4364,1,7265,4303,5225,603,604,2018,11,0,472,4273,1.0,79,28,1
4365,0,965,2427,2309,626,602,2017,8,10,60,4686,107.0,79,0,3
4366,0,1644,2069,1350,603,600,2018,9,8,311,284,105.0,79,12,3
4368,0,3268,1159,7352,162,600,2018,11,219,220,1030,99.0,20,7,0
4369,1,7461,4303,3774,603,600,2018,13,110,422,5386,2.0,79,17,2
4370,0,5472,3269,1206,121,599,2017,11,11,319,2638,108.0,13,12,2
4371,0,2848,3259,2495,506,598,2018,11,181,470,2882,66.0,78,27,1
4372,1,282,4303,1813,388,597,2017,11,0,412,3224,1.0,54,16,2
4373,0,115,2625,44,603,595,2018,11,191,318,697,75.0,79,12,0
4374,0,484,3647,4929,603,595,2018,11,216,324,1828,96.0,79,12,0
4375,0,5274,1557,1467,449,595,2017,9,215,330,1356,95.0,69,12,0
4376,0,5730,1065,5841,603,595,2018,9,143,277,3966,32.0,79,10,0
4377,0,6199,3649,6481,603,595,2018,11,186,470,6037,70.0,79,27,1
4379,0,6626,1850,4881,350,595,2017,11,214,199,5848,94.0,44,7,0
4380,0,8046,3443,4390,2,595,2018,11,194,470,4570,78.0,0,27,1
4381,1,8170,4303,4372,580,595,2018,11,0,105,5962,1.0,78,3,2
4382,1,8426,4303,2225,162,595,2017,12,138,422,8762,3.0,20,17,2
4383,0,1857,1620,3446,52,594,2018,8,211,346,476,91.0,7,13,0
4384,0,2378,2156,2236,162,592,2018,11,191,470,2490,75.0,20,27,1
4385,0,3472,25,6635,251,592,2017,11,8,332,623,105.0,29,12,2
4386,1,6524,4303,5560,603,591,1993,12,185,486,3177,7.0,79,29,1
4387,0,239,1086,1151,3,590,2017,9,216,332,2199,96.0,0,12,0
4388,0,1021,3335,2845,251,590,2009,12,41,326,2213,132.0,29,12,2
4390,1,2356,4303,4317,470,590,2017,11,0,243,91,1.0,70,8,2
4391,0,3611,3649,3423,603,590,2012,11,175,470,6197,60.0,79,27,1
4392,1,4143,4303,3291,506,590,2017,11,0,108,3832,1.0,78,3,2
4393,0,4348,1256,6528,251,590,2004,9,86,22,5270,171.0,29,0,3
4394,0,4554,254,7550,251,590,2016,9,21,332,3282,116.0,29,12,3
4395,0,5193,1256,6509,251,590,2007,9,82,200,5845,169.0,29,7,3
4396,0,5347,238,6523,251,590,2005,12,43,329,7400,134.0,29,12,2
4397,0,5464,446,6512,251,590,2000,9,71,200,4705,159.0,29,7,3
4398,1,2018,4303,6857,506,589,2017,11,110,105,8324,2.0,78,3,0
4399,0,5842,1919,4215,506,589,2017,8,205,60,3739,87.0,78,0,0
4401,0,2461,3098,2044,603,588,2018,11,6,324,1215,103.0,79,12,2
4402,0,2929,1757,5395,603,588,2018,11,194,230,941,78.0,79,7,0
4403,1,5745,4303,4344,603,588,2018,11,0,291,4082,1.0,79,11,2
4404,0,6421,3443,6673,342,588,2018,11,177,470,5336,62.0,44,27,1
4405,0,7804,2401,6285,586,588,2018,11,217,342,5511,97.0,78,12,0
4406,1,8094,4303,4998,58,588,2018,11,25,151,3726,12.0,10,5,2
4407,0,8097,2859,6027,58,588,2009,8,5,186,2049,102.0,10,7,3
4408,0,8103,2859,6028,58,588,2006,8,215,186,4798,95.0,10,7,0
4409,1,8189,4303,1894,506,588,2018,9,0,291,3913,1.0,78,11,3
4410,1,3511,894,2970,506,585,2018,9,0,106,5492,1.0,78,3,3
4412,0,1031,2880,4732,390,584,2016,11,20,332,1032,115.0,54,12,2
4413,0,2646,2331,83,603,582,2018,11,5,20,7188,102.0,79,0,2
4414,0,4001,2854,5383,356,582,2016,11,219,326,4597,99.0,47,12,0
4415,0,5376,949,5268,603,582,2018,11,190,321,5419,74.0,79,12,0
4416,1,5820,4303,4463,506,582,2018,11,0,109,4682,1.0,78,3,2
4417,0,5952,2801,1282,603,582,2018,11,3,335,6054,100.0,79,12,2
4418,0,6152,72,7645,251,582,2017,9,62,328,1163,150.0,29,12,3
4419,1,7765,4303,5229,603,580,2018,11,110,472,3074,2.0,79,28,1
4420,0,919,578,2356,504,578,2018,12,205,138,327,87.0,77,4,0
4421,1,2165,4303,3567,2,578,2018,11,0,400,5878,1.0,0,16,2
4423,0,6723,205,7246,603,578,2018,9,206,274,4444,88.0,79,10,0
4424,1,8604,4303,7246,603,578,2018,11,0,234,7852,1.0,79,8,2
4425,0,8710,4472,7563,736,578,2018,11,178,470,15,63.0,80,27,1
4426,0,3349,4055,5378,319,577,2016,7,36,67,6296,129.0,36,1,3
4427,0,3498,1938,1006,470,577,2016,11,211,200,7283,91.0,70,7,0
4428,1,6155,4303,478,150,577,2016,9,0,394,8274,1.0,18,16,3
4429,1,6716,4303,7283,38,577,2017,11,0,414,8079,1.0,5,16,2
4430,0,6863,2606,4509,394,577,2017,11,20,326,3354,115.0,55,12,2
4431,0,6548,4455,7504,435,576,2018,11,50,39,2150,140.0,67,0,2
4432,1,1500,4303,5240,319,575,2017,9,0,80,2533,1.0,36,2,3
4434,0,5860,1967,5978,506,575,2018,11,195,470,4561,79.0,78,27,1
4435,0,6589,4333,6432,603,575,2018,14,7,121,7671,104.0,79,4,2
4436,1,273,2201,2645,319,571,2018,9,0,80,3479,1.0,36,2,3
4437,1,1637,4303,1196,589,571,2018,11,0,97,4972,1.0,78,3,2
4438,0,7581,2673,3048,603,571,2018,11,28,344,2189,121.0,79,12,2
4439,1,764,4303,3498,435,570,2018,11,0,238,5614,1.0,67,8,2
4440,0,3955,4305,7246,251,570,2018,10,152,284,2848,40.0,29,10,0
4441,0,1260,3207,162,53,569,2017,8,214,375,1587,94.0,7,15,0
4442,1,1167,4303,7081,375,568,2017,11,0,244,7343,1.0,50,8,2
4443,0,2634,2823,2362,603,568,2018,9,172,470,4560,58.0,79,27,1
4447,0,2319,500,4515,736,566,2017,10,194,135,3002,78.0,80,4,0
4448,1,2486,4303,7246,603,565,2018,11,0,300,5634,1.0,79,11,2
4449,0,4366,3443,4554,2,565,2018,11,165,470,2198,51.0,0,27,1
4450,0,4991,3443,5209,96,565,2018,11,184,470,48,69.0,11,27,1
4451,0,5753,3571,4610,58,565,2017,11,7,350,2555,104.0,10,13,2
4452,1,69,4303,6748,58,564,2017,11,0,244,5701,1.0,10,8,2
4453,0,333,4303,123,603,564,2018,11,173,470,3920,59.0,79,27,1
4454,0,846,2894,4379,603,564,2018,11,214,51,1181,94.0,79,0,0
4455,0,1985,2555,6519,251,564,1998,9,79,329,943,166.0,29,12,3
4456,0,2874,2555,68,251,564,2007,12,67,326,2139,155.0,29,12,2
4458,0,3635,973,7276,251,564,2017,9,55,25,6017,145.0,29,0,3
4459,0,4199,3352,841,603,564,2016,8,9,336,1787,106.0,79,12,3
4460,0,6122,2354,5420,212,564,2016,9,214,217,6591,94.0,22,7,0
4461,0,6299,230,2640,251,564,2017,12,34,329,2578,127.0,29,12,2
4462,0,6436,664,949,444,564,2017,11,205,212,340,87.0,69,7,0
4463,0,6679,403,6510,251,564,2004,12,98,326,2196,185.0,29,12,2
4464,0,6682,2878,4996,58,564,2014,11,191,217,19,75.0,10,7,0
4465,0,8096,2878,4995,58,564,2014,11,207,442,2895,89.0,10,19,1
4466,0,8095,2878,4999,58,564,2014,11,199,442,6480,81.0,10,19,1
4467,0,8101,2859,3426,58,564,2008,11,159,186,1378,47.0,10,7,0
4469,0,8104,2859,3427,58,564,2004,11,158,442,5975,46.0,10,19,1
4470,0,8191,2883,865,251,564,2016,9,32,212,8385,125.0,29,7,3
4471,0,8746,2555,228,251,564,2004,9,73,326,2218,160.0,29,12,3
4472,0,8805,1600,847,435,563,2017,11,15,332,1952,110.0,67,12,2
4473,0,1934,4303,1816,506,562,2018,11,184,442,5326,69.0,78,19,1
4474,0,4432,2598,4696,603,562,2018,11,182,470,5906,67.0,79,27,1
4475,0,8359,3148,6326,444,560,2017,11,8,353,4352,105.0,69,13,2
4476,1,937,4303,1559,437,558,2016,9,0,393,7595,1.0,67,16,3
4477,1,4441,4303,2545,162,558,2018,11,110,416,6622,2.0,20,16,2
4478,0,4835,1121,344,545,558,2018,11,34,467,8253,127.0,78,24,1
4480,1,6205,4303,1471,603,558,2018,11,0,262,6515,1.0,79,8,2
4481,1,3101,4303,388,506,557,2017,9,0,100,6292,1.0,78,3,3
4482,0,2526,1521,2555,435,556,2017,11,12,332,8228,109.0,67,12,2
4483,1,7172,4303,6438,506,555,2017,11,110,97,323,2.0,78,3,0
4484,0,2603,1349,6198,319,554,2017,12,43,39,8445,134.0,36,0,2
4485,0,373,2609,180,2,552,2018,11,175,470,2475,60.0,0,27,1
4486,1,2088,4303,3103,603,552,2018,14,174,429,3998,6.0,79,17,2
4487,1,2303,4303,2943,603,552,2018,9,0,492,4984,1.0,79,30,1
4488,0,3448,3973,2513,603,552,2018,11,216,337,1133,96.0,79,12,0
4489,1,5758,4303,3954,319,551,2017,11,0,414,3422,1.0,36,16,2
4491,0,1521,556,1392,603,550,2018,11,180,470,2989,65.0,79,27,1
4492,0,4221,252,7296,251,550,2018,9,42,220,4927,133.0,29,7,3
4493,0,6173,3566,2465,603,548,2018,9,216,274,3527,96.0,79,10,0
4494,0,7681,968,5786,516,548,2018,11,215,353,3837,95.0,78,13,0
4495,0,7808,4111,7246,210,548,2018,12,130,281,1249,24.0,21,10,2
4496,0,8559,379,82,603,548,2018,9,217,230,7647,97.0,79,7,0
4497,0,2552,2347,2324,736,546,2018,12,180,445,3774,65.0,80,20,1
4498,1,8339,4303,1426,603,546,2017,9,0,479,3749,1.0,79,29,1
4499,0,7011,2114,2512,603,545,2018,7,5,60,5612,102.0,79,0,3
4500,1,1610,4303,6664,603,543,2018,11,0,297,4014,1.0,79,11,2
4502,0,3739,2810,3831,736,543,2018,11,167,470,5518,53.0,80,27,1
4503,0,5198,1638,345,247,543,2017,11,21,329,7547,116.0,27,12,2
4504,0,6962,4478,1896,435,543,2017,9,5,200,5875,102.0,67,7,3
4505,0,4061,4303,7246,690,542,2017,11,204,274,3645,86.0,79,10,0
4506,0,5038,1116,5286,603,542,2017,11,22,322,5292,117.0,79,12,2
4507,1,8267,888,7246,603,542,2016,11,196,235,2923,8.0,79,8,0
4508,0,2320,3812,6462,212,541,2017,12,216,281,439,96.0,22,10,0
4509,0,3556,2674,3221,603,540,1998,9,184,470,5373,69.0,79,27,1
4510,1,5831,4303,2416,506,540,2016,11,0,97,290,1.0,78,3,2
4511,0,3122,1781,4481,444,539,2017,11,11,198,4841,108.0,69,7,2
4513,0,177,1027,7462,603,537,2018,11,5,185,4414,102.0,79,7,2
4514,0,2351,2810,2219,419,537,2018,11,176,470,6201,61.0,63,27,1
4515,0,4484,4303,4791,342,537,2018,11,171,470,5677,57.0,44,27,1
4516,0,6145,3443,6454,2,537,2018,11,161,470,2477,49.0,0,27,1
4517,1,6836,4303,2132,603,537,2018,14,174,433,6729,6.0,79,17,2
4518,0,326,1651,686,53,536,2017,8,205,52,3257,87.0,7,0,0
4519,1,5605,4303,2559,435,535,2017,11,0,382,8600,1.0,67,16,2
4520,0,5855,3443,5944,121,535,2018,11,173,470,3336,59.0,13,27,1
4521,0,8043,3786,7088,603,534,2018,11,178,470,7437,63.0,79,27,1
4522,0,1690,3744,7246,736,533,2017,11,184,281,7263,69.0,80,10,0
4524,1,7720,4303,822,695,533,2018,11,110,482,2028,2.0,79,29,1
4525,1,4232,4303,1990,319,532,2017,12,0,394,6615,1.0,36,16,2
4526,0,2950,2810,2615,603,531,2018,9,177,470,5276,62.0,79,27,1
4527,0,6551,716,4828,603,531,2018,7,11,185,8586,108.0,79,7,3
4528,0,7568,2699,1937,86,531,2018,11,215,359,3747,95.0,10,13,0
4529,0,759,748,5342,506,530,2017,11,219,361,761,99.0,78,14,0
4530,1,7988,4303,410,444,530,2017,11,0,391,4304,1.0,69,16,2
4531,0,616,3443,3622,121,529,2018,11,177,470,3024,62.0,13,27,1
4532,1,2767,2299,4569,319,529,2017,9,0,512,311,1.0,36,34,1
4533,0,3734,4303,3827,603,528,2018,11,175,470,6414,60.0,79,27,1
4535,0,424,2361,1827,443,527,1980,9,57,55,1045,147.0,68,0,3
4536,0,5648,3396,5044,251,527,1986,9,65,328,7460,153.0,29,12,3
4537,0,5873,3465,1752,25,527,2017,12,205,144,3748,87.0,1,4,0
4538,1,2006,4303,3815,603,526,2018,11,110,487,5729,2.0,79,30,1
4539,0,4596,1007,830,133,526,2017,9,31,326,5716,124.0,16,12,3
4540,0,7621,2741,2887,603,526,2018,9,214,211,3242,94.0,79,7,0
4541,0,7669,745,7246,435,526,2017,11,3,281,2391,100.0,67,10,2
4542,0,8057,1790,7123,603,526,2018,11,187,470,7374,71.0,79,27,1
4543,0,407,4303,312,121,524,2018,11,175,470,3022,60.0,13,27,1
4544,0,7268,2884,6630,251,523,2017,11,44,353,4711,135.0,29,13,2
4546,1,8200,4303,2560,736,522,2016,12,0,393,7615,1.0,80,16,2
4547,1,2266,4303,4768,589,521,2017,11,162,159,4216,5.0,78,5,0
4548,0,890,2866,3766,603,520,2016,7,217,359,6232,97.0,79,13,0
4549,1,1953,2684,4050,319,520,2018,11,0,83,8576,1.0,36,2,2
4550,0,4833,855,4485,603,519,2017,9,204,199,1729,86.0,79,7,0
4551,0,2292,2052,7246,444,518,2017,11,211,281,4965,91.0,69,10,0
4552,1,2605,4303,6104,319,518,2003,9,0,80,2889,1.0,36,2,3
4553,1,2606,4462,6103,319,518,2010,9,162,80,1749,5.0,36,2,0
4554,1,4248,4303,3456,506,518,2018,11,138,105,4567,3.0,78,3,0
4555,1,5518,4303,5935,319,518,2000,14,0,86,3532,1.0,36,2,2
4558,1,7174,4303,1285,162,518,2017,11,0,244,534,1.0,20,8,2
4559,1,1844,3957,1688,603,517,2017,11,0,472,3072,1.0,79,28,1
4560,0,2607,148,3817,603,517,2017,8,200,217,3852,82.0,79,7,0
4561,0,2808,1784,6450,58,516,2016,8,5,222,4933,102.0,10,7,3
4562,1,3939,4303,1219,162,515,2017,11,0,244,3173,1.0,20,8,2
4563,0,7009,2479,210,162,515,2017,9,8,22,1387,105.0,20,0,3
4564,1,8416,4303,6877,736,515,2015,9,0,412,2023,1.0,80,16,3
4565,0,987,1070,4305,212,514,2017,9,9,148,6348,106.0,22,4,3
4566,0,4791,3072,5396,603,513,2017,11,211,211,1120,91.0,79,7,0
4567,0,8042,1787,7086,603,513,2017,11,176,470,8571,61.0,79,27,1
4569,1,5395,4303,2664,736,512,2017,9,0,382,2008,1.0,80,16,3
4570,0,1723,3183,4667,603,511,2017,11,198,349,1292,80.0,79,13,0
4571,1,4927,914,5284,506,511,2017,12,0,99,6945,1.0,78,3,2
4572,1,133,4303,1024,30,510,2017,9,0,294,5732,1.0,1,11,3
4573,0,1226,961,7470,603,510,2017,11,23,60,4515,118.0,79,0,2
4574,0,1938,1085,1220,2,509,2017,11,214,329,1467,94.0,0,12,0
4575,0,102,2588,3967,58,508,2017,10,202,125,8014,84.0,10,4,0
4576,0,3550,2502,3207,350,508,2016,8,6,274,6923,103.0,44,10,3
4577,0,5976,3259,6165,506,507,2017,11,184,470,5997,69.0,78,27,1
4578,1,7297,4303,6167,67,507,2017,9,0,243,4751,1.0,10,8,3
4580,1,3031,4303,7540,435,506,2017,11,110,379,8577,2.0,67,16,2
4581,1,1456,4303,1329,736,504,2015,11,0,403,8691,1.0,80,16,2
4582,0,1530,1219,2015,603,504,2017,10,8,329,7330,105.0,79,12,2
4583,0,4820,4319,5042,251,504,2017,11,35,200,1419,128.0,29,7,2
4584,0,5545,3829,4935,603,504,2017,7,204,211,728,86.0,79,7,0
4585,0,6187,517,2814,438,504,2015,11,12,200,6359,109.0,67,7,2
4586,1,8660,4303,5643,603,504,2017,9,0,234,4804,1.0,79,8,3
4587,1,2907,4303,4217,603,503,2017,9,151,498,5809,4.0,79,31,1
4588,0,3632,2598,3572,603,502,2017,11,186,470,5085,70.0,79,27,1
4589,1,1852,4303,2596,736,501,2016,9,0,412,3755,1.0,80,16,3
4591,0,2185,975,3238,603,500,2017,11,207,197,6274,89.0,79,7,0
4592,0,3481,4298,3145,251,500,1986,9,75,52,7960,162.0,29,0,3
4593,0,6270,2361,5047,264,500,1991,9,76,328,7786,163.0,29,12,3
4594,0,7710,1119,7246,30,499,2006,9,211,277,2284,91.0,1,10,0
4595,0,8165,1929,628,603,498,2017,14,134,131,7779,27.0,79,4,2
4596,0,1706,1787,1530,603,497,2017,11,182,470,2972,67.0,79,27,1
4597,0,3484,1641,6504,251,496,2017,11,52,220,872,142.0,29,7,2
4598,0,6786,2770,4340,322,496,2017,11,194,346,7237,78.0,36,13,0
4599,0,242,1239,1976,603,495,2017,13,133,125,2835,26.0,79,4,2
4600,1,445,4303,1662,603,495,2017,14,162,433,4707,5.0,79,17,2
4602,1,1963,4303,501,338,495,2015,9,0,412,1776,1.0,42,16,3
4603,0,2100,4303,5769,603,495,2017,13,158,131,5494,46.0,79,4,0
4604,1,3712,4303,4756,319,495,2017,12,0,409,3427,1.0,36,16,2
4605,0,4716,2405,3370,261,495,2017,14,199,121,8034,81.0,29,4,0
4606,0,4863,2961,2770,211,495,2017,9,24,319,758,119.0,21,12,3
4607,1,5163,3102,1887,162,495,2017,14,0,433,8549,1.0,20,17,2
4608,1,5342,4303,6879,736,495,2015,9,0,394,6686,1.0,80,16,3
4609,0,7914,189,369,502,495,2016,11,219,373,4668,99.0,77,15,0
4610,1,6712,4303,3015,603,495,2017,9,151,498,6024,4.0,79,31,1
4611,0,8403,2941,2387,603,495,2017,11,216,274,5175,96.0,79,10,0
4613,1,4375,4303,2496,506,494,2017,11,151,108,205,4.0,78,3,0
4614,1,1233,4303,1742,506,493,2017,11,138,97,1694,3.0,78,3,0
4615,0,5543,3893,6841,251,493,2017,7,35,217,7216,128.0,29,7,3
4616,0,1746,2003,7246,603,492,2017,9,19,274,3438,114.0,79,10,3
4617,0,7195,1630,4264,444,492,2016,11,4,319,8108,101.0,69,12,2
4618,1,7472,4303,2344,319,492,2017,9,0,394,638,1.0,36,16,3
4619,1,8100,4303,3429,736,492,2017,11,0,409,6479,1.0,80,16,2
4620,1,1228,961,873,736,491,2017,11,0,512,3523,1.0,80,34,1
4621,1,623,4303,7503,435,490,2017,11,0,383,4502,1.0,67,16,2
4622,0,825,467,857,603,490,2017,9,12,443,4261,109.0,79,20,3
4624,1,2766,4303,3152,603,490,2017,11,0,498,994,1.0,79,31,1
4625,0,867,2065,779,17,489,2017,13,165,148,2077,51.0,1,4,0
4626,0,1217,4279,1093,603,489,2017,12,176,470,2876,61.0,79,27,1
4627,0,6103,1695,6064,603,489,2017,12,189,274,3798,73.0,79,10,0
4628,0,159,171,6129,603,487,2017,12,212,143,2994,92.0,79,4,0
4629,0,3564,778,3282,86,487,2017,11,214,274,7266,94.0,10,10,0
4630,1,4167,4303,6066,603,487,2017,11,174,262,6831,6.0,79,8,0
4631,1,4277,4303,1458,603,487,2017,13,138,422,8585,3.0,79,17,2
4632,0,4804,1044,1195,603,487,2017,8,44,318,7464,135.0,79,12,3
4633,1,6294,4303,7246,603,487,2017,11,0,446,7226,1.0,79,21,2
4635,1,7322,4303,7598,319,485,2014,9,0,85,6081,1.0,36,2,3
4636,1,7493,4303,4044,407,485,2015,11,0,244,2251,1.0,59,8,2
4637,0,1864,2598,1746,603,484,2017,11,181,470,3387,66.0,79,27,1
4638,0,1150,119,5554,58,481,2017,11,33,25,7572,126.0,10,0,2
4639,1,1075,4303,1561,319,480,2017,11,0,404,3601,1.0,36,16,2
4640,1,2748,1448,1755,319,480,2017,14,110,86,3839,2.0,36,2,2
4641,1,3961,4303,4630,603,480,2017,11,110,487,3041,2.0,79,30,1
4642,0,4499,3443,352,342,480,2017,11,168,470,5807,54.0,44,27,1
4643,0,7340,2584,1867,45,480,2017,11,3,52,4575,100.0,6,0,2
4644,1,2386,4303,5239,319,479,2017,11,110,80,6709,2.0,36,2,0
4646,0,3555,785,3223,603,479,2002,8,199,274,2990,81.0,79,10,0
4647,1,5614,4303,4972,603,479,2017,10,174,422,6355,6.0,79,17,0
4648,0,7330,619,918,603,479,2016,8,30,309,6182,123.0,79,12,3
4649,0,4044,1983,7246,603,478,2017,11,54,274,6851,144.0,79,10,2
4650,0,4798,304,599,251,477,2017,7,65,200,2958,153.0,29,7,3
4651,1,395,3154,5741,736,475,2015,9,0,412,672,1.0,80,16,3
4652,1,422,4303,6371,58,475,2017,11,0,244,4358,1.0,10,8,2
4653,0,790,214,7254,251,474,1978,12,51,39,4144,141.0,29,0,2
4654,0,2696,1674,283,444,474,2016,11,7,375,5753,104.0,69,15,2
4655,0,2900,188,7535,499,474,2016,12,217,39,231,97.0,77,0,0
4657,0,5458,192,6744,212,474,2016,10,200,125,2996,82.0,22,4,0
4658,0,6912,874,5018,105,474,2017,11,218,39,2528,98.0,12,0,0
4659,1,7137,4303,6972,736,474,2010,11,0,412,3682,1.0,80,16,2
4660,1,7199,4303,4270,736,474,2007,11,0,412,1056,1.0,80,16,2
4661,1,7426,4303,3140,736,474,2009,9,0,412,2413,1.0,80,16,3
4662,1,7820,4303,6970,736,474,2008,9,0,242,332,1.0,80,8,3
4663,1,8047,4303,3137,419,474,2009,9,0,412,6166,1.0,63,16,3
4664,0,3631,2091,3570,603,473,2017,11,202,470,3163,84.0,79,27,1
4665,0,6871,1221,2041,603,473,2016,8,192,274,3642,76.0,79,10,0
4666,0,5999,157,1226,603,472,2017,7,191,339,6469,75.0,79,12,0
4669,0,5636,3564,3682,58,471,2017,6,213,125,5868,93.0,10,4,0
4670,1,966,4303,3300,603,470,2017,9,0,473,5973,1.0,79,28,1
4671,0,3594,1482,3337,603,470,2017,9,218,274,5192,98.0,79,10,0
4672,0,6575,2190,2721,603,469,2016,8,211,318,529,91.0,79,12,0
4673,0,7237,3345,6313,603,468,2015,8,81,64,8720,168.0,79,0,3
4674,0,3487,602,2904,506,467,2017,11,183,470,3037,68.0,78,27,1
4675,1,7512,4303,5115,86,467,2017,11,0,499,7408,1.0,10,31,1
4676,1,8409,4303,2744,506,467,2017,11,138,117,6634,3.0,78,3,0
4677,0,49,4499,7035,603,463,2017,11,6,344,408,103.0,79,12,2
4678,1,2972,4303,1513,603,463,2017,12,110,497,3243,2.0,79,30,1
4680,0,5245,1565,7246,603,463,2017,9,215,274,4692,95.0,79,10,0
4681,1,7061,4303,3784,603,463,2017,11,0,235,5334,1.0,79,8,2
4682,0,8549,1866,2311,603,463,2017,11,200,0,6562,82.0,79,0,0
4683,0,8488,3448,5907,162,462,2017,11,214,220,5299,94.0,20,7,0
4684,0,5408,565,5571,603,460,2017,11,181,470,2915,66.0,79,27,1
4685,0,723,2882,231,251,459,2017,9,44,52,4333,135.0,29,0,3
4686,1,3341,4303,3883,736,459,2016,12,0,394,5589,1.0,80,16,2
4687,1,3999,4303,7430,736,459,2012,9,0,393,3827,1.0,80,16,3
4688,0,4269,3425,2231,251,459,2017,9,54,328,1724,144.0,29,12,3
4689,0,908,1025,4090,363,458,2015,11,210,281,6962,90.0,48,10,0
4691,1,6213,4303,4234,162,458,2017,13,0,422,671,1.0,20,17,2
4692,0,6339,3837,6555,260,458,1960,12,70,200,8241,158.0,29,7,2
4693,1,8510,4303,6176,603,458,2015,10,174,297,7706,6.0,79,11,0
4694,0,1080,2533,184,224,456,2016,9,201,200,1747,83.0,22,7,0
4695,0,1571,4468,2347,494,456,2016,11,5,326,8455,102.0,75,12,2
4696,0,2195,1744,322,342,456,2017,11,166,470,3927,52.0,44,27,1
4697,0,3818,2477,7246,506,456,2017,11,15,274,422,110.0,78,10,2
4698,0,6874,2749,6290,603,456,2017,11,203,207,7730,85.0,79,7,0
4699,0,7494,3051,91,603,456,2017,11,18,199,4087,113.0,79,7,2
4700,0,805,2532,2718,412,455,2016,11,206,220,650,88.0,60,7,0
4702,0,1141,569,3096,444,455,2017,11,207,212,4753,89.0,69,7,0
4703,0,1525,1790,1427,603,454,2017,11,173,470,2992,59.0,79,27,1
4704,1,3301,4303,3843,319,452,2017,12,0,80,4661,1.0,36,2,2
4705,1,3778,4303,903,105,452,2017,14,110,422,8744,2.0,12,17,2
4706,0,7067,980,7246,237,452,2017,11,9,285,2595,106.0,24,10,2
4707,0,5911,580,6080,603,450,2017,11,181,470,5806,66.0,79,27,1
4708,0,76,1426,2474,435,448,2012,11,44,332,7452,135.0,67,12,2
4709,1,957,4303,4647,319,448,2016,14,0,86,5340,1.0,36,2,2
4710,1,2268,4303,6951,621,448,2017,14,0,433,4521,1.0,79,17,2
4711,0,2508,673,3505,444,448,2017,11,213,217,7187,93.0,69,7,0
4713,0,2538,1310,7246,682,448,2016,11,195,281,369,79.0,79,10,0
4714,0,2674,4383,7246,603,448,2017,7,10,289,5443,107.0,79,10,3
4715,0,2704,2170,6431,58,448,2016,14,159,125,7523,47.0,10,4,2
4716,1,3660,4303,1398,736,448,2012,9,0,412,5859,1.0,80,16,3
4717,1,5096,4303,7246,205,448,2016,13,110,422,7395,2.0,20,17,2
4718,1,6523,4303,6423,603,448,2004,9,151,158,2926,4.0,79,5,0
4719,1,6525,4303,3776,603,448,2000,12,185,486,5507,7.0,79,29,1
4720,1,6615,4303,6155,419,448,2013,9,0,394,172,1.0,63,16,3
4721,1,7105,4303,6156,419,448,2009,9,0,394,3829,1.0,63,16,3
4722,0,7423,4326,6095,374,448,2016,9,23,326,516,118.0,50,12,3
4724,0,8364,665,721,342,448,2017,11,199,319,953,81.0,44,12,0
4725,1,8530,4303,421,483,448,2017,9,0,412,2750,1.0,73,16,3
4726,1,7694,4303,7246,506,447,2017,11,0,100,3319,1.0,78,3,2
4727,0,2683,2866,1200,603,446,2017,11,6,359,8212,103.0,79,13,2
4728,0,4165,1696,7246,603,446,2017,9,152,274,7754,40.0,79,10,0
4729,1,4356,4303,2161,736,446,2015,12,0,410,1358,1.0,80,16,2
4730,0,5299,3515,6061,603,446,2017,9,6,337,2076,103.0,79,12,3
4731,0,5303,1132,7246,736,446,2017,11,203,281,5692,85.0,80,10,0
4732,1,5412,4303,5584,506,446,2017,9,0,100,4033,1.0,78,3,3
4733,1,5772,4303,6023,603,446,2017,11,110,487,4061,2.0,79,30,1
4735,1,6092,4303,6360,736,446,2014,12,0,412,713,1.0,80,16,2
4736,0,4800,2951,4367,193,444,2015,11,7,319,3836,104.0,20,12,2
4737,0,1907,2464,1689,603,443,2017,11,200,470,4884,82.0,79,27,1
4738,1,6796,4303,7580,686,443,2017,9,151,385,6473,4.0,79,16,0
4739,1,1829,4303,4602,58,442,2017,9,138,511,2072,3.0,10,33,1
4740,0,6683,4399,5000,58,441,2014,4,17,217,1909,112.0,10,7,3
4741,0,6886,4518,1017,445,441,2017,11,5,209,6254,102.0,69,7,2
4742,0,2637,768,4119,603,440,2017,11,4,288,3712,101.0,79,10,2
4743,0,6879,248,6823,603,440,2016,8,24,325,2722,119.0,79,12,3
4744,0,3553,2773,3221,603,439,2017,9,177,470,5039,62.0,79,27,1
4746,0,811,840,2142,621,438,2017,13,179,121,8529,64.0,79,4,0
4747,0,2463,308,6732,56,436,2017,11,46,309,38,137.0,8,12,2
4748,0,6597,4452,7246,641,436,2017,11,11,274,6551,108.0,79,10,2
4749,1,8352,4303,5653,603,436,2017,13,110,422,8580,2.0,79,17,2
4750,0,2711,500,672,603,435,2017,3,194,135,2385,78.0,79,4,3
4751,1,5161,4303,775,15,435,2017,11,185,488,68,7.0,1,30,1
4752,0,3050,1158,7246,603,434,2017,9,152,274,6909,40.0,79,10,0
4753,0,3539,2823,3153,603,434,2017,11,187,470,7659,71.0,79,27,1
4754,0,10,1288,5275,603,432,2017,9,219,185,8303,99.0,79,7,0
4755,1,609,4303,304,444,432,2016,11,0,241,1416,1.0,69,8,2
4757,0,2344,3587,2206,96,432,2017,11,175,470,3539,60.0,11,27,1
4758,1,2445,4303,7246,603,432,2017,11,0,300,2505,1.0,79,11,2
4759,0,3596,2077,3346,736,432,2017,11,194,470,3060,78.0,80,27,1
4760,0,1364,4068,888,603,429,2016,11,218,197,1075,98.0,79,7,0
4761,0,4415,2505,4603,603,429,2017,11,186,470,2756,70.0,79,27,1
4762,1,5088,4303,3546,603,429,2016,12,0,461,4156,1.0,79,23,2
4763,1,5809,4303,125,603,429,2017,9,151,498,7164,4.0,79,31,1
4764,1,2569,4303,5649,603,428,2016,9,0,264,322,1.0,79,8,3
4765,1,7854,4303,5354,603,428,2016,9,196,500,7413,8.0,79,31,1
4766,1,152,4303,1542,483,426,2017,11,0,410,34,1.0,73,16,2
4768,1,192,4303,2005,483,426,2017,12,0,413,8729,1.0,73,16,2
4769,0,291,3396,7360,251,426,1988,9,58,52,2390,148.0,29,0,3
4770,0,423,4303,7246,736,426,2017,11,168,281,8671,54.0,80,10,0
4771,0,930,4259,2711,319,426,2012,11,212,5,3782,92.0,36,0,0
4772,0,931,4259,2712,319,426,2013,11,10,5,1374,107.0,36,0,2
4773,0,1240,4209,6425,603,426,2006,11,210,318,1984,90.0,79,12,0
4774,0,1400,4303,515,251,426,1976,12,44,220,1954,135.0,29,7,2
4775,0,2179,3396,5820,251,426,1983,9,63,328,8521,151.0,29,12,3
4776,1,2341,4303,7591,319,426,2017,12,0,412,417,1.0,36,16,2
4777,1,2873,4303,7009,319,426,2007,9,0,80,8068,1.0,36,2,3
4780,1,3070,4303,7246,603,426,1988,12,0,297,3988,1.0,79,11,2
4781,0,3772,2907,1657,251,426,1973,9,41,52,2522,132.0,29,0,3
4782,1,3912,4303,778,603,426,2017,14,0,422,2483,1.0,79,17,2
4783,0,4108,1160,110,603,426,2017,11,215,207,4816,95.0,79,7,0
4784,0,4400,3840,6352,251,426,1974,9,75,219,1814,162.0,29,7,3
4785,0,4808,4298,5046,251,426,1989,9,76,39,5015,163.0,29,0,3
4786,1,4976,4303,7402,638,426,2017,11,138,256,6714,3.0,79,8,0
4787,0,5160,1302,5118,212,426,2016,11,207,25,3087,89.0,22,0,0
4788,0,5828,2062,7246,603,426,2017,11,136,289,1149,28.0,79,10,0
4789,0,5899,4160,6077,162,426,2016,11,6,281,5009,103.0,20,10,2
4791,0,6422,2361,7646,264,426,1984,9,73,329,1746,160.0,29,12,3
4792,0,7100,1391,5477,9,426,2016,11,18,200,8689,113.0,0,7,2
4793,0,7228,1385,1984,105,426,2016,10,204,125,7803,86.0,12,4,0
4794,0,7391,3441,2990,562,426,2016,9,201,281,4447,83.0,78,10,0
4795,0,7445,1664,4252,13,426,2017,11,18,326,8508,113.0,0,12,2
4796,0,8045,2611,1999,2,426,2016,11,204,281,7096,86.0,0,10,0
4797,0,5985,2598,6180,603,424,2017,9,171,470,6134,57.0,79,27,1
4798,0,1279,3751,5851,603,421,2016,11,218,363,5571,98.0,79,14,0
4799,0,926,683,4788,15,420,2017,8,21,375,7712,116.0,1,15,3
4800,0,1892,57,7480,603,420,2017,11,3,359,5190,100.0,79,13,2
4802,0,4289,2598,4466,603,418,2017,11,165,470,7600,51.0,79,27,1
4803,1,1995,4303,532,603,414,2017,14,162,422,4097,5.0,79,17,2
4804,1,4459,4303,1295,603,414,2017,11,0,256,3149,1.0,79,8,2
4805,0,8266,916,5101,603,414,2011,7,18,289,2379,113.0,79,10,3
4806,0,8520,4244,5382,543,414,2017,11,31,60,4440,124.0,78,0,2
4807,1,60,4303,7202,492,411,2013,11,0,244,8285,1.0,75,8,2
4808,0,1190,1787,1049,603,411,2017,11,178,445,3114,63.0,79,20,1
4809,0,1635,1787,1511,603,411,2015,11,170,470,5427,56.0,79,27,1
4810,1,4607,4303,7554,319,411,2017,11,0,244,3669,1.0,36,8,2
4811,0,7578,3250,7313,603,410,2017,9,214,185,1794,94.0,79,7,0
4813,0,1512,1806,6065,603,408,2017,11,210,309,6536,90.0,79,12,0
4814,0,4175,2046,5130,342,408,2015,11,187,326,6190,71.0,44,12,0
4815,0,4966,2829,4701,603,407,2017,9,217,230,5900,97.0,79,7,0
4816,0,1923,4411,4633,603,406,2015,8,201,346,8086,83.0,79,13,0
4817,0,7701,1219,89,603,406,2017,9,212,0,5294,92.0,79,0,0
4818,0,725,3655,5695,251,403,2017,11,78,39,7290,165.0,29,0,2
4819,0,726,3655,5695,736,403,2017,9,79,39,7291,166.0,80,0,3
4820,0,727,3655,5695,736,403,2017,11,79,39,7292,166.0,80,0,2
4821,0,729,3655,5694,251,403,2015,9,71,39,7667,159.0,29,0,3
4822,0,730,3655,5694,736,403,2015,9,73,39,7668,160.0,80,0,3
4824,0,731,3655,5694,736,403,2015,9,71,39,7669,159.0,80,0,3
4825,0,3919,3529,4159,603,402,2015,14,122,121,7794,22.0,79,4,2
4826,0,2265,2728,3150,175,401,2016,7,8,55,2293,105.0,20,0,3
4827,0,402,3443,299,342,400,2017,11,168,470,5330,54.0,44,27,1
4828,0,3308,631,1136,603,400,2017,11,28,289,2183,121.0,79,10,2
4829,0,4548,1249,1266,535,400,2017,8,6,363,5523,103.0,78,14,3
4830,1,8516,4303,2020,603,400,2017,11,0,487,297,1.0,79,30,1
4831,0,7315,1287,4703,458,399,2017,11,36,375,8090,129.0,69,15,2
4832,1,1183,4303,3249,419,398,2011,9,0,415,479,1.0,63,16,3
4833,1,1592,4303,1137,483,398,2016,9,0,244,8523,1.0,73,8,3
4835,1,2261,4303,7041,435,398,2014,9,0,412,8358,1.0,67,16,3
4836,1,2376,4303,341,407,398,2015,9,0,244,2568,1.0,59,8,3
4837,0,2913,1947,2274,279,398,2016,11,215,200,1011,95.0,32,7,0
4838,1,2981,4303,4132,736,398,2016,9,0,244,826,1.0,80,8,3
4839,0,3558,193,1352,603,398,2016,13,198,125,2489,80.0,79,4,0
4840,1,4069,4303,5805,483,398,2016,12,0,394,7536,1.0,73,16,2
4841,1,4154,4303,5745,407,398,2014,11,0,240,1239,1.0,59,8,2
4842,1,4226,4303,1402,736,398,2016,9,0,393,7210,1.0,80,16,3
4843,0,4496,2745,4816,736,398,2017,9,182,470,4975,67.0,80,27,1
4844,0,5257,1652,7165,603,398,2016,11,202,214,5587,84.0,79,7,0
4846,0,5719,822,3869,15,398,2016,13,217,144,1208,97.0,1,4,0
4847,1,6669,4303,3563,736,398,2017,11,0,241,2602,1.0,80,8,2
4848,0,6921,804,4937,100,398,2016,11,204,319,707,86.0,11,12,0
4849,1,7290,4303,4382,419,398,2011,9,0,412,6055,1.0,63,16,3
4850,1,7284,4303,1386,506,398,2013,11,162,93,2105,5.0,78,3,0
4851,0,8248,821,3125,162,398,2015,11,19,200,1362,114.0,20,7,2
4852,1,8366,4303,7085,506,398,2012,11,110,97,2967,2.0,78,3,0
4853,1,8654,4303,6059,506,398,2009,11,0,100,3767,1.0,78,3,2
4854,1,1841,4318,7246,603,396,2017,9,0,291,3678,1.0,79,11,3
4855,0,7294,1896,3255,603,396,2017,11,202,215,2905,84.0,79,7,0
4857,0,3599,911,3354,603,395,2017,11,182,470,6202,67.0,79,27,1
4858,0,3270,2183,7246,474,394,2016,9,211,288,3176,91.0,70,10,0
4859,0,335,1264,143,251,390,2017,11,178,470,7403,63.0,29,27,1
4860,1,625,1194,727,603,390,2017,11,0,471,8696,1.0,79,28,1
4861,0,8259,78,4611,444,389,2017,11,21,326,7762,116.0,69,12,2
4862,0,480,1225,4739,444,388,2017,11,7,329,8736,104.0,69,12,2
4863,0,1254,1545,1084,603,387,2017,14,49,125,2956,14.0,79,4,2
4864,0,1432,1828,7246,603,387,2017,12,207,274,3291,89.0,79,10,0
4865,0,8036,2663,4292,603,387,2017,11,11,318,3430,108.0,79,12,2
4866,0,1763,1787,1558,603,386,2014,11,173,470,4701,59.0,79,27,1
4868,0,8056,1787,7123,603,386,2014,11,190,470,5179,74.0,79,27,1
4869,1,1853,4303,6749,603,383,2017,14,151,422,6727,4.0,79,17,2
4870,1,1910,3965,411,58,383,2017,9,151,417,3190,4.0,10,16,0
4871,1,1970,4303,5804,105,383,2015,12,0,394,1705,1.0,12,16,2
4872,1,3825,4303,1319,105,383,2012,9,0,412,4366,1.0,12,16,3
4873,1,5655,4303,2340,105,383,2012,9,0,412,3381,1.0,12,16,3
4874,0,6720,3178,6981,603,383,2017,11,202,211,8604,84.0,79,7,0
4875,1,7405,4303,1655,105,383,2008,9,0,405,6481,1.0,12,16,3
4876,0,18,3026,2302,162,380,2012,9,217,200,7839,97.0,20,7,0
4877,1,101,3818,2124,492,380,2016,11,0,414,502,1.0,75,16,2
4879,0,145,822,5357,15,380,2011,6,215,144,582,95.0,1,4,0
4880,1,360,4303,1440,419,380,2014,9,0,244,313,1.0,63,8,3
4881,0,522,2396,7395,251,380,1966,12,21,328,4634,116.0,29,12,2
4882,1,814,4303,3772,621,380,2012,13,0,433,5063,1.0,79,17,2
4883,1,1213,4303,3138,736,380,2010,9,0,412,1917,1.0,80,16,3
4884,0,2923,1097,2606,354,380,2018,11,204,470,3036,86.0,47,27,1
4885,1,3409,4303,7689,492,380,2016,11,138,394,7574,3.0,75,16,0
4886,0,3971,4076,5759,251,380,1971,9,65,176,1279,153.0,29,6,3
4887,1,4013,4303,1353,506,380,2015,13,0,110,6089,1.0,78,3,2
4888,0,4059,1400,5248,251,380,2013,11,7,319,1342,104.0,29,12,2
4891,1,4923,4303,6102,419,380,2014,9,0,413,1574,1.0,63,16,3
4892,0,5610,2396,6554,251,380,1962,12,76,200,219,163.0,29,7,2
4893,1,6485,4303,3139,736,380,2014,9,0,394,1098,1.0,80,16,3
4894,0,7316,3218,4651,444,380,2016,9,9,375,2071,106.0,69,15,3
4895,1,7558,4303,1439,419,380,2011,9,0,394,7500,1.0,63,16,3
4896,1,7822,4303,1320,419,380,2016,11,0,244,1287,1.0,63,8,2
4897,1,7834,4303,7671,419,380,2009,9,0,412,5235,1.0,63,16,3
4898,1,8301,4303,6154,419,380,2012,9,110,244,7913,2.0,63,8,3
4899,1,8655,4303,2554,419,380,2014,9,0,412,565,1.0,63,16,3
4900,0,8687,4298,5048,251,380,1994,9,58,326,8235,148.0,29,12,3
4902,1,8699,4303,6101,419,380,2014,9,0,412,7888,1.0,63,16,3
4903,1,8737,4303,4012,419,380,2012,9,0,393,7527,1.0,63,16,3
4904,0,8769,3122,6995,444,380,2016,12,8,125,2646,105.0,69,4,2
4905,1,1731,4303,4581,621,379,2017,9,25,264,7059,12.0,79,8,3
4906,1,2878,4303,5176,718,379,2017,11,0,498,6737,1.0,79,31,1
4907,1,4128,4303,4831,319,379,2017,14,110,80,2116,2.0,36,2,2
4908,0,5180,567,7058,442,378,2017,11,28,22,504,121.0,67,0,2
4909,0,1518,537,1373,603,377,2017,11,181,470,7609,66.0,79,27,1
4910,0,3257,2136,2989,603,376,2015,11,5,333,4032,102.0,79,12,2
4911,0,5093,603,7246,362,373,2017,9,216,274,4249,96.0,47,10,0
4913,0,8721,586,891,603,373,2017,11,207,344,1639,89.0,79,12,0
4914,0,1807,3048,21,251,371,2016,12,74,331,847,161.0,29,12,2
4915,1,8728,4303,2075,603,371,2017,9,162,487,429,5.0,79,30,1
4916,1,5336,4303,2158,687,370,2014,14,110,433,6350,2.0,79,17,2
4917,0,5641,3627,2133,603,370,2017,14,130,125,2059,24.0,79,4,2
4918,0,5944,3786,6120,603,370,2017,11,181,470,3049,66.0,79,27,1
4919,1,614,4303,1711,603,367,2016,11,110,262,2166,2.0,79,8,2
4920,0,1693,1785,7246,603,367,2017,11,211,289,2558,91.0,79,10,0
4921,0,8540,2286,7246,603,367,2017,12,212,274,7030,92.0,79,10,0
4922,1,8656,1635,2651,316,367,2017,14,110,422,6662,2.0,34,17,2
4924,0,3708,392,3330,251,366,2017,12,7,200,3218,104.0,29,7,2
4925,0,4419,651,4618,45,366,2017,11,189,470,3399,73.0,6,27,1
4926,0,7698,654,3486,506,366,2017,12,159,274,6219,47.0,78,10,0
4927,0,5175,2798,5297,603,365,2017,11,5,470,7495,102.0,79,27,1
4928,1,80,4303,3314,435,364,2016,12,0,379,8205,1.0,67,16,2
4929,1,4330,4303,3315,435,364,2016,12,0,379,8125,1.0,67,16,2
4930,1,4380,708,2558,435,364,2017,9,0,238,3281,1.0,67,8,3
4931,1,4872,4303,3273,435,364,2016,12,0,238,1235,1.0,67,8,2
4932,1,6346,4303,3353,105,364,2015,9,0,394,4449,1.0,12,16,3
4933,1,8272,4303,6897,435,364,2016,9,0,383,217,1.0,67,16,3
4935,1,4888,4303,6490,435,363,2017,11,0,379,8409,1.0,67,16,2
4936,0,6272,3116,936,86,363,2017,11,205,325,7626,87.0,10,12,0
4937,0,7891,2556,6498,251,361,2017,9,22,142,3673,117.0,29,4,3
4938,0,3000,4193,2793,272,360,2016,11,24,52,8073,119.0,30,0,2
4939,0,47,3686,4431,444,359,2016,8,39,326,8443,130.0,69,12,3
4940,1,1709,4303,5659,506,359,2016,11,0,105,4551,1.0,78,3,2
4941,1,2480,4303,7452,603,359,2017,11,110,488,4565,2.0,79,30,1
4942,0,4265,2121,4029,435,359,2017,11,5,373,1979,102.0,67,15,2
4943,0,297,4298,6235,251,358,1993,9,66,328,5781,154.0,29,12,3
4944,0,486,1146,5762,506,358,2017,12,156,274,3405,44.0,78,10,0
4946,0,1384,3113,6328,603,358,2016,11,216,211,7483,96.0,79,7,0
4947,0,3208,654,1164,506,358,2017,9,159,274,3513,47.0,78,10,0
4948,0,3494,1146,5762,506,358,2017,12,156,274,5774,44.0,78,10,0
4949,0,4037,1799,3115,251,358,2015,11,12,319,1523,109.0,29,12,2
4950,0,4106,3525,4846,603,358,2016,11,207,199,1940,89.0,79,7,0
4951,0,4246,321,2854,45,358,2017,11,212,220,7879,92.0,6,7,0
4952,0,4493,2239,1766,204,358,1993,9,29,328,112,122.0,20,12,3
4953,0,4564,933,7246,86,358,2017,12,102,282,2789,19.0,10,10,2
4954,1,4609,4303,6971,419,358,2015,9,0,244,8635,1.0,63,8,3
4955,1,4616,4303,6331,736,358,2016,14,0,423,3813,1.0,80,17,2
4957,1,5155,4303,6270,603,358,2015,11,138,471,5691,3.0,79,28,1
4958,0,5164,2239,6506,251,358,1995,9,66,25,865,154.0,29,0,3
4959,0,5598,2396,6556,251,358,1969,12,64,329,7298,152.0,29,12,2
4960,0,5654,4298,1857,251,358,1998,9,74,326,8093,161.0,29,12,3
4961,0,6402,131,1973,444,358,2016,9,30,332,2801,123.0,69,12,3
4962,1,7064,4303,6672,134,358,2016,9,0,412,4326,1.0,17,16,3
4963,1,7106,4303,2751,419,358,2016,9,0,412,801,1.0,63,16,3
4964,0,7515,1146,5762,506,358,2017,12,156,274,5042,44.0,78,10,0
4965,0,8631,850,7246,506,357,2011,9,198,274,442,80.0,78,10,0
4966,0,6073,2426,6386,603,356,2017,11,187,470,4555,71.0,79,27,1
4968,0,5743,4374,6237,251,355,2017,9,65,39,3360,153.0,29,0,3
4969,1,1099,4303,4102,603,354,2017,11,138,501,8355,3.0,79,31,1
4970,0,3624,1923,7246,603,354,2017,9,195,274,5367,79.0,79,10,0
4971,0,5701,3367,6518,251,354,2017,9,53,39,2000,143.0,29,0,3
4972,0,8444,1003,1053,603,354,2017,11,30,197,7987,123.0,79,7,2
4973,0,639,1811,5419,162,352,2016,11,198,55,493,80.0,20,0,0
4974,0,2963,810,2647,736,352,2017,11,189,470,3076,73.0,80,27,1
4975,0,718,1594,6910,319,350,2017,9,9,5,4939,106.0,36,0,3
4976,1,3077,4303,6453,488,350,2017,11,0,292,6375,1.0,74,11,2
4977,0,3966,2503,4120,45,350,2017,11,4,282,1905,101.0,6,10,2
4979,1,7338,4303,7246,603,350,2017,11,0,237,6971,1.0,79,8,2
4980,0,8091,3649,7186,603,348,2017,11,173,470,4562,59.0,79,27,1
4981,0,1408,3396,6520,251,347,1992,9,77,221,1295,164.0,29,7,3
4982,0,3690,2322,6527,251,347,1994,9,63,200,380,151.0,29,7,3
4983,0,4249,3928,3172,603,347,2016,11,202,322,2796,84.0,79,12,0
4984,0,4994,203,7246,603,347,2010,9,165,442,100,51.0,79,19,1
4985,0,5731,3396,6514,251,347,1995,9,52,328,7472,142.0,29,12,3
4986,0,7089,1295,6965,130,347,2016,11,15,326,2776,110.0,16,12,2
4987,0,8603,303,6612,228,345,2016,7,204,185,8286,86.0,22,7,0
4988,1,446,4303,1663,736,344,2017,14,0,430,5089,1.0,80,17,2
4990,0,2688,1129,6092,603,344,2017,11,4,274,3491,101.0,79,10,2
4991,0,4611,3797,3600,506,344,2017,11,206,189,8044,88.0,78,7,0
4992,0,6021,3302,6056,173,344,2017,14,204,121,8262,86.0,20,4,0
4993,0,5098,2450,5387,603,342,2017,11,176,470,4846,61.0,79,27,1
4994,0,2915,1825,3158,603,339,2017,11,199,185,4213,81.0,79,7,0
4995,1,3742,4303,5905,15,339,2017,13,138,422,5392,3.0,1,17,2
4996,0,6329,1745,4598,342,339,2017,11,188,470,3400,72.0,44,27,1
4997,0,7474,2769,5269,603,339,2017,12,218,135,6003,98.0,79,4,0
4998,0,4423,1882,4629,603,337,2017,11,179,470,5285,64.0,79,27,1
4999,0,268,2146,6654,420,336,2016,11,16,319,4399,111.0,63,12,2
5002,0,1398,2527,5193,251,336,1996,9,58,329,1300,148.0,29,12,3
5003,0,2257,3329,6526,251,336,1996,9,76,200,1846,163.0,29,7,3
5004,0,2992,2475,4399,165,336,2016,11,215,217,7744,95.0,20,7,0
5005,0,3355,1707,6096,165,336,2016,11,219,332,6703,99.0,20,12,0
5006,0,3477,1146,7246,506,336,2017,12,156,274,3514,44.0,78,10,0
5007,0,3830,3796,6370,58,336,2017,11,213,329,3540,93.0,10,12,0
5008,0,4155,4040,6613,251,336,2015,11,207,319,5202,89.0,29,12,0
5009,0,4754,1091,6845,58,336,2016,11,201,281,3531,83.0,10,10,0
5010,0,7545,1656,7678,465,336,2016,11,7,326,8053,104.0,69,12,2
5011,0,1374,2298,7246,607,335,2017,9,199,274,5209,81.0,79,10,0
5013,1,3643,4303,4460,435,335,2015,9,0,379,5931,1.0,67,16,3
5014,1,5589,4303,6804,435,335,2010,9,0,383,2252,1.0,67,16,3
5015,0,5912,3949,6090,603,335,2017,11,167,309,5905,53.0,79,12,0
5016,0,6397,1238,5349,86,335,2017,11,215,344,1982,95.0,10,12,0
5017,1,8537,4303,2182,435,335,2015,9,0,379,588,1.0,67,16,3
5018,1,4409,4303,6084,444,334,2017,11,110,241,4496,2.0,69,8,2
5019,0,1889,1395,376,251,332,2016,9,59,200,1400,149.0,29,7,3
5020,0,6266,3093,6777,432,332,2016,8,9,326,8076,106.0,66,12,3
5021,0,6817,1271,6049,470,332,2016,11,11,217,4583,108.0,70,7,2
5022,0,8383,2598,7370,603,332,2017,11,181,470,3055,66.0,79,27,1
5024,1,2371,4303,6973,58,330,2016,14,0,433,5268,1.0,10,17,2
5025,1,2733,4303,1107,603,329,2017,11,0,487,5822,1.0,79,30,1
5026,1,3171,1889,7246,603,329,2017,11,0,291,5682,1.0,79,11,2
5027,0,6056,1283,5287,603,329,2017,11,18,38,2033,113.0,79,0,2
5028,1,7527,4303,1388,603,329,2017,14,151,433,5383,4.0,79,17,2
5029,0,8111,47,1168,603,329,2017,11,201,322,5760,83.0,79,12,0
5030,0,4258,1787,3863,603,326,2017,11,164,470,3164,50.0,79,27,1
5031,0,984,1070,4306,212,324,2014,12,217,148,6349,97.0,22,4,0
5032,0,985,1070,4304,212,324,2014,9,8,148,8316,105.0,22,4,3
5033,0,986,1070,4307,212,324,2016,9,10,148,2680,107.0,22,4,3
5035,0,6380,262,4411,302,324,2017,11,219,200,6343,99.0,34,7,0
5036,0,7877,2219,130,368,324,2016,9,4,200,2616,101.0,49,7,3
5037,0,619,2614,1310,165,323,2016,9,199,329,5264,81.0,20,12,0
5038,0,5295,2852,1974,444,323,2016,11,212,200,691,92.0,69,7,0
5039,0,6058,4012,97,603,323,2017,9,40,185,7912,131.0,79,7,3
5040,0,4307,358,4971,342,322,2016,11,4,218,406,101.0,44,7,2
5041,0,3759,2409,3938,603,321,2016,8,216,470,3897,96.0,79,27,1
5042,0,2548,1460,1517,603,320,2017,11,203,185,490,85.0,79,7,0
5043,1,7506,4303,1897,435,320,2016,9,0,383,5710,1.0,67,16,3
5044,1,7186,4303,3653,603,318,2017,11,110,498,4337,2.0,79,31,1
5046,0,7421,1421,4640,445,318,2016,11,15,329,782,110.0,69,12,2
5047,0,8611,1926,2959,603,318,2017,11,207,215,1908,89.0,79,7,0
5048,0,4188,2463,4369,603,316,2017,1,220,442,5232,,79,19,3
5049,1,1272,4303,7539,492,314,2005,11,0,412,1006,1.0,75,16,2
5050,0,1697,177,7649,45,314,2016,11,206,200,1005,88.0,6,7,0
5051,0,1948,1708,4144,603,314,2016,11,206,309,2641,88.0,79,12,0
5052,0,2215,2147,7362,251,314,1971,9,53,32,5075,143.0,29,0,3
5053,0,2477,2623,1728,603,314,2015,11,201,318,1869,83.0,79,12,0
5054,0,3799,433,482,251,314,2014,9,10,326,4086,107.0,29,12,3
5055,0,4065,1772,7246,603,314,2010,11,219,274,3091,99.0,79,10,0
5057,0,6031,2,6584,251,314,1975,9,43,53,7482,134.0,29,0,3
5058,0,6370,1141,507,444,314,2017,11,194,326,3189,78.0,69,12,0
5059,0,7793,905,298,2,314,2016,11,199,326,1997,81.0,0,12,0
5060,0,8081,2272,4654,444,314,2016,11,9,332,3488,106.0,69,12,2
5061,0,1225,4303,1098,506,313,2016,11,165,470,5678,51.0,78,27,1
5062,1,2473,2369,6795,736,313,2017,11,0,291,3664,1.0,80,11,2
5063,1,3107,1451,1719,506,313,2016,11,110,117,6305,2.0,78,3,0
5064,0,7099,721,3076,603,313,2017,11,5,322,1002,102.0,79,12,2
5065,0,3591,3848,3333,603,311,2017,11,178,470,2805,63.0,79,27,1
5066,1,1181,4303,3057,719,310,2017,14,110,110,6557,2.0,79,3,2
5068,0,2416,1088,2255,45,310,2017,11,211,470,8732,91.0,6,27,1
5069,0,6972,2752,5106,603,310,2016,9,213,274,7364,93.0,79,10,0
5070,0,7523,4243,4851,603,310,2017,11,213,309,6988,93.0,79,12,0
5071,1,1843,3957,1688,603,308,2017,11,0,472,3071,1.0,79,28,1
5072,1,5247,4303,4546,319,307,2015,9,0,77,6628,1.0,36,2,3
5073,0,940,2455,6766,603,306,2016,11,217,274,6487,97.0,79,10,0
5074,0,1911,4083,5767,603,305,2017,9,212,199,8654,92.0,79,7,0
5075,1,3640,4303,3608,603,305,2017,13,0,422,1526,1.0,79,17,2
5076,1,5305,4303,7246,15,305,2015,11,138,446,2699,3.0,1,21,1
5077,0,5361,2125,5155,435,305,2016,11,46,332,8113,137.0,67,12,2
5079,1,6052,4303,5181,319,305,2017,12,0,412,5824,1.0,36,16,2
5080,0,3211,1720,663,564,304,1992,6,53,175,7921,143.0,78,6,3
5081,0,649,3746,6517,251,303,2001,8,81,39,7005,168.0,29,0,3
5082,0,1151,1214,5555,58,303,2006,11,22,25,2203,117.0,10,0,2
5083,0,5110,3255,1595,506,303,2016,12,205,276,2746,87.0,78,10,0
5084,0,5225,3859,6511,251,303,2001,9,73,22,8268,160.0,29,0,3
5085,1,1442,4303,7246,603,302,2016,12,0,455,3720,1.0,79,21,2
5086,0,3574,3848,3294,603,302,2017,11,177,470,4905,62.0,79,27,1
5087,0,23,2582,1606,399,301,2016,11,12,331,723,109.0,56,12,2
5088,1,1253,4303,1085,603,301,2017,14,0,433,3734,1.0,79,17,2
5090,0,1275,1419,7194,603,301,2017,11,5,318,5755,102.0,79,12,2
5091,1,5237,4303,4114,435,301,2016,9,0,379,7015,1.0,67,16,3
5092,0,6969,4492,4113,492,301,2013,12,23,329,3789,118.0,75,12,2
5093,0,525,245,497,603,298,2017,11,171,470,3082,57.0,79,27,1
5094,1,4210,4303,5126,506,294,2010,9,0,412,7382,1.0,78,16,3
5095,0,5064,3813,6738,251,294,2016,11,214,329,7835,94.0,29,12,0
5096,1,8063,4303,4198,435,294,2016,11,0,381,1242,1.0,67,16,2
5097,0,4591,3827,4975,603,293,2017,11,187,470,3045,71.0,79,27,1
5098,0,2516,29,3385,251,292,2016,9,30,52,2337,123.0,29,0,3
5099,0,3619,2507,3258,45,291,2015,11,217,326,3352,97.0,6,12,0
5101,0,5269,4238,1480,45,290,2015,11,219,52,4423,99.0,6,0,0
5102,0,3272,2513,4845,603,289,2017,11,217,325,1230,97.0,79,12,0
5103,1,4023,4303,938,342,289,2017,14,0,422,8118,1.0,44,17,2
5104,1,7749,4303,4099,435,289,2016,9,0,382,2736,1.0,67,16,3
5105,1,4214,4303,402,492,287,2015,12,138,393,2075,3.0,75,16,2
5106,0,8144,1012,7195,603,286,2017,9,182,470,6378,67.0,79,27,1
5107,0,1186,2574,1012,444,284,2016,11,8,375,8222,105.0,69,15,2
5108,0,2857,2214,1695,603,284,2016,3,194,135,3668,78.0,79,4,3
5109,0,8017,2088,4724,461,284,2016,3,219,148,1756,99.0,69,4,3
5110,1,4236,4303,6839,435,283,2013,9,0,379,811,1.0,67,16,3
5113,0,5906,3046,3382,251,283,2016,11,24,52,952,119.0,29,0,2
5114,0,189,4170,5640,212,281,2015,11,12,319,5216,109.0,22,12,2
5115,1,5060,4303,6668,435,281,2016,9,0,383,1635,1.0,67,16,3
5116,0,5975,3691,7246,58,281,2010,11,10,288,2950,107.0,10,10,2
5117,1,6470,4303,3490,435,281,2016,12,0,379,1483,1.0,67,16,2
5118,0,7178,3442,695,444,281,2016,11,212,375,1859,92.0,69,15,0
5119,0,7488,2729,2000,103,281,2015,11,206,326,8354,88.0,11,12,0
5120,0,2734,2812,1027,603,280,2017,11,187,211,8192,71.0,79,7,0
5121,0,3730,834,3800,506,280,2017,11,179,470,6203,64.0,78,27,1
5122,1,8576,4303,7548,435,280,2016,9,0,383,216,1.0,67,16,3
5124,1,1760,4303,3860,319,277,2017,9,0,80,8719,1.0,36,2,3
5125,0,1849,3504,5979,589,277,2016,11,217,219,8556,97.0,78,7,0
5126,0,2852,4303,942,302,277,2017,11,216,470,5629,96.0,34,27,1
5127,0,3100,1901,7246,747,277,1977,11,62,281,6866,150.0,84,10,2
5128,0,4562,3778,4886,603,275,2017,11,168,228,1553,54.0,79,7,0
5129,0,1814,3443,1636,342,272,2017,11,194,470,3032,78.0,44,27,1
5130,0,3334,2543,3388,603,272,2014,11,204,309,1409,86.0,79,12,0
5131,0,1989,3605,6515,251,270,2015,12,66,39,1401,154.0,29,0,2
5132,0,2934,1256,6507,251,270,2014,9,93,22,978,179.0,29,0,3
5133,0,2942,3887,5252,251,270,2015,9,213,319,1016,93.0,29,12,0
5135,0,3047,1904,4736,444,270,2016,11,217,25,8289,97.0,69,0,0
5136,0,7661,2038,2297,444,270,2016,11,11,329,8727,108.0,69,12,2
5137,0,8755,3240,7647,86,270,2014,13,212,125,517,92.0,10,4,0
5138,0,1012,1790,970,603,269,2017,11,194,470,5467,78.0,79,27,1
5139,0,6181,132,6991,342,269,2015,11,205,326,1057,87.0,44,12,0
5140,0,3626,4093,7028,162,268,2016,9,219,217,8403,99.0,20,7,0
5141,0,3299,52,979,506,267,2017,11,211,373,8319,91.0,78,15,0
5142,0,5131,2589,4251,45,265,2016,11,5,326,1738,102.0,6,12,2
5143,0,1738,2598,1535,603,264,2017,11,182,470,6582,67.0,79,27,1
5144,0,2635,2621,2362,162,263,2017,11,171,470,3892,57.0,20,27,1
5146,0,5481,319,6948,251,262,2016,9,39,326,1028,130.0,29,12,3
5147,0,6724,732,3540,603,262,2017,11,198,185,7478,80.0,79,7,0
5148,0,5018,2989,5257,603,259,2017,11,181,470,8539,66.0,79,27,1
5149,0,924,1525,5588,212,257,2008,11,8,328,3138,105.0,22,12,2
5150,0,6075,265,2282,32,257,2014,12,218,326,6330,98.0,2,12,0
5151,0,6553,2739,3672,212,257,2014,11,211,375,3465,91.0,22,15,0
5152,0,8468,640,3481,212,257,2014,11,30,326,4354,123.0,22,12,2
5153,0,1367,1612,7246,162,255,2016,9,200,281,6672,82.0,20,10,0
5154,0,1588,207,7358,603,255,2017,11,7,359,927,104.0,79,13,2
5155,0,8363,2890,287,332,254,2015,11,12,200,8411,109.0,40,7,2
5157,0,3566,1815,3288,603,253,2017,9,190,470,2145,74.0,79,27,1
5158,1,8483,4303,4643,603,253,2017,13,0,433,6416,1.0,79,17,2
5159,0,8276,453,5182,565,252,2016,7,202,353,3377,84.0,78,13,0
5160,0,1627,1184,6392,603,251,2017,9,218,138,7859,98.0,79,4,0
5161,0,3926,1472,7199,603,251,2013,14,122,121,7670,22.0,79,4,2
5162,0,5738,4307,1072,58,250,2016,11,3,52,5213,100.0,10,0,2
5163,0,4454,2895,2328,603,249,2016,6,191,149,5503,75.0,79,4,0
5164,0,3546,2347,3169,603,248,2017,11,184,470,4919,69.0,79,27,1
5165,0,682,3604,1769,251,247,2016,11,217,332,920,97.0,29,12,0
5166,0,884,4002,3224,603,247,2007,6,212,125,2731,92.0,79,4,0
5168,0,3004,1707,940,165,247,2011,11,212,319,1870,92.0,20,12,0
5169,1,6522,4303,825,603,247,1999,9,185,486,4699,7.0,79,29,1
5170,0,8234,30,6535,251,247,2016,11,56,326,3338,146.0,29,12,2
5171,0,4789,1087,1661,342,246,2016,11,217,319,2230,97.0,44,12,0
5172,1,4894,4303,3274,435,245,2016,9,0,379,2300,1.0,67,16,3
5173,1,280,4303,4571,319,243,2016,11,110,80,1206,2.0,36,2,0
5174,1,1431,4303,1175,603,243,2016,9,0,455,4058,1.0,79,21,3
5175,0,135,2048,1790,342,240,2016,11,213,326,1593,93.0,44,12,0
5176,0,2659,3510,5992,603,240,2016,11,177,445,4031,62.0,79,20,1
5177,1,6184,4303,7206,603,240,2018,11,110,264,3999,2.0,79,8,2
5179,0,162,4165,1539,200,238,2016,14,122,442,5655,22.0,20,19,2
5180,0,2632,2565,2357,603,238,2016,9,206,470,4133,88.0,79,27,1
5181,0,833,4354,1824,603,236,2016,11,8,309,1382,105.0,79,12,2
5182,1,1717,4303,1190,506,236,2016,11,0,108,2865,1.0,78,3,2
5183,0,6354,3798,2909,603,236,2016,11,206,309,2088,88.0,79,12,0
5184,0,87,3919,4046,212,235,2015,11,213,217,6619,93.0,22,7,0
5185,1,1642,4303,2940,435,235,2012,12,0,379,7578,1.0,67,16,2
5186,0,2157,2702,1953,506,235,2015,11,218,289,2886,98.0,78,10,0
5187,1,2804,4303,6710,435,235,2012,9,0,379,273,1.0,67,16,3
5188,1,2928,4303,2662,435,235,2012,9,0,383,7107,1.0,67,16,3
5190,1,3013,4303,1143,435,235,2011,11,0,383,8210,1.0,67,16,2
5191,1,3309,4303,2261,105,235,2016,9,0,408,6410,1.0,12,16,3
5192,1,3331,4303,2941,435,235,2012,9,0,383,7541,1.0,67,16,3
5193,1,3421,4303,3718,319,235,2001,9,110,80,8700,2.0,36,2,3
5194,1,3670,4303,3631,435,235,2012,9,0,379,6038,1.0,67,16,3
5195,1,4542,1719,1509,506,235,2012,12,162,107,7014,5.0,78,3,0
5196,1,4645,4303,1895,435,235,2012,12,0,379,7892,1.0,67,16,2
5197,0,6057,1165,4129,298,235,2016,12,206,319,7800,88.0,33,12,0
5198,1,8051,4303,4612,72,233,2017,11,0,412,4680,1.0,10,16,2
5199,0,5854,3443,5943,342,232,2016,11,141,470,6537,31.0,44,27,1
5201,0,650,159,5364,603,231,2016,11,201,274,224,83.0,79,10,0
5202,1,1345,4303,7246,506,229,2016,11,0,234,6943,1.0,78,8,2
5203,0,4425,1737,4638,603,229,2015,10,149,148,5719,38.0,79,4,0
5204,0,6479,3007,2973,668,229,2016,9,11,60,8126,108.0,79,0,3
5205,1,8577,4303,7175,603,229,2016,9,0,293,5102,1.0,79,11,3
5206,1,4652,4303,2169,483,228,2016,9,0,393,940,1.0,73,16,3
5207,0,5286,764,3234,603,228,2016,11,217,199,1557,97.0,79,7,0
5208,1,7044,4303,7246,181,228,2015,9,0,292,6944,1.0,20,11,3
5209,0,1106,159,6384,603,227,2016,11,199,322,7509,81.0,79,12,0
5210,0,5244,3611,6397,603,227,2016,9,186,289,3730,70.0,79,10,0
5212,0,5805,507,5912,603,227,2016,11,177,445,6498,62.0,79,20,1
5213,1,2582,4303,1557,603,226,2016,11,138,157,2725,3.0,79,5,0
5214,0,4535,3666,7092,162,225,2016,11,219,331,8179,99.0,20,12,0
5215,1,4181,4303,7309,58,224,2016,10,110,434,6346,2.0,10,17,1
5216,0,2512,51,4241,86,223,2016,9,17,274,6684,112.0,10,10,3
5217,0,8572,1167,5114,603,223,2016,11,210,318,218,90.0,79,12,0
5218,0,5,3551,7246,603,222,2016,12,170,289,6844,56.0,79,10,0
5219,0,28,3894,7253,251,222,2014,9,207,326,1953,89.0,29,12,0
5220,0,320,3406,909,603,222,2013,12,130,309,1398,24.0,79,12,2
5221,0,654,3470,1203,385,222,2015,9,3,217,7372,100.0,53,7,3
5224,1,746,4303,4622,483,222,2016,12,0,393,1440,1.0,73,16,2
5225,1,1235,4303,860,483,222,2015,12,0,393,8698,1.0,73,16,2
5226,0,3408,4325,1865,251,222,2015,11,21,332,4790,116.0,29,12,2
5227,0,5716,2436,4308,603,222,2016,11,212,199,331,92.0,79,7,0
5228,1,5802,4303,40,483,222,2016,9,0,393,6365,1.0,73,16,3
5229,0,5858,1826,5971,603,222,1979,11,195,470,5888,79.0,79,27,1
5230,0,7861,481,6013,251,222,2016,9,188,319,2434,72.0,29,12,0
5231,0,870,2683,5422,342,220,2016,11,212,281,2714,92.0,44,10,0
5232,1,2719,4303,4172,603,220,2016,9,0,492,6033,1.0,79,30,1
5233,0,4563,3130,4892,603,220,2016,11,176,470,14,61.0,79,27,1
5235,0,4537,779,3011,603,219,2016,11,206,344,7475,88.0,79,12,0
5236,0,7362,3343,3554,251,219,2012,9,18,319,988,113.0,29,12,3
5237,0,1356,1746,1205,342,218,2016,11,182,470,2930,67.0,44,27,1
5238,0,2052,3849,1890,603,217,2012,11,180,470,3582,65.0,79,27,1
5239,0,1634,1873,1511,603,216,2016,11,177,470,6380,62.0,79,27,1
5240,0,2011,1601,1944,198,216,2016,11,10,319,1037,107.0,20,12,2
5241,1,3940,4303,506,121,216,2016,11,0,241,458,1.0,13,8,2
5242,1,5378,4303,2817,506,215,2016,11,0,97,8057,1.0,78,3,2
5243,0,1978,4385,1855,212,214,2016,11,184,470,6489,69.0,22,27,1
5244,0,4810,2563,5794,251,214,2012,11,193,319,6826,77.0,29,12,0
5246,0,8174,1832,3941,603,213,2016,9,218,20,1861,98.0,79,0,0
5247,1,2175,4303,5575,162,212,2009,11,0,292,6936,1.0,20,11,2
5248,0,3731,2458,3804,603,212,2016,11,187,470,6412,71.0,79,27,1
5249,1,1368,4303,6746,249,211,2015,11,0,244,1071,1.0,28,8,2
5250,1,1808,4303,338,506,211,2016,14,110,110,6730,2.0,78,3,2
5251,0,1794,2598,1598,603,210,2016,11,179,470,3436,64.0,79,27,1
5252,0,7325,2270,7246,31,210,2016,9,17,274,3647,112.0,2,10,3
5253,0,184,3493,3618,506,208,2015,12,173,274,1491,59.0,78,10,0
5254,1,3358,4303,647,483,208,2011,9,0,393,2802,1.0,73,16,3
5255,1,3658,4303,41,483,208,2013,9,0,393,8224,1.0,73,16,3
5257,1,4198,4303,2409,483,208,2013,9,0,393,1581,1.0,73,16,3
5258,1,4205,4303,1400,483,208,2013,11,0,393,1311,1.0,73,16,2
5259,1,4215,4303,618,483,208,2012,9,0,393,7943,1.0,73,16,3
5260,1,4218,4303,648,483,208,2012,9,0,393,8215,1.0,73,16,3
5261,0,5102,1565,5388,603,208,2016,11,211,274,6963,91.0,79,10,0
5262,0,6067,2924,2159,736,208,2016,13,156,442,5649,44.0,80,19,1
5263,0,6469,1183,1605,444,208,2015,11,10,220,6164,107.0,69,7,2
5264,0,5635,3564,4545,58,207,2016,3,212,125,1664,92.0,10,4,3
5265,0,3269,3121,6171,86,206,2016,9,207,353,813,89.0,10,13,0
5266,0,3415,4406,7439,546,206,2016,12,10,274,8628,107.0,78,10,2
5268,0,6841,2106,4608,162,206,2016,9,214,200,4106,94.0,20,7,0
5269,0,7942,4491,7613,165,206,2016,11,15,217,4545,110.0,20,7,2
5270,1,8099,4303,4993,58,206,2016,11,0,409,6454,1.0,10,16,2
5271,0,8509,512,1821,162,206,2016,11,199,200,3860,81.0,20,7,0
5272,0,129,3596,5499,444,205,2016,11,193,326,5248,77.0,69,12,0
5273,1,1669,4303,1717,603,204,2016,11,0,505,7882,1.0,79,31,1
5274,0,3601,339,3356,603,204,2016,11,179,470,7631,64.0,79,27,1
5275,0,208,4169,2546,162,202,2016,11,217,222,7883,97.0,20,7,0
5276,0,929,4259,2710,319,202,2012,11,193,5,5214,77.0,36,0,0
5277,0,1077,3064,4741,319,202,2008,12,214,6,8259,94.0,36,0,0
5279,0,1078,3064,4742,319,202,2010,9,214,6,7907,94.0,36,0,0
5280,0,1081,830,5131,162,202,2015,9,211,219,860,91.0,20,7,0
5281,1,1769,4303,3712,319,202,2006,9,0,77,7808,1.0,36,2,3
5282,1,6501,4303,4609,531,202,2015,11,0,244,6592,1.0,78,8,2
5283,1,8341,4303,1564,319,202,2008,9,110,81,2647,2.0,36,2,3
5284,0,6372,2252,1160,603,201,2016,11,198,274,5136,80.0,79,10,0
5285,0,4470,801,1224,603,200,2016,11,215,185,3389,95.0,79,7,0
5286,0,3663,2025,3665,603,199,2016,11,210,443,5554,90.0,79,20,1
5287,0,36,429,7246,603,198,2016,11,4,274,4898,101.0,79,10,2
5288,0,5979,954,6166,603,198,2016,11,189,470,6497,73.0,79,27,1
5290,1,6570,4303,3582,603,198,2016,13,0,422,2960,1.0,79,17,2
5291,0,7725,3502,3017,286,198,2016,11,11,39,2791,108.0,32,0,2
5292,0,3917,2781,3,603,197,2016,14,131,125,6674,25.0,79,4,2
5293,1,858,4303,3084,483,196,2015,12,0,394,6749,1.0,73,16,2
5294,1,859,4303,1037,483,196,2015,9,0,394,1963,1.0,73,16,3
5295,0,1147,3474,519,363,196,2016,11,204,309,4347,86.0,48,12,0
5296,0,1436,1483,4620,45,196,2015,11,8,326,6673,105.0,6,12,2
5297,1,2354,4303,42,483,196,2014,9,0,393,6569,1.0,73,16,3
5298,0,2961,5,5086,251,196,2010,11,3,326,1386,100.0,29,12,2
5299,1,4200,4303,2411,483,196,2014,9,0,393,7239,1.0,73,16,3
5301,1,4472,4303,7246,703,196,2012,13,0,422,5293,1.0,79,17,2
5302,0,4799,136,181,104,196,2016,11,216,319,2929,96.0,11,12,0
5303,1,4830,4303,1670,483,196,2015,12,0,393,2405,1.0,73,16,2
5304,0,4844,4518,5885,444,196,2015,11,217,219,2436,97.0,69,7,0
5305,0,4875,1660,6955,621,196,2016,14,189,125,6401,73.0,79,4,0
5306,1,5186,1017,7229,603,196,2015,11,0,410,2717,1.0,79,16,2
5307,0,5335,4303,2158,736,196,2016,14,156,442,8326,44.0,80,19,2
5308,0,5874,3306,3218,354,196,2016,9,41,326,6811,132.0,47,12,3
5309,1,6435,4303,4013,483,196,2015,9,0,394,1924,1.0,73,16,3
5310,0,8247,3324,6855,251,196,2015,11,216,319,2247,96.0,29,12,0
5312,0,8261,3211,3522,603,196,2016,11,212,289,6786,92.0,79,10,0
5313,0,8498,3473,1476,302,196,2013,11,219,217,8173,99.0,34,7,0
5314,1,8555,4303,3086,483,196,2015,9,0,393,5532,1.0,73,16,3
5315,0,478,3579,7246,148,195,2016,11,212,274,6056,92.0,17,10,0
5316,0,673,568,7246,603,194,2016,11,219,274,4912,99.0,79,10,0
5317,0,3320,565,2800,603,194,2016,11,194,470,6695,78.0,79,27,1
5318,1,8353,4303,5653,603,194,2016,13,151,422,2837,4.0,79,17,2
5319,0,3718,4303,3746,736,191,2016,11,180,470,2963,65.0,80,27,1
5320,0,3723,4303,3761,736,191,2016,11,180,470,5712,65.0,80,27,1
5321,0,4428,4303,4662,736,191,2016,11,184,470,3062,69.0,80,27,1
5323,0,5702,4303,5784,736,191,2016,11,179,470,8740,64.0,80,27,1
5324,0,6901,4303,5785,736,191,2016,11,178,470,11,63.0,80,27,1
5325,0,8060,4303,7129,736,191,2016,11,178,470,8692,63.0,80,27,1
5326,0,286,4249,6029,86,189,2016,11,207,373,7410,89.0,10,15,0
5327,0,1391,4279,1253,603,189,2016,11,175,470,3303,60.0,79,27,1
5328,0,4189,2463,4369,603,189,2010,2,220,442,3437,,79,19,3
5329,0,7882,3118,7246,506,189,2016,12,153,274,2563,41.0,78,10,0
5330,0,6049,888,2392,603,188,2012,9,201,288,6836,83.0,79,10,0
5331,0,2330,892,7246,603,187,2016,12,131,274,8670,25.0,79,10,2
5332,0,3514,4303,3027,506,186,2016,11,214,470,5024,94.0,78,27,1
5335,1,1449,4303,7246,736,183,2016,9,0,291,5929,1.0,80,11,3
5336,1,3881,4303,4673,603,183,2016,14,0,422,4491,1.0,79,17,2
5337,1,1668,4303,4664,506,182,2015,9,0,99,6127,1.0,78,3,3
5338,1,1868,4303,2949,506,182,2008,11,0,120,8514,1.0,78,3,2
5339,1,2519,4303,5644,603,182,2011,11,208,236,3231,9.0,79,8,0
5340,0,6095,4303,7246,506,182,2016,9,166,274,7621,52.0,78,10,0
5341,1,7142,4303,6707,483,182,2010,11,0,394,2766,1.0,73,16,2
5342,1,8629,4303,6869,506,182,2015,9,0,96,4198,1.0,78,3,3
5343,1,2747,4303,4156,319,181,2016,14,110,86,3684,2.0,36,2,2
5344,0,3541,1790,3156,603,181,2016,9,191,470,4069,75.0,79,27,1
5346,0,8673,802,6373,603,181,2016,11,212,335,6610,92.0,79,12,0
5347,0,3289,2137,6769,603,179,2016,11,198,288,6285,80.0,79,10,0
5348,1,894,4303,7246,603,178,2001,9,0,99,1769,1.0,79,3,3
5349,1,1389,4303,5305,506,178,2015,11,138,96,5453,3.0,78,3,0
5350,0,4190,2463,4369,603,178,2015,0,220,442,6499,,79,19,3
5351,0,5771,4303,7246,506,178,2010,9,158,274,4360,46.0,78,10,0
5352,0,3565,2786,3288,603,176,2005,9,188,470,3039,72.0,79,27,1
5353,0,3567,4279,3288,603,176,2009,12,187,470,5046,71.0,79,27,1
5354,0,3568,1790,3288,603,176,2012,9,193,470,4020,77.0,79,27,1
5355,0,3569,1787,3288,603,176,2014,9,186,470,3077,70.0,79,27,1
5357,0,1850,150,1708,603,175,2016,11,189,470,3122,73.0,79,27,1
5358,0,3995,2786,4183,603,174,2011,11,199,470,6,81.0,79,27,1
5359,0,1498,1986,7246,506,173,1994,11,178,274,477,63.0,78,10,0
5360,1,1613,4303,7246,506,173,2005,9,0,96,7199,1.0,78,3,3
5361,1,2164,4303,7246,506,173,2008,10,0,102,5155,1.0,78,3,3
5362,0,3410,803,757,603,173,2008,11,157,274,4828,45.0,79,10,0
5363,1,3932,4303,5274,121,173,2016,11,0,400,4373,1.0,13,16,2
5364,0,5770,4235,2285,506,173,2008,9,158,274,4525,46.0,78,10,0
5365,1,3911,4303,5377,603,172,2016,14,110,422,6112,2.0,79,17,2
5366,0,6739,3901,2035,603,172,2016,11,17,318,8503,112.0,79,12,2
5368,1,5531,4303,2154,643,170,2016,13,138,422,6460,3.0,79,17,2
5369,0,5782,2177,2292,603,168,2016,11,4,344,5217,101.0,79,12,2
5370,0,8066,1909,7159,603,168,2016,11,22,274,7376,117.0,79,10,2
5371,0,2851,208,1884,58,167,2015,8,19,0,2311,114.0,10,0,3
5372,0,1191,3343,6582,267,163,2016,11,216,212,7051,96.0,29,7,0
5373,1,3894,4142,7553,319,162,2016,9,110,80,8300,2.0,36,2,3
5374,0,3571,3649,3293,603,161,2016,11,205,470,5869,87.0,79,27,1
5375,1,4420,4303,4353,603,161,2016,11,110,479,6027,2.0,79,29,1
5376,0,8672,1571,652,251,161,2015,11,8,319,7948,105.0,29,12,2
5377,1,3665,4303,1919,736,159,2016,13,0,422,1396,1.0,80,17,2
5379,0,6420,3443,6673,342,159,2016,11,198,470,5998,80.0,44,27,1
5380,0,7176,3519,5596,603,159,2016,11,217,199,4820,97.0,79,7,0
5381,0,3437,4431,1905,108,157,2015,7,8,39,5290,105.0,12,0,3
5382,0,1117,557,1023,603,155,2016,11,175,445,3027,60.0,79,20,1
5383,1,3056,4303,3911,319,154,2016,11,0,412,379,1.0,36,16,2
5384,1,131,4303,7246,15,153,2016,12,0,294,7124,1.0,1,11,2
5385,1,134,4303,5040,15,153,2016,12,0,294,4040,1.0,1,11,2
5386,0,7101,4012,93,603,151,2016,11,12,20,6600,109.0,79,0,2
5387,0,419,1790,372,603,145,2016,11,175,470,2121,60.0,79,27,1
5388,0,6478,3504,2131,85,142,2016,11,4,185,8405,101.0,10,7,2
5390,0,6768,2007,7246,603,142,2016,11,211,289,8614,91.0,79,10,0
5391,0,5410,4303,5571,603,139,2016,11,181,470,5548,66.0,79,27,1
5392,0,907,1274,6743,40,136,2016,11,34,326,7474,127.0,5,12,2
5393,0,3236,2866,3404,603,134,2016,8,200,359,293,82.0,79,13,0
5394,1,1759,4303,3626,322,132,2015,11,0,80,7801,1.0,36,2,2
5395,0,2545,1352,7246,603,132,2007,11,186,288,3882,70.0,79,10,0
5396,1,3664,4303,2370,58,132,2012,13,110,422,4384,2.0,10,17,2
5397,1,6797,4303,7579,319,132,2016,9,110,385,825,2.0,36,16,3
5398,0,3888,3583,2885,603,130,2016,12,126,125,8043,23.0,79,4,2
5399,0,2994,1765,2690,58,128,2015,8,217,207,951,97.0,10,7,0
5401,0,3576,3709,3306,506,128,2016,11,177,470,2883,62.0,78,27,1
5402,0,4843,3941,6717,506,128,2016,9,202,281,2003,84.0,78,10,0
5403,0,5422,1968,5594,603,128,2016,12,210,126,191,90.0,79,4,0
5404,1,5026,4303,4175,603,126,2016,11,0,487,7695,1.0,79,30,1
5405,1,8736,4303,5241,319,122,2014,9,0,81,1860,1.0,36,2,3
5406,0,1744,4484,4961,117,121,2016,7,4,58,5857,101.0,12,0,3
5407,0,4451,2895,4967,603,120,2015,6,190,149,4706,74.0,79,4,0
5408,1,1675,4303,4928,603,119,2016,9,0,291,2574,1.0,79,11,3
5409,1,1350,4303,4938,603,114,2016,13,110,422,6720,2.0,79,17,2
5410,0,2922,2347,2603,603,114,2016,11,183,470,4487,68.0,79,27,1
5412,1,8205,4303,5914,603,114,2016,14,138,422,5061,3.0,79,17,2
5413,1,4473,4303,7246,736,112,2012,13,0,422,3553,1.0,80,17,2
5414,1,1451,4303,1315,603,110,2016,11,0,300,4465,1.0,79,11,2
5415,0,5853,3443,5942,342,109,2016,11,212,470,5885,92.0,44,27,1
5416,0,3435,4431,1902,241,108,2008,8,10,39,2394,107.0,26,0,3
5417,0,3436,4431,1901,241,108,2010,8,11,52,5436,108.0,26,0,3
5418,0,8058,1790,7123,603,106,2016,11,190,470,6472,74.0,79,27,1
5419,0,4421,202,7128,603,102,2015,11,137,442,303,29.0,79,19,1
5420,1,6048,4303,7246,162,101,2014,13,0,433,4536,1.0,20,17,2
5421,0,4594,2341,4979,603,99,2015,11,175,470,5345,60.0,79,27,1
5423,0,7674,1327,108,603,96,2015,9,27,20,8264,120.0,79,0,3
5424,0,8098,1379,4997,58,95,2015,11,190,217,5893,74.0,10,7,0
5425,0,256,3929,982,603,94,2015,9,171,227,2825,57.0,79,7,0
5426,1,661,4303,5031,319,92,2015,12,0,412,1380,1.0,36,16,2
5427,0,4974,2312,7316,603,91,2015,11,211,201,5401,91.0,79,7,0
5428,0,3612,3466,3423,603,90,2015,11,177,470,2487,62.0,79,27,1
5429,1,8407,4303,1709,603,90,2015,11,0,487,1727,1.0,79,30,1
5430,0,4402,1676,3111,603,87,2015,11,203,199,6652,85.0,79,7,0
5431,0,8433,754,4059,603,86,2015,13,210,121,6821,90.0,79,4,0
5432,1,3033,1161,2222,603,85,2015,11,138,508,5970,3.0,79,32,1
5434,0,5827,268,2537,603,84,2015,8,8,211,1717,105.0,79,7,3
5435,0,601,46,664,603,83,2015,11,173,470,6741,59.0,79,27,1
5436,0,865,677,2784,603,83,2015,11,46,318,8150,137.0,79,12,2
5437,0,1559,10,3610,603,83,2015,11,204,323,7905,86.0,79,12,0
5438,0,8620,1242,7246,588,80,2015,11,219,281,5632,99.0,78,10,0
5439,0,584,1790,611,603,79,2015,9,179,470,6459,64.0,79,27,1
5440,1,8427,4303,2224,736,78,2014,12,0,422,6121,1.0,80,17,2
5441,0,3745,2919,3864,603,75,2015,9,200,288,4426,82.0,79,10,0
5442,0,1702,2286,4014,603,74,2014,12,210,274,5158,90.0,79,10,0
5443,0,119,1524,6906,603,73,2015,11,198,322,2547,80.0,79,12,0
5446,0,1918,1790,1786,603,71,2015,11,177,470,3196,62.0,79,27,1
5447,1,8515,4303,2019,603,69,2015,11,0,487,5002,1.0,79,30,1
5448,0,7993,2313,7052,603,68,2015,9,212,290,3051,92.0,79,10,0
5449,1,2882,4303,6709,214,67,2015,14,110,422,7212,2.0,22,17,2
5450,0,1722,3183,4669,603,66,2014,8,194,349,7841,78.0,79,13,0
5451,0,1522,3278,1399,603,65,2015,11,212,470,3637,92.0,79,27,1
5452,0,5728,343,5839,603,62,2015,11,184,470,3048,69.0,79,27,1
5453,0,8522,2449,7246,603,61,2015,9,6,288,7651,103.0,79,10,3
5454,0,339,1852,2934,603,60,2015,11,212,323,4588,92.0,79,12,0
5455,1,1809,4303,1720,506,59,1992,13,1,111,3725,10.0,78,3,2
5457,0,7596,2486,1586,342,58,2014,11,53,200,1700,143.0,44,7,2
5458,0,3170,1888,7246,603,56,2015,11,201,274,6768,83.0,79,10,0
5459,0,3545,2347,3169,603,55,2015,11,194,470,5037,78.0,79,27,1
5460,0,7575,2867,1030,603,55,2015,9,202,288,6816,84.0,79,10,0
5461,0,1517,537,1373,603,51,2015,11,202,470,6195,84.0,79,27,1
5462,1,5281,4303,7246,162,48,2011,13,0,422,5705,1.0,20,17,2
5463,0,706,445,842,603,47,2015,11,172,470,6199,58.0,79,27,1
5464,0,4890,1016,1731,603,47,2015,11,200,274,7936,82.0,79,10,0
5465,0,5729,1943,5839,603,46,2015,11,201,470,3636,83.0,79,27,1
5466,0,8390,4303,7246,603,44,2015,9,137,274,6707,29.0,79,10,0
5468,0,3322,4303,2800,736,42,2015,11,188,470,6136,72.0,80,27,1
5469,0,1121,4303,7449,603,41,2014,11,133,442,4986,26.0,79,19,1
5470,0,1009,1790,970,603,37,2014,11,199,470,2822,81.0,79,27,1
5471,1,4091,4303,6798,379,36,2014,11,138,260,2015,3.0,50,8,0
5472,1,2809,4303,5757,58,35,1998,10,162,440,5772,5.0,10,17,0
5473,0,1453,2347,1318,603,34,2014,11,191,470,1,75.0,79,27,1
5474,0,8389,3118,7246,507,33,2014,11,3,281,6430,100.0,78,10,2
5475,0,2139,2195,7246,603,32,2014,11,210,274,6505,90.0,79,10,0
5476,0,8668,4443,7512,603,31,2014,11,183,470,8697,68.0,79,27,1
5477,0,1452,1737,1315,603,29,2014,11,187,470,4554,71.0,79,27,1
5479,0,5604,2490,7246,603,28,2014,9,3,274,6799,100.0,79,10,3
5480,0,4653,3553,2977,612,27,2014,12,214,274,6899,94.0,79,10,0
5481,0,6890,710,7087,603,26,2014,11,198,289,6495,80.0,79,10,0
5482,0,2584,4406,7246,603,24,2013,9,146,274,7705,35.0,79,10,0
5483,1,6937,4303,3208,669,21,2013,11,138,498,3731,3.0,79,31,1
5484,0,4659,1474,5050,603,20,2014,12,213,274,6660,93.0,79,10,0
5485,0,7759,1839,193,529,19,2013,11,8,281,6775,105.0,78,10,2
5486,0,6297,1767,1095,603,18,2013,10,39,131,6565,130.0,79,4,3
5487,0,7722,2061,6657,603,17,2013,6,3,137,6747,100.0,79,4,3
5488,0,707,4416,842,603,16,2013,11,198,470,9,80.0,79,27,1
5490,1,6825,4303,3363,718,13,2007,9,151,500,24,4.0,79,31,1
5491,1,1209,4303,1133,603,12,2013,11,162,265,605,5.0,79,8,0
5492,0,902,842,3927,603,8,2011,6,192,274,8538,76.0,79,10,0
5493,0,241,2352,3888,603,7,1988,9,215,309,1962,95.0,79,12,0
5494,0,331,3550,1626,603,7,1986,11,216,309,2046,96.0,79,12,0
5495,0,2944,1208,1807,603,7,1986,9,214,309,6984,94.0,79,12,0
5496,0,3338,1933,3579,603,7,1990,9,214,309,662,94.0,79,12,0
5497,0,5673,3628,5505,603,7,1988,12,213,343,8225,93.0,79,12,0
5498,0,6574,389,5165,603,7,1987,12,216,309,8389,96.0,79,12,0
5499,0,7700,1961,3578,603,7,1989,12,214,309,1758,94.0,79,12,0
5501,0,8071,644,5986,603,7,1988,11,214,309,7448,94.0,79,12,0
5502,0,8161,3494,4658,603,7,1991,12,213,343,6994,93.0,79,12,0
5503,0,8306,2439,3280,603,7,1990,9,215,309,5149,95.0,79,12,0
5504,0,8370,3600,7484,603,7,1991,9,213,344,114,93.0,79,12,0
5505,0,3623,3522,900,654,6,2000,12,191,139,8598,75.0,79,4,0
5506,0,2294,1632,4430,463,5,2010,11,6,326,8488,103.0,69,12,2
5507,0,6498,1913,1522,603,3,2009,11,137,345,1755,29.0,79,13,0
5508,0,3652,3086,523,134,2,2007,11,7,326,8178,104.0,17,12,2
5509,0,8035,3943,855,603,0,2006,11,199,325,8452,81.0,79,12,0
5510,0,137,3845,2009,603,486,2009,7,198,51,4464,80.0,79,0,0
5512,0,65,3549,3301,603,1147,2008,7,30,309,152,123.0,79,12,3
5513,0,46,2260,6310,603,1092,1997,8,24,309,1950,119.0,79,12,3
5514,0,130,3891,1869,251,900,2019,9,23,350,7871,118.0,29,13,3
5515,0,48,4353,5827,251,504,2008,11,53,353,2256,143.0,29,13,2
5516,0,5143,2325,6221,368,1038,2014,9,59,332,2097,149.0,49,12,3
5517,1,2408,4303,6529,736,888,2018,9,0,412,2538,1.0,80,16,3
5518,0,71,3194,521,376,745,2018,8,54,344,1767,144.0,50,12,3
5519,0,42,4081,5802,251,897,2019,9,31,199,5505,124.0,29,7,3
5520,0,12,4303,4194,506,624,2017,12,205,469,5365,87.0,78,26,1
5521,0,8797,4347,6317,251,722,2018,9,35,39,1172,128.0,29,0,3
5523,0,8798,3748,136,251,722,2017,9,22,326,1148,117.0,29,12,3
5524,0,8799,412,6727,251,722,2017,9,3,326,7947,100.0,29,12,3
5525,0,13,2506,7246,603,160,2015,5,202,274,7097,84.0,79,10,0
5526,0,9,2805,7246,58,1177,2020,9,210,281,7090,90.0,10,10,0
5527,0,4,2800,2962,58,909,2018,9,8,230,1204,105.0,10,7,3
5528,1,8796,4303,1452,736,898,2016,9,0,393,8424,1.0,80,16,3
5529,0,8788,4526,3669,249,585,2017,11,9,350,8760,106.0,28,13,2
5530,0,8787,3131,840,492,301,2010,11,219,217,7664,99.0,75,7,0
5531,0,8785,2179,1304,603,542,2005,7,213,60,2112,93.0,79,0,0
5532,1,8791,4303,379,492,259,2013,11,0,244,2412,1.0,75,8,2
5534,0,15,45,4266,603,380,2014,12,207,337,8105,89.0,79,12,0
5535,0,16,2394,995,603,383,2017,9,8,339,1788,105.0,79,12,3
5536,0,19,3606,6796,706,959,2008,7,12,0,3619,109.0,79,0,3
5537,0,21,4303,7246,444,662,2018,11,213,281,6163,93.0,69,10,0
5538,0,25,2757,7246,603,580,2016,9,191,274,6848,75.0,79,10,0
5539,1,27,4303,1631,506,1092,2017,9,0,104,1135,1.0,78,3,3
5540,0,29,3707,6278,603,882,2017,11,210,324,3165,90.0,79,12,0
5541,1,30,4303,6669,435,351,2014,9,0,379,910,1.0,67,16,3
5542,0,32,4338,5491,603,177,2015,5,210,349,8756,90.0,79,13,0
5543,0,35,930,4688,603,829,2014,8,213,359,701,93.0,79,13,0
5545,0,37,4303,5466,736,266,2017,16,148,442,5608,37.0,80,19,2
5546,0,38,915,1906,242,902,2010,8,18,52,4635,113.0,26,0,3
5547,0,39,3781,5278,603,761,2018,11,207,359,7643,89.0,79,13,0
5548,0,43,3484,1129,656,1092,2006,7,5,0,6328,102.0,79,0,3
5549,0,44,641,7625,603,1478,2009,7,5,185,5414,102.0,79,7,3
5550,0,52,1001,5331,603,1358,2019,11,210,349,5981,90.0,79,13,0
5551,0,53,3440,2655,603,1010,2018,11,214,346,6276,94.0,79,13,0
5552,0,59,2919,1675,603,729,2013,7,211,288,8551,91.0,79,10,0
5553,0,62,4303,1,435,335,2015,12,10,366,6726,107.0,67,15,2
5554,0,63,1554,3790,506,806,2018,9,215,466,8682,95.0,78,24,1
5558,0,64,2872,646,603,984,2016,8,24,318,4338,119.0,79,12,3
5559,0,66,2012,5011,603,915,2013,8,213,185,5036,93.0,79,7,0
5560,1,68,4303,4449,251,788,2018,9,0,412,4585,1.0,29,16,3
5561,0,72,1935,5599,603,564,2016,11,4,51,4649,101.0,79,0,2
5562,0,74,611,2172,428,596,2017,8,213,0,5883,93.0,66,0,0
5563,0,77,3008,1853,2,613,2018,11,200,25,1630,82.0,0,0,0
5564,0,78,3912,3045,506,613,2017,11,186,274,3518,70.0,78,10,0
5565,0,79,526,6325,603,1393,2000,7,7,197,1832,104.0,79,7,3
5566,0,82,2955,5186,736,1146,2003,11,28,332,968,121.0,80,12,2
5567,0,83,1361,2031,603,423,2015,7,212,333,8338,92.0,79,12,0
5569,0,84,1640,5928,272,822,2016,12,31,331,7178,124.0,30,12,2
5570,0,86,3869,7246,58,972,2018,12,167,277,71,53.0,10,10,0
5571,0,89,1523,6901,150,917,2016,9,211,217,8640,91.0,18,7,0
5572,0,90,3631,3229,603,1478,2011,8,201,20,7492,83.0,79,0,0
5573,0,92,2512,4079,138,1063,1989,9,213,326,4224,93.0,17,12,0
5574,0,98,1689,2951,603,542,2017,11,199,274,1887,81.0,79,10,0
5575,0,104,281,2192,603,144,2015,5,204,224,1444,86.0,79,7,0
5576,0,106,310,736,736,822,2017,11,9,25,8701,106.0,80,0,2
5577,0,109,4336,673,603,304,2014,8,217,203,1451,97.0,79,7,0
5578,0,110,3263,94,603,1449,2004,7,219,230,1800,99.0,79,7,0
5580,0,111,2030,3509,603,959,2011,8,3,199,2416,100.0,79,7,3
5581,0,113,3517,2693,272,734,2012,9,33,326,3676,126.0,30,12,3
5582,0,117,4202,3012,365,547,2017,8,214,39,8135,94.0,48,0,0
5583,0,120,529,5707,251,474,2014,11,6,353,6110,103.0,29,13,2
5584,0,123,4267,4774,603,1038,2017,8,216,216,585,96.0,79,7,0
5585,1,124,3050,5793,251,1012,2019,9,0,512,5388,1.0,29,34,1
5586,0,126,2750,4525,380,943,2018,12,46,219,4046,137.0,51,7,2
5587,1,138,4303,1785,603,294,2016,12,0,102,8669,1.0,79,3,2
5588,0,148,2012,5005,632,1186,2017,8,7,185,6257,104.0,79,7,3
5589,0,150,3149,1832,251,590,2016,9,7,319,6509,104.0,29,12,3
5591,0,151,1943,1438,603,527,2016,6,214,341,1872,94.0,79,12,0
5592,0,153,3477,1868,718,1310,1977,6,90,17,7166,176.0,79,0,3
5593,0,166,3959,4552,589,1424,1971,8,46,171,4755,137.0,78,6,3
5594,0,167,3985,1760,603,590,1993,8,4,337,2685,101.0,79,12,3
5595,0,171,4222,7103,359,203,2015,12,16,281,6545,111.0,47,10,2
5596,0,172,2656,2422,86,1132,2016,8,15,309,992,110.0,10,12,3
5597,0,175,3455,7053,251,485,2016,9,52,55,1229,142.0,29,0,3
5598,0,179,3610,1301,603,668,2012,8,204,211,8254,86.0,79,7,0
5599,1,183,4303,7045,483,247,2013,9,0,394,2579,1.0,73,16,3
5600,0,185,1217,7246,603,512,2017,11,213,274,6863,93.0,79,10,0
5602,0,186,2829,4699,603,1191,2013,8,204,207,7138,86.0,79,7,0
5603,0,188,4143,4161,603,1050,2019,9,198,346,8369,80.0,79,13,0
5604,0,190,1890,1043,603,1094,2011,10,212,132,4183,92.0,79,4,0
5605,0,194,301,5565,603,336,2016,8,216,513,5491,96.0,79,35,1
5606,0,197,749,7246,603,704,2018,11,205,274,6952,87.0,79,10,0
5607,1,206,4303,6698,435,880,2010,9,0,238,5785,1.0,67,8,3
5608,0,209,81,1986,736,924,2012,11,218,217,1438,98.0,80,7,0
5609,0,211,1680,5476,504,674,2014,8,32,344,1497,125.0,77,12,3
5610,0,212,808,7246,603,335,2014,7,211,274,6871,91.0,79,10,0
5611,0,270,4303,7246,45,642,2017,9,192,281,3455,76.0,6,10,0
5613,0,214,1957,7455,603,1119,1998,7,200,186,1656,82.0,79,7,0
5614,0,215,2039,2435,354,182,2015,11,16,326,4288,111.0,47,12,2
5615,0,216,2802,6763,506,324,2015,11,212,344,7908,92.0,78,12,0
5616,0,221,2206,4286,603,964,2013,8,214,322,5459,94.0,79,12,0
5617,0,224,2782,3823,603,1363,2011,12,211,143,2690,91.0,79,4,0
5618,0,228,1577,6168,58,16,2011,5,156,470,4958,44.0,10,27,1
5619,0,229,1658,3447,251,458,2016,11,11,375,438,108.0,29,15,2
5620,0,233,395,4233,278,884,2011,7,30,326,2155,123.0,31,12,3
5621,0,235,1230,4940,724,528,2009,8,9,211,8579,106.0,79,7,3
5622,0,240,2602,4165,603,398,2015,12,207,318,1509,89.0,79,12,0
5624,0,246,2973,5220,301,1085,2015,7,218,326,2751,98.0,33,12,0
5625,0,248,2668,4715,603,1449,1996,8,11,230,7975,108.0,79,7,3
5626,0,250,608,1962,603,1310,2012,7,212,185,8186,92.0,79,7,0
5627,0,259,54,4580,603,1310,2002,6,5,337,8141,102.0,79,12,3
5628,0,261,2990,703,251,766,2008,11,6,39,1961,103.0,29,0,2
5629,0,263,1476,7246,603,554,2017,9,211,274,5230,91.0,79,10,0
5630,0,266,429,6800,603,731,2018,6,15,121,8725,110.0,79,4,3
5631,1,269,4303,1632,506,1147,2013,11,110,118,6023,2.0,78,3,0
5632,1,272,4303,3561,603,504,2015,9,0,498,4679,1.0,79,31,1
5633,0,274,3643,1761,58,1394,2019,11,193,345,1919,77.0,10,13,0
5635,0,275,3090,333,603,888,2018,6,219,12,8752,99.0,79,0,0
5636,0,710,4527,4837,492,593,2011,11,29,329,1020,122.0,75,12,2
5637,0,288,2847,3117,251,623,2017,11,62,217,7785,150.0,29,7,2
5638,0,290,705,6213,251,518,2013,12,33,200,241,126.0,29,7,2
5639,0,295,3318,459,251,1146,2011,9,77,326,6516,164.0,29,12,3
5640,0,296,2955,3386,251,465,2010,9,20,326,8185,115.0,29,12,3
5641,0,298,4306,6349,251,518,2010,9,42,200,792,133.0,29,7,3
5642,0,301,412,75,251,336,2015,12,34,200,1923,127.0,29,7,2
5643,0,302,4303,5076,150,918,2012,11,3,39,3760,100.0,18,0,2
5644,0,305,0,6931,251,613,2016,9,40,221,3344,131.0,29,7,3
5646,1,307,2124,2766,435,400,2017,12,110,380,5166,2.0,67,16,2
5647,0,308,695,2850,603,118,2012,14,156,125,7552,44.0,79,4,2
5648,0,310,782,5288,595,844,2002,7,4,200,4184,101.0,78,7,3
5649,0,314,935,2177,2,180,2015,11,210,326,343,90.0,0,12,0
5650,0,315,187,5549,342,360,2016,11,207,200,7215,89.0,44,7,0
5651,0,321,2104,6374,58,900,2015,11,206,343,121,88.0,10,12,0
5652,0,322,2102,2189,718,818,2007,7,42,336,2184,133.0,79,12,3
5653,0,323,2871,3915,603,1282,2012,8,15,0,2309,110.0,79,0,3
5654,0,324,2534,2584,497,735,2010,5,17,52,7466,112.0,75,0,3
5655,0,327,589,1496,58,1337,2018,8,205,0,8250,87.0,10,0,0
5657,1,330,4303,81,603,736,2018,9,0,487,3402,1.0,79,30,1
5658,0,332,4161,671,162,1292,2014,9,211,34,2969,91.0,20,0,0
5659,0,336,331,5180,18,1108,2013,8,16,319,8294,111.0,1,12,3
5660,0,338,3726,5891,251,1146,2017,9,219,347,403,99.0,29,13,0
5661,0,340,2335,1618,86,693,2018,5,204,185,2090,86.0,10,7,0
5662,1,346,4303,1699,506,141,2013,12,0,100,7036,1.0,78,3,2
5663,0,352,633,7246,603,955,2012,5,213,274,6876,93.0,79,10,0
5664,0,353,616,7246,603,816,2018,11,205,274,7146,87.0,79,10,0
5665,0,358,354,2203,603,1348,2008,11,10,318,7982,107.0,79,12,2
5666,0,359,3031,2003,630,569,2012,8,207,44,2190,89.0,79,0,0
5669,0,362,4150,6170,506,843,2018,11,212,309,4429,92.0,78,12,0
5670,1,363,4303,2242,506,997,2017,11,0,115,3225,1.0,78,3,2
5671,1,364,4303,1750,736,410,2010,11,110,394,2164,2.0,80,16,2
5672,1,369,4303,6564,251,324,2015,9,0,242,773,1.0,29,8,3
5673,0,376,3885,60,251,1146,2006,9,29,329,6240,122.0,29,12,3
5674,0,377,205,215,603,564,2012,8,211,274,2985,91.0,79,10,0
5675,1,380,4303,223,506,997,2014,12,0,100,2952,1.0,78,3,2
5676,0,385,550,5502,251,458,2015,9,34,319,3366,127.0,29,12,3
5677,0,386,17,259,251,564,2004,9,65,367,586,153.0,29,15,3
5678,0,403,4303,7246,150,1017,2017,11,214,217,8525,94.0,18,7,0
5680,0,406,682,1634,618,380,2016,12,9,121,1623,106.0,79,4,2
5681,0,408,1425,313,444,696,2018,11,5,283,976,102.0,69,10,2
5682,0,425,2671,2032,603,987,1974,6,17,164,1332,112.0,79,6,3
5683,0,428,1678,2870,603,523,2017,12,178,274,7013,63.0,79,10,0
5684,0,433,3799,7491,603,568,2018,6,210,133,7275,90.0,79,4,0
5685,0,435,4067,7246,474,406,2016,9,207,274,6313,89.0,70,10,0
5686,0,437,1236,4729,603,886,2018,8,4,199,3580,101.0,79,7,3
5687,0,442,1103,1881,292,1282,1989,3,203,121,7836,85.0,32,4,3
5688,0,444,4389,1464,460,1012,2019,11,201,375,7956,83.0,69,15,0
5689,0,447,723,4265,603,398,2016,10,212,147,4959,92.0,79,4,0
5691,0,449,751,786,603,845,2018,11,202,359,627,84.0,79,13,0
5692,0,455,2030,654,603,659,2006,8,211,345,3369,91.0,79,13,0
5693,0,456,2721,5016,506,943,2018,8,3,0,110,100.0,78,0,3
5694,0,465,4362,2097,537,856,2016,8,6,309,1893,103.0,78,12,3
5695,0,467,2390,5110,658,1063,2001,8,6,513,7893,103.0,79,35,1
5696,0,468,3497,904,603,1063,2013,10,157,121,4727,45.0,79,4,0
5697,0,469,3497,1754,671,1147,2014,14,157,121,8054,45.0,79,4,2
5698,1,471,4303,6997,506,1276,2014,13,162,422,6594,5.0,78,17,2
5699,0,470,1466,7246,603,518,2017,10,210,274,5994,90.0,79,10,0
5700,0,476,4272,3093,603,1200,2019,9,218,230,5423,98.0,79,7,0
5702,0,481,421,5925,506,370,2015,11,212,200,6483,92.0,78,7,0
5703,0,482,2564,7361,251,1146,1977,9,87,15,1495,172.0,29,0,3
5704,0,483,2264,2429,150,925,2011,9,32,326,7322,125.0,18,12,3
5705,1,488,4303,3482,603,1048,2014,9,0,291,7007,1.0,79,11,3
5706,0,491,722,7490,603,373,2016,11,199,274,6920,81.0,79,10,0
5707,0,492,2778,1938,603,1173,2017,8,17,0,1818,112.0,79,0,3
5708,0,493,3700,3950,603,1147,1999,8,29,309,8511,122.0,79,12,3
5709,0,494,585,7246,603,802,2017,9,4,274,8612,101.0,79,10,3
5710,1,495,4303,2252,603,356,2017,11,138,262,6798,3.0,79,8,0
5711,0,497,462,1690,603,327,2017,11,167,274,129,53.0,79,10,0
5713,1,498,3854,7246,603,931,2018,12,0,291,2345,1.0,79,11,2
5714,0,499,2657,1010,603,930,2018,9,167,274,4308,53.0,79,10,0
5715,0,502,4430,1893,58,1012,2019,11,219,513,643,99.0,10,35,1
5716,0,503,3760,2652,74,1083,2014,8,215,36,2334,95.0,10,0,0
5717,0,504,4251,1985,603,1092,1998,8,24,309,810,119.0,79,12,3
5718,0,505,261,6391,589,926,2016,8,76,318,1203,163.0,78,12,3
5719,0,508,3019,6986,603,900,2018,11,169,289,2732,55.0,79,10,0
5720,1,511,4303,627,603,133,2015,9,0,505,2308,1.0,79,31,1
5721,0,514,2679,1412,621,1038,2000,8,5,187,8572,102.0,79,7,3
5722,0,518,1870,3219,603,1046,2019,11,9,309,72,106.0,79,12,2
5724,0,523,407,499,506,678,2015,8,35,283,5803,128.0,78,10,3
5725,0,532,2165,7246,251,247,2013,12,198,281,3536,80.0,29,10,0
5726,0,528,1102,2147,603,590,1986,3,198,121,3624,80.0,79,4,3
5727,0,529,3282,5655,603,590,1991,3,191,121,3623,75.0,79,4,3
5728,0,530,2353,7031,603,590,1999,3,191,121,7949,75.0,79,4,3
5729,0,531,2353,7030,603,590,2000,3,195,121,7742,79.0,79,4,3
5730,0,536,4391,2199,150,925,2012,9,205,326,2744,87.0,18,12,0
5731,1,538,4303,3085,483,247,2012,9,0,394,5784,1.0,73,16,3
5732,0,539,3235,1078,603,869,2018,12,217,310,1711,97.0,79,12,0
5733,0,543,1663,5079,150,976,2014,11,203,200,3397,85.0,18,7,0
5735,0,546,434,6874,251,398,2017,11,16,319,1742,111.0,29,12,2
5736,0,548,667,5465,444,856,2017,11,18,201,5103,113.0,69,7,2
5737,1,549,4303,6035,603,1050,2018,9,0,300,7704,1.0,79,11,3
5738,0,560,4184,6281,603,816,2015,8,210,318,1645,90.0,79,12,0
5739,0,564,2491,3196,603,1371,2001,8,6,337,8046,103.0,79,12,3
5740,0,570,3263,95,603,1092,2003,7,8,185,1611,105.0,79,7,3
5741,0,572,3156,480,255,302,2015,11,7,319,873,104.0,29,12,2
5742,1,582,4303,7246,251,801,2018,9,0,420,6180,1.0,29,16,3
5743,1,583,4303,2381,251,613,2018,9,0,418,6486,1.0,29,16,3
5744,0,587,3932,3836,251,458,2013,9,34,332,1445,127.0,29,12,3
5746,0,588,3204,850,603,398,2016,12,212,121,8526,92.0,79,4,0
5747,0,592,2089,1642,49,308,2016,12,188,319,5642,72.0,6,12,0
5748,0,596,3274,5598,603,841,2018,7,23,28,5750,118.0,79,0,3
5749,0,597,3874,5068,150,937,2017,11,15,217,5162,110.0,18,7,2
5750,0,598,318,6691,736,974,2018,14,180,121,6161,65.0,80,4,0
5751,1,599,4303,657,603,1147,2018,12,162,291,6772,5.0,79,11,0
5752,0,603,2220,5875,603,913,2018,11,210,44,1243,90.0,79,0,0
5753,0,605,2558,6629,251,1146,2007,9,43,319,5984,134.0,29,12,3
5754,1,8802,4303,7246,319,809,2012,14,110,86,4095,2.0,36,2,2
5755,0,607,1015,7246,603,1092,2017,11,207,274,5830,89.0,79,10,0
5757,0,284,1683,7637,603,173,2016,5,204,274,1298,86.0,79,10,0
5758,0,611,1450,7427,621,877,2011,7,205,358,7118,87.0,79,13,0
5759,0,613,787,575,174,448,2015,6,10,25,2043,107.0,20,0,3
5760,0,615,800,3430,603,281,2015,9,195,318,5447,79.0,79,12,0
5761,0,620,2262,186,150,1014,2018,9,205,200,8139,87.0,18,7,0
5762,0,627,3004,6860,272,722,2011,9,18,200,548,113.0,30,7,3
5763,0,635,1775,6160,603,900,2011,7,15,230,5923,110.0,79,7,3
5764,0,636,3755,2999,589,1147,2011,6,218,125,2653,98.0,78,4,0
5765,0,640,1955,5627,603,723,2014,8,213,359,111,93.0,79,13,0
5766,0,641,1721,2899,603,1147,1997,7,48,230,6701,139.0,79,7,3
5768,0,652,1978,3359,603,1085,2019,11,214,358,547,94.0,79,13,0
5769,0,656,4058,3640,435,551,2016,5,42,39,2944,133.0,67,0,3
5770,0,657,2874,5540,603,234,2016,11,199,289,7109,81.0,79,10,0
5771,0,659,1773,6745,58,813,2018,9,211,341,1947,91.0,10,12,0
5772,0,287,2762,1281,621,713,2012,9,29,220,7829,122.0,79,7,3
5773,1,665,4303,2134,62,495,2016,14,0,249,2927,1.0,10,8,2
5774,0,667,1006,2619,506,147,2014,9,5,281,4968,102.0,78,10,3
5775,0,668,1250,897,96,697,2016,9,206,212,3840,88.0,11,7,0
5776,0,677,2877,6144,506,834,1994,12,161,274,5448,49.0,78,10,0
5777,1,678,4303,7246,15,398,2016,11,0,293,7230,1.0,1,11,2
5780,0,683,1353,684,54,432,2014,8,15,373,4431,110.0,7,15,3
5781,0,690,344,6044,603,811,2018,7,62,60,6283,150.0,79,0,3
5782,0,691,2419,826,472,814,2017,11,217,283,3733,97.0,70,10,0
5783,0,705,338,2105,251,911,2016,9,36,331,6812,129.0,29,12,3
5784,0,711,99,6502,251,640,2013,9,219,319,5620,99.0,29,12,0
5785,0,733,4524,7684,492,612,2005,9,17,326,3738,112.0,75,12,3
5786,0,735,137,1050,208,818,2006,8,53,318,8089,143.0,20,12,3
5787,0,742,3878,7246,251,564,2016,11,176,281,7260,61.0,29,10,0
5788,0,744,2075,2824,45,250,2016,5,215,200,8388,95.0,6,7,0
5789,0,751,48,5039,58,312,2014,5,212,349,1319,92.0,10,13,0
5791,0,753,956,1008,603,904,2019,11,217,325,8432,97.0,79,12,0
5792,0,754,2813,164,28,811,2015,8,210,344,4127,90.0,1,12,0
5793,0,757,2771,7474,603,1063,1995,8,24,20,4795,119.0,79,0,3
5794,0,758,2771,7473,603,1063,2003,8,57,20,4817,147.0,79,0,3
5795,1,760,4303,2906,506,801,2014,11,138,117,620,3.0,78,3,0
5796,0,765,970,2890,423,573,2017,11,201,513,880,83.0,63,35,1
5797,0,766,3683,3488,621,417,2016,11,201,288,3868,83.0,79,10,0
5798,1,769,4303,116,251,314,2013,9,0,412,7940,1.0,29,16,3
5799,0,770,4054,483,251,518,2006,9,211,326,1481,91.0,29,12,0
5800,0,772,2138,3944,603,1220,2019,9,22,309,324,117.0,79,12,3
5802,1,780,4303,310,96,314,2016,11,0,400,1289,1.0,11,16,2
5803,0,781,3916,3923,603,590,1995,3,194,138,2721,78.0,79,4,3
5804,0,782,3285,4794,603,590,2001,3,191,121,4099,75.0,79,4,3
5805,0,783,3285,4795,603,590,2004,3,194,121,877,78.0,79,4,3
5806,0,784,1505,5480,380,564,2017,11,59,369,3251,149.0,51,15,2
5807,0,785,639,2591,492,301,2015,9,6,220,5352,103.0,75,7,3
5808,0,788,4512,7669,603,911,2017,8,214,199,1443,94.0,79,7,0
5809,0,789,12,4104,603,136,2015,5,215,24,5823,95.0,79,0,0
5810,0,791,4114,5738,488,677,2010,11,29,52,1062,122.0,74,0,2
5811,1,793,4303,6444,736,638,2016,11,0,393,7243,1.0,80,16,2
5813,0,796,2569,1271,488,721,2002,11,10,326,8305,107.0,74,12,2
5814,0,801,62,7018,488,713,2009,9,33,220,1714,126.0,74,7,3
5815,0,836,2043,3379,444,709,2015,11,29,284,3522,122.0,69,10,2
5816,0,804,3384,5185,251,1146,2009,9,215,326,1809,95.0,29,12,0
5817,0,807,2725,7246,16,411,2017,11,4,281,122,101.0,1,10,2
5818,0,809,2338,3877,603,448,2013,13,190,121,2727,74.0,79,4,0
5819,0,817,58,3876,603,448,2010,13,190,121,6289,74.0,79,4,0
5820,0,818,4504,3873,603,448,2015,13,190,121,916,74.0,79,4,0
5821,0,819,2170,3874,603,448,2015,13,201,121,8317,83.0,79,4,0
5822,0,816,287,2141,603,448,2016,13,195,121,631,79.0,79,4,0
5824,0,820,4425,1840,603,448,2010,14,188,121,8156,72.0,79,4,0
5825,0,821,1244,1841,621,448,2011,13,198,121,2831,80.0,79,4,0
5826,0,822,840,2144,621,448,2016,13,191,121,615,75.0,79,4,0
5827,0,823,1244,3875,603,448,2012,13,191,121,2728,75.0,79,4,0
5828,0,824,841,2143,603,448,2017,13,188,121,5761,72.0,79,4,0
5829,0,829,2332,2563,603,678,2015,7,219,20,518,99.0,79,0,0
5830,0,832,1227,2208,96,697,2013,9,211,217,3833,91.0,11,7,0
5831,0,834,3399,7212,251,590,1995,12,79,53,807,166.0,29,0,2
5832,0,715,1031,7196,603,766,1998,8,6,233,8430,103.0,79,7,3
5833,0,837,3214,4897,643,1394,1992,8,35,184,319,128.0,79,6,3
5835,1,839,4303,6122,302,517,2016,13,0,422,285,1.0,34,17,2
5836,1,840,4303,7284,603,555,2017,11,162,263,8245,5.0,79,8,0
5837,0,842,952,6789,603,937,2018,7,205,288,225,87.0,79,10,0
5838,1,845,4303,3527,603,104,2015,9,0,260,894,1.0,79,8,3
5839,1,849,4303,7246,506,173,2016,12,0,101,485,1.0,78,3,2
5840,0,851,1605,5818,251,1146,1972,12,32,164,389,125.0,29,6,2
5841,0,854,3674,2235,251,1146,1982,9,28,319,1422,121.0,29,12,3
5842,0,856,2430,568,606,293,2015,11,15,274,7396,110.0,79,10,2
5843,0,857,2068,4773,603,1108,2016,6,206,203,7317,88.0,79,7,0
5844,1,860,4303,5223,407,706,2018,13,0,422,2761,1.0,59,17,2
5846,0,861,4384,7246,212,294,2013,10,166,281,8536,52.0,22,10,0
5847,0,862,2754,6136,589,684,1997,7,207,217,3271,89.0,78,7,0
5848,0,863,4303,7246,603,294,2013,10,166,136,1322,52.0,79,4,0
5849,1,864,4303,6782,58,844,2010,12,0,291,355,1.0,10,11,2
5850,1,868,4303,4110,435,351,2015,9,0,379,1786,1.0,67,16,3
5851,1,871,4303,4073,58,191,2016,9,151,251,624,4.0,10,8,0
5852,1,873,4303,4873,736,922,2016,11,110,393,2767,2.0,80,16,2
5853,0,874,2870,4984,603,1108,1996,7,199,186,1955,81.0,79,7,0
5854,0,875,627,2218,603,1108,1992,7,189,185,8291,73.0,79,7,0
5855,0,878,76,2694,272,795,2008,9,191,200,1910,75.0,30,7,0
5857,0,877,2262,2648,150,917,2016,9,219,217,7427,99.0,18,7,0
5858,0,882,2098,643,558,828,2007,7,28,337,861,121.0,78,12,3
5859,0,883,54,102,603,873,2008,6,3,125,6126,100.0,79,4,3
5860,0,891,1297,4242,603,542,2016,6,217,274,5178,97.0,79,10,0
5861,0,893,2209,7246,322,420,2015,9,8,281,1600,105.0,36,10,3
5862,0,896,2191,7090,603,594,2017,11,3,286,3717,100.0,79,10,2
5863,1,898,4303,5687,736,721,2015,11,0,394,3096,1.0,80,16,2
5864,1,899,4303,2123,492,350,2010,11,0,244,2197,1.0,75,8,2
5865,0,900,3387,6846,251,474,2016,11,20,329,1824,115.0,29,12,2
5866,0,901,347,7156,506,178,2015,9,219,284,8623,99.0,78,10,0
5868,1,903,4303,2361,603,380,2016,9,151,462,2141,4.0,79,23,1
5869,0,911,372,2152,58,398,2016,11,211,319,2318,91.0,10,12,0
5870,1,914,4303,6954,603,736,2016,14,0,422,2785,1.0,79,17,2
5871,0,918,49,5028,603,966,2019,11,210,363,2324,90.0,79,14,0
5872,0,921,1912,5306,603,568,2004,6,3,138,2788,100.0,79,4,3
5873,0,920,1912,6105,603,739,1978,10,131,121,8492,25.0,79,4,0
5874,0,925,1507,800,492,301,2012,9,219,222,1622,99.0,75,7,0
5875,0,928,4303,7246,212,966,2019,8,27,329,6029,120.0,22,12,3
5876,0,938,4110,6293,736,964,2014,9,218,217,644,98.0,80,7,0
5877,0,948,4133,7482,603,358,2017,12,7,274,6864,104.0,79,10,2
5879,0,955,1077,597,251,1005,2005,12,59,329,1472,149.0,29,12,2
5880,0,956,2263,206,150,976,2010,9,17,220,720,112.0,18,7,3
5881,1,961,4303,245,319,504,2009,14,0,86,4731,1.0,36,2,2
5882,0,963,4077,4088,671,314,2013,9,218,284,2598,98.0,79,10,0
5883,0,968,2537,2853,258,691,2018,9,27,319,1487,120.0,29,12,3
5884,1,969,4303,1820,251,590,2013,12,0,409,649,1.0,29,16,2
5885,1,971,4303,3755,251,324,2015,9,0,394,2365,1.0,29,16,3
5886,0,972,3335,256,251,1146,2006,9,63,220,1221,151.0,29,7,3
5887,0,979,3392,7246,736,938,2018,13,178,121,4987,63.0,80,4,0
5888,0,981,3335,273,251,465,2007,9,58,332,6086,148.0,29,12,3
5891,0,982,3408,241,251,1146,2003,11,19,353,1586,114.0,29,13,2
5892,0,983,1759,5788,251,495,2017,9,30,319,33,123.0,29,12,3
5893,1,989,4303,7442,650,105,1997,10,110,433,8418,2.0,79,17,1
5894,0,990,1936,3372,603,563,2017,11,205,185,6465,87.0,79,7,0
5895,0,991,1058,98,603,1394,1999,7,213,185,3348,93.0,79,7,0
5896,1,992,4303,5102,506,1010,2017,10,138,104,8690,3.0,78,3,0
5897,0,993,3865,2321,656,1159,2002,6,206,125,5090,88.0,79,4,0
5898,0,994,3784,1434,603,974,2018,8,33,0,1216,126.0,79,0,3
5899,0,999,2181,1005,134,590,2017,11,210,274,4765,90.0,17,10,0
5900,0,1004,3620,5977,603,326,2017,6,215,125,8280,95.0,79,4,0
5902,0,1005,3016,5294,506,838,2002,8,11,288,2885,108.0,78,10,3
5903,0,1010,3848,970,603,480,2010,5,180,470,6632,65.0,79,27,1
5904,0,1022,3982,3014,531,844,2000,8,15,319,7827,110.0,78,12,3
5905,0,1023,4386,998,603,868,2018,12,181,277,6931,66.0,79,10,0
5906,0,1025,1645,3553,251,577,2017,11,34,326,7386,127.0,29,12,2
5907,0,1027,1366,5356,251,693,2015,9,40,327,4948,131.0,29,12,3
5908,0,1033,1180,7142,58,654,2018,11,206,212,4524,88.0,10,7,0
5909,0,1034,2608,3071,603,573,2017,8,217,199,3119,97.0,79,7,0
5910,0,1035,1513,3780,746,427,2016,9,21,25,1277,116.0,83,0,3
5911,1,1036,4303,4169,58,150,2016,11,138,413,3419,3.0,10,16,0
5913,1,1037,2851,4737,444,897,2018,11,0,244,8479,1.0,69,8,2
5914,0,1039,4064,5732,251,1314,2012,9,22,200,8015,117.0,29,7,3
5915,0,1041,2634,1745,603,997,2019,11,195,309,8297,79.0,79,12,0
5916,0,1048,3507,3533,718,818,2001,8,54,36,7793,144.0,79,0,3
5917,1,1049,4303,866,492,747,2014,9,0,244,2832,1.0,75,8,3
5918,0,1055,2052,7246,444,153,2015,12,195,281,7024,79.0,69,10,0
5919,0,1059,3645,1267,603,712,2018,7,44,60,6301,135.0,79,0,3
5920,0,1062,1875,1172,603,405,2017,11,206,0,1777,88.0,79,0,0
5921,0,1063,854,6306,603,1108,2007,8,21,318,5152,116.0,79,12,3
5922,0,1064,2667,5936,9,380,2017,11,211,332,2401,91.0,0,12,0
5924,0,1069,1357,7246,603,1253,2013,7,201,274,7016,83.0,79,10,0
5925,0,1070,902,661,603,504,2015,7,210,513,5324,90.0,79,35,1
5926,0,1074,1231,935,603,1365,2018,8,36,321,2375,129.0,79,12,3
5927,0,1079,503,5009,603,1235,2016,8,27,343,1595,120.0,79,12,3
5928,0,1086,1039,6182,30,276,2015,6,211,121,4107,91.0,1,4,0
5929,0,1089,2118,6890,162,535,2017,11,203,212,3350,85.0,20,7,0
5930,1,1090,4303,5245,488,667,2016,9,0,415,3094,1.0,74,16,3
5931,0,1093,1808,4840,162,1220,2016,8,206,52,2336,88.0,20,0,0
5932,0,1101,4134,3454,603,1063,2001,8,30,309,3017,123.0,79,12,3
5933,0,1104,21,4469,170,181,2013,4,95,319,3236,180.0,20,12,3
5935,0,1105,4441,1239,603,876,2013,7,218,199,6571,98.0,79,7,0
5936,0,1108,2417,297,603,122,2016,8,210,185,5425,90.0,79,7,0
5937,1,1109,4303,1699,506,790,2017,10,0,102,7120,1.0,78,3,3
5938,0,1110,1867,4484,643,865,2013,8,210,363,2718,90.0,79,14,0
5939,0,1111,2406,4714,228,1478,1999,7,214,20,640,94.0,22,0,0
5940,0,1112,1063,6179,603,661,2010,8,17,322,2506,112.0,79,12,3
5941,0,1115,469,7246,58,517,2017,11,203,274,2496,85.0,10,10,0
5942,0,1122,1865,6055,603,974,2018,11,217,274,3181,97.0,79,10,0
5943,1,1123,4303,1029,736,153,1991,10,0,512,18,1.0,80,34,1
5944,0,1125,1796,1497,58,98,2015,10,159,121,2421,47.0,10,4,0
5946,0,1126,1178,1032,145,636,2017,11,219,274,6813,99.0,17,10,0
5947,0,1128,3375,6003,251,1146,1973,9,81,176,5795,168.0,29,6,3
5948,0,1131,1355,1038,506,788,2018,9,219,284,3525,99.0,78,10,0
5949,0,1132,582,7246,288,445,2016,9,9,274,4345,106.0,32,10,3
5950,0,1137,1405,4535,670,372,2017,9,212,323,1897,92.0,79,12,0
5951,0,1139,646,3441,603,674,2008,6,219,125,7145,99.0,79,4,0
5952,0,1148,172,2661,603,635,2017,9,207,274,2433,89.0,79,10,0
5953,0,1149,1840,3028,354,182,2015,11,206,217,5563,88.0,47,7,0
5954,1,1152,4303,534,15,1092,2016,12,0,446,7102,1.0,1,21,2
5955,0,1153,391,7425,603,1478,1967,8,16,17,2844,111.0,79,0,3
5957,0,1159,2159,451,251,564,2003,11,195,39,3740,79.0,29,0,0
5958,1,1164,4303,7069,736,1064,2016,12,0,446,7098,1.0,80,21,2
5959,1,1166,4303,1701,506,496,2017,9,110,117,1179,2.0,78,3,3
5960,0,1173,1376,1954,603,517,2017,11,204,289,3810,86.0,79,10,0
5961,0,1176,1399,1236,576,314,2016,9,190,281,2938,74.0,78,10,0
5962,1,1180,4303,1293,506,1064,2013,11,0,100,3976,1.0,78,3,2
5963,0,1182,3498,3171,86,1279,2017,11,202,325,3442,84.0,10,12,0
5964,0,1187,216,7364,45,448,2013,6,198,121,8735,80.0,6,4,0
5965,0,1185,780,7437,603,901,2016,11,204,230,6098,86.0,79,7,0
5966,1,1192,4303,3077,603,883,2016,10,138,300,7060,3.0,79,11,0
5968,0,1195,2784,334,603,918,2018,11,210,339,1532,90.0,79,12,0
5969,0,1197,3799,4339,603,1308,2007,6,5,125,8227,102.0,79,4,3
5970,1,1200,688,4311,680,553,2013,9,0,234,7700,1.0,79,8,3
5971,0,1201,1907,7148,603,504,2016,11,212,211,6135,92.0,79,7,0
5972,1,1203,4303,7141,603,1187,2014,12,110,446,6154,2.0,79,21,1
5973,0,1211,3951,6734,251,504,2015,11,199,282,5593,81.0,29,10,0
5974,0,1214,3909,6305,15,792,2018,11,21,343,4578,116.0,1,12,2
5975,0,1219,3467,3508,603,709,2005,8,15,363,6354,110.0,79,14,3
5976,0,1231,3536,1540,603,424,2017,7,215,185,8147,95.0,79,7,0
5977,1,1232,4303,6286,736,1064,2015,9,0,385,4857,1.0,80,16,3
5979,0,1236,349,5960,603,737,2009,8,42,344,7193,133.0,79,12,3
5980,0,1242,2468,1275,105,786,2017,11,27,52,8515,120.0,12,0,2
5981,1,1244,4303,5817,603,214,2016,9,0,487,2207,1.0,79,30,1
5982,0,1245,4382,3493,58,374,2016,12,211,125,7332,91.0,10,4,0
5983,0,1246,4382,3491,58,380,2017,12,210,125,3609,90.0,10,4,0
5984,0,1247,4382,3492,58,374,2017,12,210,125,6477,90.0,10,4,0
5985,1,1250,4303,2704,736,590,2013,12,0,412,4813,1.0,80,16,2
5986,0,1256,2879,7577,274,911,2018,11,6,52,7462,103.0,30,0,2
5987,0,1257,263,7246,358,555,2016,10,189,281,1336,73.0,47,10,0
5988,0,1262,1002,4976,603,959,2018,11,218,363,8167,98.0,79,14,0
5990,1,1266,4303,7246,736,589,2017,12,0,422,211,1.0,80,17,2
5991,0,1269,3990,1326,603,1133,2010,7,24,337,1899,119.0,79,12,3
5992,0,1270,2014,7246,603,358,2017,11,192,274,7111,76.0,79,10,0
5993,0,1273,2379,7561,441,928,2018,11,58,319,2279,148.0,67,12,2
5994,1,1276,4303,2771,506,1063,2012,11,110,117,7137,2.0,78,3,0
5995,0,1277,678,1685,603,492,2017,11,214,49,8392,94.0,79,0,0
5996,0,1280,917,2026,603,1092,1960,9,11,179,3429,108.0,79,6,3
5997,0,1762,936,2515,39,431,2016,8,19,319,7048,114.0,5,12,3
5998,0,1294,4265,2369,603,964,2016,8,218,359,2525,98.0,79,13,0
5999,1,1295,4303,1847,506,722,2017,12,0,104,3448,1.0,78,3,2
6002,0,1299,309,1337,272,741,2014,9,63,331,2079,151.0,30,12,3
6003,0,1300,3077,5127,2,262,2016,11,194,220,7755,78.0,0,7,0
6004,1,1301,4303,6667,435,880,2009,11,0,379,4043,1.0,67,16,2
6005,0,1303,408,9,573,943,2018,11,32,200,8386,125.0,78,7,2
6006,0,1304,2518,244,251,458,2015,9,33,326,3672,126.0,29,12,3
6007,1,1306,4303,2415,736,766,2018,13,0,422,6461,1.0,80,17,2
6008,0,1308,2911,7246,736,766,2017,13,14,121,3906,11.0,80,4,2
6009,0,1310,2911,7246,736,766,2017,13,122,121,3905,22.0,80,4,2
6010,1,1312,4303,6088,302,236,2016,9,0,400,5541,1.0,34,16,3
6011,1,1319,666,6361,350,270,2014,9,0,250,4955,1.0,44,8,3
6013,0,1321,3783,3411,603,416,2016,11,7,197,8632,104.0,79,7,2
6014,0,1322,2443,1518,603,518,2017,10,7,127,1391,104.0,79,4,3
6015,1,1323,4303,7246,58,844,2014,11,0,291,3468,1.0,10,11,2
6016,0,1324,3262,4065,603,256,2014,8,22,318,3898,117.0,79,12,3
6017,1,1325,4303,6838,435,351,2012,9,0,379,5551,1.0,67,16,3
6018,0,1328,1546,3197,603,1478,1998,7,4,230,2672,101.0,79,7,3
6019,0,1333,519,7375,718,1063,1992,8,219,270,4067,99.0,79,9,0
6020,1,1335,4303,3134,162,235,2016,11,0,244,7918,1.0,20,8,2
6021,0,1339,2141,7246,196,1373,2019,9,6,274,2740,103.0,20,10,3
6022,0,1341,3069,1826,251,657,2017,12,33,200,5890,126.0,29,7,2
6024,0,1348,2644,3398,279,722,2016,11,212,326,695,92.0,32,12,0
6025,1,1351,4303,1723,603,1015,2012,13,0,422,5420,1.0,79,17,2
6026,0,1353,741,6574,388,873,2008,9,40,326,5932,131.0,54,12,3
6027,0,1362,4206,1238,590,1412,2015,8,24,334,4613,119.0,78,12,3
6028,0,1363,599,6653,603,959,1976,8,218,172,2418,98.0,79,6,0
6029,0,1365,4517,4366,603,1108,2009,7,203,358,2530,85.0,79,13,0
6030,0,1366,2710,7456,690,9,2012,8,202,185,8546,84.0,79,7,0
6031,1,1370,4303,5023,319,821,2015,9,0,79,7445,1.0,36,2,3
6032,0,1371,2665,1611,527,1366,2006,7,55,0,3144,145.0,78,0,3
6033,0,1372,4436,7500,239,684,1992,11,32,39,7750,125.0,26,0,2
6035,0,1373,4436,1795,239,694,1992,11,11,39,2933,108.0,26,0,2
6036,1,1376,4303,1270,736,715,2015,11,0,393,2569,1.0,80,16,2
6037,0,1379,3480,2027,603,1092,1958,5,11,174,5319,108.0,79,6,3
6038,0,1383,3839,7246,107,139,2015,9,190,274,6884,74.0,12,10,0
6039,0,1386,573,2994,606,844,2010,6,200,125,2943,82.0,79,4,0
6040,0,1387,9,7246,58,823,2018,12,191,281,7038,75.0,10,10,0
6041,0,1390,1573,2667,370,366,2016,11,193,57,7388,77.0,50,0,0
6042,0,1394,3886,5489,251,314,2012,12,68,281,6854,156.0,29,10,2
6043,0,1397,3009,415,603,1147,2000,7,21,309,7677,116.0,79,12,3
6044,0,1399,1543,5443,251,766,2014,12,33,312,8563,126.0,29,12,2
6046,0,1402,15,5147,251,577,2010,9,36,200,1834,129.0,29,7,3
6047,0,1403,973,6343,251,1146,2000,9,41,220,8005,132.0,29,7,3
6048,0,1404,4295,6889,380,623,2017,9,23,200,2763,118.0,51,7,3
6049,0,1413,386,3673,225,294,2010,10,205,281,519,87.0,22,10,0
6050,0,1414,1081,4728,603,1198,2018,6,215,309,8006,95.0,79,12,0
6051,0,1415,1370,1338,272,822,2016,9,204,329,6167,86.0,30,12,0
6052,0,1416,1950,3058,712,737,2017,7,9,309,6004,106.0,79,12,3
6053,0,1421,4185,3450,589,1147,2005,6,20,125,6529,115.0,78,4,3
6054,0,1423,2749,1178,603,1063,2003,7,9,20,4862,106.0,79,0,3
6055,0,1425,711,1751,603,1111,1973,3,214,122,3724,94.0,79,4,3
6057,0,1429,973,374,251,336,2013,12,28,219,8310,121.0,29,7,2
6058,0,1430,2261,899,603,1147,1997,8,18,187,3081,113.0,79,7,3
6059,1,1433,4303,1553,58,504,2016,12,110,298,1527,2.0,10,11,2
6060,0,1435,4437,1898,241,606,2017,11,36,39,4544,129.0,26,0,2
6061,0,1434,1984,1802,603,483,2016,12,219,288,3596,99.0,79,10,0
6062,0,1437,1495,6867,254,270,2015,9,21,319,5850,116.0,29,12,3
6063,1,1438,4303,4848,15,495,2016,9,0,385,3117,1.0,1,16,3
6064,1,1443,4303,6984,603,380,1992,12,13,159,5926,11.0,79,5,2
6065,1,1446,4303,6474,435,400,2017,12,110,378,6475,2.0,67,16,2
6066,0,1455,576,2823,603,684,2012,8,206,359,553,88.0,79,13,0
6068,1,1457,4303,2286,506,196,1999,9,0,117,5686,1.0,78,3,3
6069,1,1458,4303,4945,506,316,2017,11,110,105,6718,2.0,78,3,0
6070,0,1468,3907,3615,736,938,2018,14,178,442,3649,63.0,80,19,1
6071,0,1469,410,3615,736,938,2018,14,177,121,2812,62.0,80,4,0
6072,0,1471,3900,3615,736,938,2018,14,177,442,7425,62.0,80,19,1
6073,0,1473,3394,6690,251,1025,2019,14,17,121,2979,112.0,29,4,2
6074,0,1489,365,704,251,657,2017,9,18,217,4688,113.0,29,7,3
6075,0,1490,2632,7629,603,127,2005,3,200,125,5465,82.0,79,4,3
6076,0,1494,3049,6908,368,883,2018,11,218,200,8050,98.0,49,7,0
6077,0,1496,4227,1241,603,1146,1988,8,205,270,7991,87.0,79,9,0
6079,1,1501,4303,1029,736,222,1994,10,0,512,4259,1.0,80,34,1
6080,0,1504,4112,4268,105,730,2017,11,16,52,49,111.0,12,0,2
6081,0,1505,2489,1347,736,358,2017,11,178,470,5545,63.0,80,27,1
6082,0,1508,483,4590,672,518,2012,5,8,319,4677,105.0,79,12,3
6083,0,1509,2226,1848,589,1147,1968,3,56,123,5769,146.0,78,4,3
6084,0,1510,417,3606,624,1147,2009,8,216,363,6295,96.0,79,14,0
6085,0,1516,284,1371,603,453,2017,11,198,288,3595,80.0,79,10,0
6086,0,1523,845,4118,603,964,2014,6,219,206,174,99.0,79,7,0
6087,1,1524,4303,7246,603,736,2018,11,0,291,245,1.0,79,11,2
6088,0,1529,2624,5766,86,1094,2012,12,205,230,7453,87.0,10,7,0
6090,0,1535,1386,6379,603,869,2015,10,206,143,4630,88.0,79,4,0
6091,0,1537,1925,7062,603,818,2004,6,219,125,7765,99.0,79,4,0
6092,0,1538,2576,2198,603,873,2018,6,7,127,5480,104.0,79,4,3
6093,0,1540,1664,6087,2,644,2006,8,7,332,6142,104.0,0,12,3
6094,1,1547,4303,7246,338,485,2017,14,0,422,5564,1.0,42,17,2
6095,0,1549,2910,213,380,831,2017,9,23,217,6614,118.0,51,7,3
6096,0,1550,1605,1829,251,1146,1975,12,34,166,5033,127.0,29,6,2
6097,0,1561,3216,3389,603,603,2009,7,12,47,7732,109.0,79,0,3
6098,1,1564,4303,7246,506,448,2016,12,0,102,7126,1.0,78,3,2
6099,0,1566,1290,349,47,1147,2002,8,39,319,4084,130.0,6,12,3
6101,0,1569,3236,6018,506,393,2016,11,15,332,4579,110.0,78,12,2
6102,1,1570,4303,7246,506,737,2018,9,0,99,3499,1.0,78,3,3
6103,0,1572,3021,1473,603,1103,2019,11,206,288,7063,88.0,79,10,0
6104,0,1574,2465,6282,719,1014,2010,7,9,60,4265,106.0,79,0,3
6105,0,1576,1477,1420,603,590,1993,12,211,309,2600,91.0,79,12,0
6106,0,1575,1211,5433,603,725,2018,11,6,185,8198,103.0,79,7,2
6107,1,1578,4303,3090,251,347,2012,12,0,292,6938,1.0,29,11,2
6108,0,1582,1690,6932,603,1092,1973,6,207,14,1134,89.0,79,0,0
6109,0,1584,1327,100,603,1147,2006,7,11,232,5645,108.0,79,7,3
6110,1,1585,4303,1888,506,437,2017,9,0,96,3121,1.0,78,3,3
6113,0,1589,771,1486,603,1050,2017,11,31,288,7081,124.0,79,10,2
6114,0,1593,1949,2130,589,459,2013,8,216,344,5291,96.0,78,12,0
6115,0,1594,2432,7107,231,398,2012,8,87,31,4891,172.0,22,0,3
6116,0,1596,3101,3621,183,279,2014,8,31,326,755,124.0,20,12,3
6117,0,1599,2711,4336,603,1147,2008,7,203,47,521,85.0,79,0,0
6118,1,1600,4303,5743,736,877,2015,11,208,394,2737,9.0,80,16,0
6119,1,1601,4303,6722,736,645,2016,11,185,394,5374,7.0,80,16,0
6120,1,1602,4303,1451,736,845,2017,11,196,393,6531,8.0,80,16,0
6121,1,1603,4303,7421,736,607,2016,11,0,394,690,1.0,80,16,2
6122,1,1604,4303,5744,736,600,2016,11,0,393,192,1.0,80,16,2
6124,1,1605,4303,3320,736,607,2016,11,0,394,7591,1.0,80,16,2
6125,0,1609,4166,6314,656,1147,2005,7,46,343,3103,137.0,79,12,3
6126,0,1622,2406,1254,603,1092,2007,7,211,20,759,91.0,79,0,0
6127,0,1626,4376,6840,251,474,2017,12,27,212,5247,120.0,29,7,2
6128,1,1628,4303,7246,603,1048,2017,9,0,234,5295,1.0,79,8,3
6129,1,1629,4303,978,603,1378,1999,11,0,234,7253,1.0,79,8,2
6130,0,1636,3773,5025,251,312,2016,9,23,199,7727,118.0,29,7,3
6131,0,1640,1300,2099,220,667,2015,8,15,319,8197,110.0,22,12,3
6132,0,1643,2239,5873,251,630,2008,9,19,326,5982,114.0,29,12,3
6133,0,1645,4498,33,94,1051,2016,8,17,344,8269,112.0,10,12,3
6135,1,1647,4303,6422,603,244,2016,9,162,472,5952,5.0,79,28,1
6136,1,1648,4303,5843,736,657,2018,9,0,409,3591,1.0,80,16,3
6137,0,1650,3545,7246,603,347,2017,12,212,274,2999,92.0,79,10,0
6138,0,1653,3408,243,251,564,2002,11,46,39,3743,137.0,29,0,2
6139,0,1655,858,511,518,740,2016,11,202,344,5260,84.0,78,12,0
6140,1,1656,4303,7246,603,817,2018,9,0,306,5148,1.0,79,11,3
6141,0,1658,1874,7246,129,426,2016,11,166,284,6518,52.0,16,10,0
6142,0,1659,3955,6072,603,685,2013,8,216,320,667,96.0,79,12,0
6143,0,1663,4316,5661,746,705,2014,11,17,353,4687,112.0,83,13,2
6144,0,1665,1397,1520,279,581,2017,8,210,289,3978,90.0,32,10,0
6146,0,1667,3131,5263,492,1085,2014,11,9,332,5971,106.0,75,12,2
6147,0,1670,3408,134,251,870,2008,9,21,38,3759,116.0,29,0,3
6148,0,1673,22,870,736,970,2014,9,217,326,6013,97.0,80,12,0
6149,1,1678,4303,3536,603,648,2018,11,0,446,4647,1.0,79,21,2
6150,0,1679,4030,5590,603,1478,1967,9,34,174,5255,127.0,79,6,3
6151,0,1682,2016,4365,58,413,2017,6,216,125,1367,96.0,10,4,0
6152,0,1681,499,7246,736,398,2016,11,157,281,3530,45.0,80,10,0
6153,0,1685,1578,1575,603,304,2009,6,4,121,3133,101.0,79,4,3
6154,0,1692,1761,6367,58,657,2018,9,206,344,7564,88.0,10,12,0
6155,1,1698,4303,1370,15,1064,2017,11,0,235,4415,1.0,1,8,2
6157,0,1701,2765,2855,603,131,2016,10,191,279,2991,75.0,79,10,0
6158,0,1707,3195,6322,656,1063,2004,8,17,318,4591,112.0,79,12,3
6159,0,1293,2304,5123,251,928,2016,11,15,199,2678,110.0,29,7,2
6160,1,1730,4303,819,162,843,2017,11,0,242,2853,1.0,20,8,2
6161,0,1743,305,1365,486,869,2000,7,27,54,1475,120.0,73,0,3
6162,0,1749,1104,2273,603,450,2017,8,210,345,3746,90.0,79,13,0
6163,0,1757,4496,5386,603,643,2013,8,200,274,32,82.0,79,10,0
6164,0,1778,704,614,251,551,2015,9,23,39,1044,118.0,29,0,3
6165,0,1780,1552,6468,492,916,2015,11,65,350,173,153.0,75,13,2
6166,0,1782,1377,2895,603,590,1989,6,22,309,3564,117.0,79,12,3
6168,1,1786,4303,756,506,589,1977,12,1,95,6801,10.0,78,3,2
6169,0,1787,3998,1961,603,818,2003,6,213,125,7850,93.0,79,4,0
6170,0,1788,223,4501,603,1053,2019,11,200,320,5304,82.0,79,12,0
6171,0,1789,3143,7410,2,238,2015,5,20,46,4467,115.0,0,0,3
6172,0,1790,2002,7074,251,657,2017,9,63,326,975,151.0,29,12,3
6173,0,1791,3371,7301,671,590,2015,11,6,319,666,103.0,79,12,2
6174,0,1792,1810,4780,603,528,2013,8,22,320,5841,117.0,79,12,3
6175,1,1796,4303,7514,15,508,2013,12,0,394,3629,1.0,1,16,2
6176,0,1797,1838,7515,213,658,2017,12,3,326,4719,100.0,22,12,2
6177,0,1804,3291,4723,212,314,2016,11,186,319,2087,70.0,22,12,0
6179,1,1806,4303,355,342,589,2016,11,0,241,655,1.0,44,8,2
6180,1,1811,4303,147,506,844,2012,11,110,99,7657,2.0,78,3,0
6181,0,1815,584,1659,603,295,2015,11,6,288,6922,103.0,79,10,2
6182,0,1816,3594,5666,603,1038,1997,7,11,0,8047,108.0,79,0,3
6183,0,1821,4303,7246,279,590,2015,12,3,322,4976,100.0,32,12,2
6184,0,1823,77,6017,251,504,2016,11,211,332,4703,91.0,29,12,0
6185,0,1825,178,3283,575,1076,2016,8,213,344,320,93.0,78,12,0
6186,0,1830,1433,1305,724,678,2015,8,18,332,8718,113.0,79,12,3
6187,0,1834,3330,175,251,1014,2003,11,21,353,6247,116.0,29,13,2
6188,1,1835,4303,1003,251,564,2015,11,0,420,4738,1.0,29,16,2
6190,0,1836,3172,2528,251,458,2016,9,28,326,1968,121.0,29,12,3
6191,0,1842,2101,1521,589,364,1991,5,17,175,2181,112.0,78,6,3
6192,1,1855,4303,5507,105,582,2017,11,0,244,315,1.0,12,8,2
6193,1,1859,4303,6442,483,589,2017,11,110,412,775,2.0,73,16,2
6194,0,1860,237,1822,603,525,2017,11,192,318,3761,76.0,79,12,0
6195,0,1861,1131,1932,354,916,2018,12,199,217,102,81.0,47,7,0
6196,0,1862,3052,1087,603,781,2015,8,15,274,4262,110.0,79,10,3
6197,0,1869,4220,7127,506,869,2018,11,210,185,1986,90.0,78,7,0
6198,0,1872,4118,2841,251,1146,2006,9,217,361,1152,97.0,29,14,0
6199,0,1874,941,3902,603,856,2018,9,204,344,1660,86.0,79,12,0
6201,0,1880,1051,1787,603,1209,2016,7,214,199,2586,94.0,79,7,0
6202,0,1882,4115,761,251,870,2016,9,201,199,416,83.0,29,7,0
6203,0,1883,695,5233,603,118,2012,15,155,125,8181,43.0,79,4,2
6204,0,1887,1770,484,58,1094,2011,12,212,230,3652,92.0,10,7,0
6205,0,1894,2995,1394,603,1337,2010,8,213,185,7809,93.0,79,7,0
6206,0,1891,1542,1495,603,933,2017,8,206,345,7505,88.0,79,13,0
6207,0,1898,824,1071,506,564,2017,11,167,374,5379,53.0,78,15,0
6208,1,1903,4303,1684,603,672,2017,11,138,234,3795,3.0,79,8,0
6209,1,1904,4303,5370,15,380,2016,11,0,244,2712,1.0,1,8,2
6210,0,1906,304,229,251,1149,2002,11,68,375,4187,156.0,29,15,2
6212,0,1909,2222,7109,603,336,2016,9,195,274,7027,79.0,79,10,0
6213,0,1917,1059,7167,603,709,2018,8,216,359,725,96.0,79,13,0
6214,0,1920,656,7246,149,140,2014,5,219,281,1555,99.0,17,10,0
6215,0,1924,791,2425,603,1253,2018,8,50,0,617,140.0,79,0,3
6216,0,1925,4134,1793,603,404,1992,8,177,470,4672,62.0,79,27,1
6217,0,1939,1343,7454,736,1178,2018,11,206,344,4479,88.0,80,12,0
6218,0,1940,3702,2950,603,619,2017,11,192,359,2131,76.0,79,13,0
6219,0,1946,2901,5077,150,1017,2017,9,219,52,705,99.0,18,0,0
6220,0,1947,809,7216,579,353,2016,8,217,513,3106,97.0,78,35,1
6221,0,1950,2790,2085,603,1046,2019,9,205,513,4490,87.0,79,35,1
6224,0,1951,3658,7211,160,358,2016,11,11,326,5527,108.0,19,12,2
6225,0,1952,825,414,58,1323,2017,11,214,358,5978,94.0,10,13,0
6226,1,1954,4303,5888,251,749,2017,12,0,376,7247,1.0,29,16,2
6227,0,1955,4054,807,251,518,2004,12,30,326,1977,123.0,29,12,2
6228,1,1956,4303,4889,603,518,2013,11,196,264,2911,8.0,79,8,0
6229,0,1957,1643,6342,251,1146,2007,9,35,25,7278,128.0,29,0,3
6230,0,1966,1538,4666,108,848,2018,9,41,55,3875,132.0,12,0,3
6231,0,1972,496,2980,506,396,2017,12,213,274,7052,93.0,78,10,0
6232,0,1973,4303,7246,506,495,2017,12,18,281,3586,113.0,78,10,2
6233,0,1974,516,4470,165,224,2015,5,216,326,2290,96.0,20,12,0
6235,0,1976,2390,5662,589,1146,2002,7,42,0,5696,133.0,78,0,3
6236,0,1984,2322,5916,251,590,2002,9,90,328,6687,176.0,29,12,3
6237,1,1990,4303,7246,603,1,2007,11,0,471,4549,1.0,79,28,1
6238,0,1991,1794,6776,603,1147,2010,7,20,185,6577,115.0,79,7,3
6239,1,1993,4303,7246,58,400,2016,10,0,300,7381,1.0,10,11,2
6240,0,2000,737,2729,239,694,1985,9,210,52,6049,90.0,26,0,0
6241,0,2004,4210,7089,603,504,2017,11,16,274,3709,111.0,79,10,2
6242,0,2007,505,3909,603,554,2017,9,205,513,2382,87.0,79,35,1
6243,0,2008,2998,6571,434,1094,2009,8,17,55,2093,112.0,66,0,3
6244,1,2009,4303,7246,736,1064,2017,11,0,114,4856,1.0,80,3,2
6246,0,2019,994,5451,685,1092,1965,7,112,179,1453,200.0,79,6,3
6247,0,2021,3203,5328,603,246,2016,11,213,344,306,93.0,79,12,0
6248,0,2033,3289,829,603,963,2019,12,210,121,1922,90.0,79,4,0
6249,0,2034,714,5108,603,865,2014,6,10,138,8553,107.0,79,4,3
6250,0,2036,599,5348,137,1061,2019,8,207,375,53,89.0,17,15,0
6251,0,2039,2529,1209,603,520,2015,9,201,211,4837,83.0,79,7,0
6252,0,2040,1754,6274,603,1198,2015,7,216,185,935,96.0,79,7,0
6253,0,2041,4280,3821,608,1093,2010,8,219,345,8741,99.0,79,13,0
6254,0,2042,4161,1744,162,1292,2015,11,215,34,6738,95.0,20,0,0
6255,0,2043,4161,1743,162,1292,2016,11,206,34,7656,88.0,20,0,0
6257,0,2044,4161,6988,162,1292,2017,9,214,34,7249,94.0,20,0,0
6258,0,2048,660,3789,506,850,2016,8,213,350,957,93.0,78,13,0
6259,0,2049,910,5956,506,314,2016,11,213,281,2107,93.0,78,10,0
6260,0,2050,2858,3854,603,336,2016,8,212,199,6117,92.0,79,7,0
6261,0,2053,2873,278,603,1147,1997,8,34,344,7741,127.0,79,12,3
6262,0,2056,291,3745,526,1424,2005,8,8,47,1089,105.0,78,0,3
6263,1,2058,4303,4906,603,869,2013,9,0,448,7127,1.0,79,21,3
6264,0,2067,4436,1217,239,684,1989,9,214,25,8380,94.0,26,0,0
6265,0,2068,1980,4872,603,875,2008,7,7,310,6103,104.0,79,12,3
6266,0,2070,2510,7246,603,527,2017,12,214,274,6578,94.0,79,10,0
6268,0,2074,558,4986,603,930,2003,6,200,125,8440,82.0,79,4,0
6269,0,2075,3787,929,179,963,2018,6,204,125,579,86.0,20,4,0
6270,0,2081,3520,6439,603,1147,1996,7,6,60,4540,103.0,79,0,3
6271,0,2082,837,3601,603,1147,2015,7,217,60,8107,97.0,79,0,0
6272,0,2083,1113,1441,603,1147,2000,6,202,60,7119,84.0,79,0,0
6273,0,2084,3187,7121,603,365,2017,7,218,60,8372,98.0,79,0,0
6274,0,2086,3392,7246,736,974,2018,13,183,121,2815,68.0,80,4,0
6275,1,2093,4303,4326,708,149,2016,9,0,461,632,1.0,79,23,1
6276,0,2094,1467,3146,603,657,2017,10,154,274,5402,42.0,79,10,0
6277,0,2095,4276,7246,212,495,2017,11,212,282,5512,92.0,22,10,0
6279,0,2107,3452,1923,215,518,2017,12,207,281,6881,89.0,22,10,0
6280,0,2111,4303,3619,603,832,2018,12,219,309,1406,99.0,79,12,0
6281,1,2115,4303,4992,603,891,2015,11,0,234,6782,1.0,79,8,2
6282,1,2122,4303,3787,630,290,2015,9,0,241,7717,1.0,79,8,3
6283,0,2123,74,6300,381,182,2014,9,213,319,1447,93.0,51,12,0
6284,0,2124,1152,7386,251,564,2003,9,75,39,8307,162.0,29,0,3
6285,0,2125,4279,2136,603,1063,2003,7,203,185,7165,85.0,79,7,0
6286,0,2138,1186,4921,506,844,2016,9,166,274,6913,52.0,78,10,0
6287,0,2144,953,6994,603,1063,2014,6,211,149,7851,91.0,79,4,0
6288,1,2145,4303,580,45,1234,2014,13,0,422,3128,1.0,6,17,2
6290,1,2146,4303,5430,506,294,2015,12,0,102,3398,1.0,78,3,2
6291,1,2147,4303,1524,736,737,2018,9,0,102,3993,1.0,80,3,3
6292,0,2149,340,1838,603,1378,2015,6,9,309,6060,106.0,79,12,3
6293,0,2152,4414,2093,603,1424,2010,7,212,230,7927,92.0,79,7,0
6294,1,2153,4303,4133,483,182,2009,11,0,393,8709,1.0,73,16,2
6295,0,2154,3648,3592,603,1043,2010,7,50,337,1765,140.0,79,12,3
6296,0,2158,621,1956,603,602,1983,11,184,470,3699,69.0,79,27,1
6297,0,2170,102,6559,251,722,2018,9,65,329,7584,153.0,29,12,3
6298,0,2174,1537,5615,251,495,2015,9,31,326,3334,124.0,29,12,3
6299,0,2177,4054,4022,251,577,2009,12,27,319,897,120.0,29,12,2
6301,0,2178,3953,6238,251,1014,2004,11,43,332,4276,134.0,29,12,2
6302,0,2213,3292,26,622,544,2012,8,8,0,1007,105.0,79,0,3
6303,1,2184,4303,3569,444,380,2013,5,138,391,3809,3.0,69,16,3
6304,1,2187,4303,4595,121,701,2008,11,0,241,5596,1.0,13,8,2
6305,1,2188,4303,1851,121,701,2010,11,0,241,3339,1.0,13,8,2
6306,1,2190,4303,6069,342,517,1979,12,0,153,3417,1.0,44,5,2
6307,0,2191,2730,5496,744,458,2017,9,24,281,6165,119.0,82,10,3
6308,1,2193,4303,4799,603,349,2010,9,0,458,5853,1.0,79,23,1
6309,0,2205,2142,7246,444,319,2017,9,9,281,6852,106.0,69,10,3
6310,1,2200,4303,1998,603,559,2017,11,110,399,5843,2.0,79,16,2
6312,0,2201,1266,7246,736,461,2016,12,195,136,5721,79.0,80,4,0
6313,0,2217,478,1227,354,700,2006,11,109,372,3910,196.0,47,15,2
6314,0,2230,1946,7246,506,351,2016,10,210,274,123,90.0,78,10,0
6315,0,2228,3804,43,603,1337,2019,8,12,341,8075,109.0,79,12,3
6316,0,2234,1246,5230,162,517,2014,9,213,281,7398,93.0,20,10,0
6317,0,2235,1615,7246,736,564,2015,11,212,281,5376,92.0,80,10,0
6318,0,2233,3040,7246,736,517,2016,12,161,281,3919,49.0,80,10,0
6319,0,2237,2018,5577,506,184,2015,12,5,274,6736,102.0,78,10,2
6320,0,2238,2828,6365,603,685,2016,11,200,359,1139,82.0,79,13,0
6321,0,2243,3514,1546,272,741,2016,12,190,326,4318,74.0,30,12,0
6323,0,2244,2997,941,15,542,2016,11,214,328,3501,94.0,1,12,0
6324,1,2245,4303,2756,603,801,2017,12,0,446,7535,1.0,79,21,2
6325,0,2247,2279,7246,63,518,2014,9,205,281,6879,87.0,10,10,0
6326,0,2248,1465,1600,603,1394,2006,7,11,230,7686,108.0,79,7,3
6327,1,2249,4303,4428,736,645,2018,11,0,399,7019,1.0,80,16,2
6328,0,2250,101,5194,251,1146,2002,9,63,319,1704,151.0,29,12,3
6329,1,2251,4303,5966,506,997,2016,9,0,96,6946,1.0,78,3,3
6330,0,2253,961,2955,603,1111,2012,8,12,0,5493,109.0,79,0,3
6331,1,2254,4303,5901,736,689,2018,11,0,253,6082,1.0,80,8,2
6332,0,2255,1054,2956,82,668,2013,8,211,363,7919,91.0,10,14,0
6335,0,2259,1856,2972,603,260,2016,9,213,274,6861,93.0,79,10,0
6336,0,2262,1764,7040,58,796,2018,11,203,322,1844,85.0,10,12,0
6337,0,2264,3541,1121,246,1478,1973,8,6,14,5833,103.0,26,0,3
6338,0,2267,1116,5285,677,762,2015,7,5,338,7588,102.0,79,12,3
6339,0,2269,2328,1408,603,966,2002,8,10,41,4430,107.0,79,0,3
6340,0,2277,4434,3047,394,1063,1990,11,206,199,2495,88.0,55,7,0
6341,0,2280,135,4417,2,668,1985,5,215,190,3110,95.0,0,7,0
6342,0,2282,2585,2279,342,256,2016,9,3,329,2360,100.0,44,12,3
6343,0,2284,4303,5845,251,590,2018,9,211,368,8472,91.0,29,15,0
6344,0,2287,4314,5951,302,1092,2018,8,15,327,2322,110.0,34,12,3
6346,1,2289,4303,853,736,1007,2019,12,0,376,6094,1.0,80,16,2
6347,0,2291,4232,6773,603,915,2007,6,216,128,4063,96.0,79,4,0
6348,0,2296,3215,4180,589,1147,1997,8,216,357,1663,96.0,78,13,0
6349,0,2298,3570,1920,603,1194,2019,11,218,325,1641,98.0,79,12,0
6350,0,2299,395,5626,454,964,2019,8,42,332,5081,133.0,69,12,3
6351,1,2301,4303,4676,506,398,2014,12,0,100,5297,1.0,78,3,2
6352,0,2307,1668,1712,603,1108,2001,7,5,232,2062,102.0,79,7,3
6353,0,2309,153,1882,506,678,2015,8,11,319,214,108.0,78,12,3
6354,1,2310,4303,7162,105,247,2011,9,0,393,6231,1.0,12,16,3
6355,1,2312,1722,944,736,410,2008,9,0,412,8748,1.0,80,16,3
6357,0,2313,4027,4094,603,1092,1996,8,42,0,8341,133.0,79,0,3
6358,0,2316,259,7246,370,161,2013,11,172,281,3594,58.0,50,10,0
6359,0,2317,2831,2968,603,871,2012,5,195,230,7749,79.0,79,7,0
6360,0,2318,291,6792,603,1063,2001,8,4,0,5301,101.0,79,0,3
6361,0,2323,2057,1810,603,1035,2019,9,199,38,5356,81.0,79,0,0
6362,1,2327,4303,5982,589,313,2006,11,110,117,4073,2.0,78,3,0
6363,0,2333,1507,1777,492,301,2010,11,219,217,210,99.0,75,7,0
6364,0,2334,1507,1778,492,301,2011,12,9,220,4256,106.0,75,7,2
6365,0,2335,1507,1779,492,301,2014,12,6,217,5188,103.0,75,7,2
6366,1,2336,4303,3890,492,242,2009,9,0,244,1428,1.0,75,8,3
6368,0,2338,513,1181,603,567,2017,11,212,230,5263,92.0,79,7,0
6369,0,2346,2715,1640,603,527,2017,11,207,318,7508,89.0,79,12,0
6370,1,2348,4303,7007,319,314,2009,11,0,80,8171,1.0,36,2,2
6371,1,2350,4303,2272,506,1010,2015,10,0,96,3657,1.0,78,3,3
6372,0,2352,3735,6214,251,551,2011,9,62,39,1424,150.0,29,0,3
6373,0,2353,780,418,603,1147,2019,9,198,185,3744,80.0,79,7,0
6374,0,2355,1477,1805,603,1092,1998,8,31,513,1241,124.0,79,35,1
6375,0,2361,3808,4083,212,930,2017,11,219,319,2335,99.0,22,12,0
6376,0,2365,1534,7246,251,235,2015,9,137,281,3710,29.0,29,10,0
6377,0,2368,2212,1801,603,1030,2019,9,211,513,8024,91.0,79,35,1
6379,0,2370,2956,6686,251,518,2014,5,5,319,6189,102.0,29,12,3
6380,0,2375,3833,192,150,964,2017,11,214,217,113,94.0,18,7,0
6381,1,2384,4303,760,736,666,2016,11,0,242,1429,1.0,80,8,2
6382,1,2393,1622,4689,506,589,2017,9,174,98,778,6.0,78,3,0
6383,0,2406,4146,3449,603,1092,1998,8,23,187,1099,118.0,79,7,3
6384,1,2402,4303,7246,251,358,2015,11,0,420,5727,1.0,29,16,2
6385,0,2411,3265,5754,603,419,2017,11,186,274,6327,70.0,79,10,0
6386,0,2426,3066,7170,603,1310,1971,3,96,178,6785,181.0,79,6,3
6387,0,2428,551,1571,368,103,2015,5,4,326,4386,101.0,49,12,3
6388,0,2431,2497,4446,506,182,2008,14,137,125,5770,29.0,78,4,2
6390,0,2432,378,1389,603,239,2016,12,212,274,4771,92.0,79,10,0
6391,1,2433,4303,5464,492,324,2015,9,110,242,4359,2.0,75,8,3
6392,0,2434,4255,4240,603,766,2017,11,214,274,5177,94.0,79,10,0
6393,0,2435,309,1339,272,746,2015,12,23,326,6595,118.0,30,12,2
6394,0,2437,1735,1823,603,1147,2000,8,218,272,1948,98.0,79,9,0
6395,0,2438,1013,366,621,1147,2003,8,210,359,5526,90.0,79,13,0
6396,0,2439,1735,4731,656,1147,2006,8,213,345,7894,93.0,79,13,0
6397,0,2446,1428,6316,306,308,2016,9,19,281,4140,114.0,34,10,3
6398,0,2451,3660,5801,251,923,2013,11,219,319,4072,99.0,29,12,0
6399,0,2457,390,4130,603,945,2018,9,216,230,7607,96.0,79,7,0
6401,0,2458,4013,2653,520,1038,2017,8,5,0,1106,102.0,78,0,3
6402,0,2465,3043,679,506,313,2016,11,210,350,1402,90.0,78,13,0
6403,0,2467,2213,7246,736,590,2017,9,161,289,4787,49.0,80,10,0
6404,0,2468,283,2637,603,737,2015,5,176,274,4113,61.0,79,10,3
6405,1,2470,4303,4383,736,800,2015,9,110,385,4858,2.0,80,16,3
6406,0,2472,1423,7246,499,1238,2019,9,175,284,7379,60.0,77,10,0
6407,0,2475,730,7047,239,1050,1982,8,7,52,8165,104.0,26,0,3
6408,1,2478,4303,690,603,672,2014,10,138,446,1185,3.0,79,21,1
6409,0,2481,2575,2499,86,258,2008,7,24,309,220,119.0,10,12,3
6410,0,2484,2263,195,150,970,2016,9,5,217,5472,102.0,18,7,3
6412,0,2488,1476,1058,603,684,2018,11,201,321,5599,83.0,79,12,0
6413,1,2491,4303,1359,435,987,2016,14,0,423,2408,1.0,67,17,2
6414,0,2493,2161,2260,239,683,1978,11,206,52,6534,88.0,26,0,0
6415,0,2494,411,796,505,777,2017,11,204,281,2639,86.0,77,10,0
6416,1,2499,4303,4922,736,448,2017,12,0,300,4878,1.0,80,11,2
6417,1,2501,4303,7543,603,459,2011,9,0,412,3563,1.0,79,16,3
6418,0,2502,2087,7246,444,379,2015,6,210,278,6888,90.0,69,10,0
6419,0,2503,4286,4005,603,1253,2010,8,43,309,6784,134.0,79,12,3
6420,0,2504,2635,7246,603,123,2015,12,212,274,2559,92.0,79,10,0
6421,0,2505,1038,6153,342,1015,2012,8,55,326,8045,145.0,44,12,3
6423,0,2507,2642,6052,506,1026,2019,11,215,185,7897,95.0,78,7,0
6424,0,2509,3495,3816,603,1038,2018,11,213,274,1357,93.0,79,10,0
6425,0,2511,1912,5570,603,568,1977,3,202,121,2787,84.0,79,4,3
6426,1,2513,4303,1110,603,817,2017,9,0,446,3915,1.0,79,21,3
6427,0,2514,2005,3659,506,495,2017,9,199,282,6856,81.0,78,10,0
6428,0,2515,1339,4261,603,1092,1956,3,218,19,932,98.0,79,0,3
6429,1,2517,4303,7246,506,294,2016,12,0,102,7001,1.0,78,3,2
6430,0,2521,2484,7246,45,685,2018,11,190,284,4691,74.0,6,10,0
6431,0,2522,2743,7246,560,355,2016,11,205,284,6558,87.0,78,10,0
6432,1,2524,4303,7246,506,438,2011,11,0,412,6351,1.0,78,16,2
6434,0,2527,2383,7246,603,1065,2011,6,216,274,1505,96.0,79,10,0
6435,0,2530,3828,7350,228,1478,2008,7,206,230,291,88.0,22,7,0
6436,1,2531,4303,3503,450,229,2016,11,0,241,2508,1.0,69,8,2
6437,0,2534,2873,2746,506,1014,1994,8,23,166,228,118.0,78,6,3
6438,0,2535,1477,662,656,900,2007,8,18,344,6340,113.0,79,12,3
6439,0,2539,3051,2504,614,448,2012,8,204,199,3241,86.0,79,7,0
6440,1,2547,4303,3879,603,1147,2003,12,13,159,3883,11.0,79,5,2
6441,0,2549,4281,331,603,1348,2018,11,211,199,3784,91.0,79,7,0
6442,0,2553,974,7349,603,1478,2007,6,20,125,6575,115.0,79,4,3
6443,0,2559,3917,3063,651,1147,1993,6,17,138,5613,112.0,79,4,3
6446,0,2565,2579,2336,698,504,2015,8,6,274,6317,103.0,79,10,3
6447,0,2566,3716,874,150,964,2016,11,21,217,8151,116.0,18,7,2
6448,0,2567,4390,7398,603,113,2015,11,188,318,2236,72.0,79,12,0
6449,0,2571,2092,1834,603,1200,2019,12,7,310,337,104.0,79,12,2
6450,1,2574,4303,7246,603,529,2017,12,151,297,6970,4.0,79,11,0
6451,0,2575,2597,3049,603,1147,2009,8,217,345,568,97.0,79,13,0
6452,0,2576,3915,403,212,605,2016,8,212,350,900,92.0,22,13,0
6453,1,2577,4303,3180,603,1147,2003,9,1,159,7050,10.0,79,5,3
6454,0,2583,2531,188,150,964,2017,9,213,127,1871,93.0,18,4,0
6455,0,2585,3305,3440,205,1373,2010,8,213,52,696,93.0,20,0,0
6457,0,2587,1562,5952,603,668,2016,6,219,284,3729,99.0,79,10,0
6458,1,2590,126,1699,601,111,2011,12,0,100,4062,1.0,78,3,2
6459,0,2591,4303,1699,601,111,2011,12,159,442,3155,47.0,78,19,1
6460,0,2592,4303,1699,601,111,2011,12,166,442,3020,52.0,78,19,1
6461,0,2593,852,4852,603,987,2008,8,217,318,5509,97.0,79,12,0
6462,0,2601,3796,3185,86,182,2015,12,206,144,1589,88.0,10,4,0
6463,0,2610,562,7246,603,518,2016,11,9,274,6877,106.0,79,10,2
6464,0,2612,2375,5279,746,1058,2019,11,217,39,8421,97.0,83,0,0
6465,0,2613,44,37,718,923,2017,11,206,344,5143,88.0,79,12,0
6466,0,2615,1604,983,603,883,2009,6,206,125,7823,88.0,79,4,0
6468,0,2631,1275,3556,46,772,2017,11,41,319,4428,132.0,6,12,2
6469,1,2633,4303,473,251,636,2018,9,0,412,7244,1.0,29,16,3
6470,0,2638,3220,7531,407,436,2013,9,11,326,6808,108.0,59,12,3
6471,1,2639,4303,3545,603,185,2016,12,110,475,4493,2.0,79,29,1
6472,0,2640,2476,5911,272,722,2017,12,16,329,6170,111.0,30,12,2
6473,1,2647,4303,4228,483,182,2009,11,0,410,2258,1.0,73,16,2
6474,1,2652,4303,5790,251,324,2014,12,0,403,7405,1.0,29,16,2
6475,0,2653,2671,4243,682,1027,2002,8,80,309,4641,167.0,79,12,3
6476,1,2660,4303,3684,319,222,2013,16,0,80,1803,1.0,36,2,2
6477,0,2662,1633,2082,272,744,2009,12,216,144,326,96.0,30,4,0
6479,0,2663,3635,2081,272,787,2011,12,215,144,1460,95.0,30,4,0
6480,0,2668,1592,2185,322,797,2016,11,10,359,3258,107.0,36,13,2
6481,0,2669,2549,3087,251,504,2016,11,23,326,85,118.0,29,12,2
6482,0,2670,3132,2168,251,657,2018,12,39,309,3219,130.0,29,12,2
6483,0,2671,4303,3818,603,542,2017,12,210,285,5107,90.0,79,10,0
6484,1,2677,4303,952,506,398,2015,12,0,100,4196,1.0,78,3,2
6485,1,2678,4303,952,506,398,2016,12,0,100,4195,1.0,78,3,2
6486,1,2680,4303,1710,470,153,2016,11,0,240,5485,1.0,70,8,2
6487,0,2682,985,1447,606,238,2003,6,205,125,5484,87.0,79,4,0
6488,1,2684,1499,1088,305,517,2011,13,0,433,8638,1.0,34,17,2
6490,0,2686,3012,3478,603,1160,2010,8,12,227,2142,109.0,79,7,3
6491,0,2690,809,3349,589,38,2014,6,6,125,7782,103.0,78,4,3
6492,1,2691,4303,5895,603,766,2017,11,0,260,5617,1.0,79,8,2
6493,0,2692,3263,6772,603,900,2008,7,15,20,8371,110.0,79,0,3
6494,0,2697,1020,1211,603,1092,2005,7,203,230,7281,85.0,79,7,0
6495,0,2700,3399,6842,251,1146,1990,9,76,39,3877,163.0,29,0,3
6496,0,2701,3475,6435,491,517,2017,11,3,345,8532,100.0,74,13,2
6497,0,2703,2200,4477,319,864,2013,11,172,5,8683,58.0,36,0,0
6498,0,2705,2652,5319,606,1394,2007,7,15,60,1981,110.0,79,0,3
6499,0,2707,2199,4476,319,864,2014,11,172,5,2513,58.0,36,0,0
6501,1,2708,4303,1104,603,1064,2012,9,0,446,7518,1.0,79,21,3
6502,0,2709,2199,4478,319,864,2013,9,170,5,3889,56.0,36,0,0
6503,0,2714,3169,5161,251,1146,1997,11,74,39,4048,161.0,29,0,2
6504,0,2715,3514,5289,272,722,2005,9,51,326,4928,141.0,30,12,3
6505,0,2717,4364,4256,603,1092,1958,3,20,167,4045,115.0,79,6,3
6506,0,2723,3684,2029,528,668,2012,7,210,318,8629,90.0,78,12,0
6507,0,2732,4405,7294,388,867,2013,9,6,217,5765,103.0,54,7,3
6508,0,2623,595,7246,603,313,2012,5,193,289,7006,77.0,79,10,0
6509,1,2750,4303,2676,736,410,2010,9,0,412,2149,1.0,80,16,3
6510,0,2758,1541,5569,603,851,2018,6,16,139,1697,111.0,79,4,3
6512,0,2761,1817,4359,603,756,2016,12,6,274,7250,103.0,79,10,2
6513,0,2762,1452,7356,108,505,2017,5,36,52,744,129.0,12,0,3
6514,0,2763,1541,3949,603,1225,2014,6,18,310,1096,113.0,79,12,3
6515,0,2764,2807,1697,603,791,2018,6,9,310,1608,106.0,79,12,3
6516,0,2765,1315,3538,506,613,2017,11,8,319,4403,105.0,78,12,2
6517,0,2771,1605,472,251,1146,1979,12,46,166,8148,137.0,29,6,2
6518,0,2773,4107,7246,319,474,2013,13,122,372,4621,22.0,36,15,2
6519,0,2774,2665,5668,589,1146,1995,7,39,0,5695,130.0,78,0,3
6520,0,2775,3710,6661,603,1301,2019,11,207,309,7826,89.0,79,12,0
6521,1,2776,4303,5216,603,765,2017,13,110,422,2799,2.0,79,17,2
6523,0,2777,1669,36,15,797,2016,8,15,513,4624,110.0,1,35,1
6524,0,2780,3605,240,251,1146,2006,9,58,217,2810,148.0,29,7,3
6525,1,2781,4303,4614,308,417,2016,11,110,244,5265,2.0,34,8,2
6526,0,2782,2638,4139,603,818,2018,8,3,360,2537,100.0,79,14,3
6527,1,2784,3001,2549,492,385,2015,9,0,416,845,1.0,75,16,3
6528,0,2789,766,5282,603,261,2016,8,210,211,3850,90.0,79,7,0
6529,0,2790,282,2170,603,315,2014,8,6,309,2516,103.0,79,12,3
6530,0,2791,4404,3734,603,1355,2019,11,191,199,4222,75.0,79,7,0
6531,0,2792,4120,187,150,977,2012,11,219,326,5979,99.0,18,12,0
6532,0,2796,1407,1741,655,960,2005,6,213,309,7661,93.0,79,12,0
6534,0,2797,1574,2985,723,432,2014,8,210,64,1121,90.0,79,0,0
6535,0,2803,2671,6043,603,1478,1990,8,55,174,3804,145.0,79,6,3
6536,0,2806,2134,6650,603,568,2017,11,215,318,2174,95.0,79,12,0
6537,0,2807,2785,6451,621,411,2011,8,212,233,8195,92.0,79,7,0
6538,0,2810,379,3210,718,924,2018,6,210,125,7235,90.0,79,4,0
6539,0,2813,3538,1991,729,1092,2001,8,46,200,4911,137.0,79,7,3
6540,1,2814,4303,1011,603,14,2012,9,174,506,551,6.0,79,31,1
6541,0,2816,2696,2582,647,1478,2003,8,218,359,1575,98.0,79,13,0
6542,0,2817,256,7345,251,458,2015,9,12,319,472,109.0,29,12,3
6543,0,2821,828,1481,228,1394,2008,8,22,309,831,117.0,22,12,3
6545,1,2823,4303,3945,506,1014,2017,9,110,104,4236,2.0,78,3,3
6546,1,2824,4303,7557,444,474,2013,12,138,391,7336,3.0,69,16,2
6547,0,2825,1643,6012,251,564,2013,11,213,219,5165,93.0,29,7,0
6548,0,2830,4116,2073,603,855,2017,11,171,211,4065,57.0,79,7,0
6549,0,2832,3421,3442,603,1092,1978,6,15,167,5054,110.0,79,6,3
6550,1,2833,4303,7101,506,788,2016,12,110,104,4855,2.0,78,3,2
6551,1,2836,4303,7246,506,448,2017,12,0,300,7125,1.0,78,11,2
6552,0,2843,1867,675,603,774,2015,8,215,359,2688,95.0,79,13,0
6553,0,2844,16,2789,368,518,2016,11,5,212,7240,102.0,49,7,2
6554,0,2853,2965,7246,603,590,2016,11,217,274,6339,97.0,79,10,0
6557,0,2856,1206,7246,603,251,2016,12,200,285,3646,82.0,79,10,0
6558,0,2866,323,7246,58,270,2015,12,210,284,7543,90.0,10,10,0
6559,1,2871,4303,7612,319,1147,2008,9,110,76,5576,2.0,36,2,3
6560,0,2876,1736,2536,506,1010,2015,10,171,281,4093,57.0,78,10,0
6561,0,3244,1227,2207,96,697,2015,11,211,217,8112,91.0,11,7,0
6562,0,3245,3825,1781,492,301,2013,11,3,217,8131,100.0,75,7,2
6563,0,3246,3825,1782,492,301,2013,9,4,217,4315,101.0,75,7,3
6564,1,2888,4303,7203,736,620,2016,11,110,409,7192,2.0,80,16,2
6565,0,2890,4303,4544,251,577,2010,9,47,200,6685,138.0,29,7,3
6566,0,2894,195,1157,492,593,2014,9,215,220,1477,95.0,75,7,0
6568,0,2898,54,5345,720,1147,2007,6,21,131,4325,116.0,79,4,3
6569,0,2883,3881,562,686,336,2009,7,22,6,6793,117.0,79,0,3
6570,0,2905,1626,3170,603,124,2015,9,180,60,8667,65.0,79,0,0
6571,0,2908,3766,595,251,564,2000,9,70,328,5237,158.0,29,12,3
6572,0,2909,1966,656,603,1111,1987,8,15,36,6457,110.0,79,0,3
6573,0,2912,112,2585,150,931,2017,9,195,217,7848,79.0,18,7,0
6574,0,2917,2000,279,603,1258,2017,8,219,513,625,99.0,79,35,1
6575,0,2918,1909,2689,603,702,2013,9,204,274,3923,86.0,79,10,0
6576,1,2921,4303,2745,603,1287,2015,11,138,508,6992,3.0,79,32,1
6577,0,2924,4191,2607,506,564,2017,10,47,366,4748,138.0,78,15,2
6579,1,2927,4303,6939,483,247,2013,9,0,393,2438,1.0,73,16,3
6580,0,2932,1915,4708,603,518,2017,11,211,346,5572,91.0,79,13,0
6581,0,2936,2488,4416,342,276,2014,5,195,220,3203,79.0,44,7,0
6582,1,2937,4303,6378,506,127,2016,11,110,97,8730,2.0,78,3,0
6583,1,2940,4303,6779,603,161,2015,11,0,488,756,1.0,79,30,1
6584,0,2945,3555,5236,506,430,2015,11,195,318,382,79.0,78,12,0
6585,0,2946,1639,6569,411,1337,2015,8,216,55,6069,96.0,59,0,0
6586,0,2951,4303,1450,736,1092,2005,9,169,289,5854,55.0,80,10,0
6587,0,2952,2009,3393,603,1063,2008,8,4,186,4111,101.0,79,7,3
6588,0,2953,942,3392,625,1147,2004,8,206,186,2898,88.0,79,7,0
6590,0,2955,926,2620,603,784,2015,9,215,274,6244,95.0,79,10,0
6591,1,2954,4303,2621,506,844,2014,9,0,96,4963,1.0,78,3,3
6592,0,2956,3620,3198,621,602,2010,10,205,125,4969,87.0,79,4,0
6593,1,2957,79,7246,338,458,2017,14,0,433,1464,1.0,42,17,2
6594,0,2959,3616,2636,603,257,2015,12,201,289,8618,83.0,79,10,0
6595,0,2958,2131,2635,603,336,2016,5,210,274,7022,90.0,79,10,0
6596,1,2960,4303,5764,603,97,2014,12,151,488,3575,4.0,79,30,1
6597,0,2966,973,6338,251,564,1999,12,63,22,763,151.0,29,0,2
6598,1,2973,4303,6230,272,417,2015,9,0,394,6174,1.0,30,16,3
6599,0,2979,2017,7246,603,519,2017,11,207,280,6956,89.0,79,10,0
6601,0,2980,581,2925,603,869,2018,11,219,346,7887,99.0,79,13,0
6602,0,2983,1136,666,15,844,2017,11,204,281,6917,86.0,1,10,0
6603,1,2985,4303,2076,86,73,2015,9,162,161,5861,5.0,10,5,0
6604,0,2986,269,3609,603,364,2016,11,203,359,2237,85.0,79,13,0
6605,0,2989,4019,2443,293,1198,2011,8,213,0,654,93.0,32,0,0
6606,0,2993,1033,4551,717,636,2015,7,207,274,6958,89.0,79,10,0
6607,0,2996,3346,7616,603,828,2018,8,207,359,8524,89.0,79,13,0
6608,0,2998,1168,2846,603,1046,2018,11,210,346,540,90.0,79,13,0
6609,0,2999,247,321,15,702,1998,11,7,320,7003,104.0,1,12,2
6610,0,3005,2217,3871,603,844,2017,9,10,274,6241,107.0,79,10,3
6612,0,3008,1004,6641,603,1146,2001,7,31,230,4892,124.0,79,7,3
6613,0,3010,777,808,603,518,2017,11,205,513,1041,87.0,79,35,1
6614,1,3015,4303,1693,58,648,2018,11,110,385,4652,2.0,10,16,2
6615,0,3016,1610,670,632,900,2016,6,214,121,7915,94.0,79,4,0
6616,1,3021,4303,994,621,773,2015,11,0,507,8475,1.0,79,32,1
6617,0,3023,4225,5304,603,714,2015,8,204,24,8143,86.0,79,0,0
6618,1,3024,4303,653,83,152,2016,9,162,254,3794,5.0,10,8,0
6619,0,3025,1000,3148,603,818,2016,8,5,318,4425,102.0,79,12,3
6620,0,3026,1487,6107,603,788,2004,7,29,33,7017,122.0,79,0,3
6621,0,3036,3948,3342,603,681,2013,8,33,338,5240,126.0,79,12,3
6623,0,3038,783,1794,603,931,2018,9,205,309,1347,87.0,79,12,0
6624,0,3040,3320,466,251,1146,1976,9,68,22,6478,156.0,29,0,3
6625,0,3041,3578,4408,603,380,2016,11,217,345,8321,97.0,79,13,0
6626,0,3046,847,6923,241,684,1997,11,207,52,931,89.0,26,0,0
6627,1,3052,4303,4151,134,959,2018,11,110,412,401,2.0,17,16,2
6628,0,3057,4196,4444,603,1330,2017,11,206,0,8506,88.0,79,0,0
6629,1,3058,4303,2767,435,350,2015,14,0,378,5720,1.0,67,16,2
6630,0,3061,3863,5735,251,564,2010,9,216,353,8710,96.0,29,13,0
6631,0,3062,2446,7409,105,415,2016,9,7,375,8482,104.0,12,15,3
6632,0,3078,3780,7246,15,270,2015,9,198,283,3622,80.0,1,10,0
6634,1,3080,4303,1694,58,1121,2016,12,138,446,5559,3.0,10,21,1
6635,1,3081,4303,4919,603,208,1988,12,162,498,7611,5.0,79,31,1
6636,1,3086,4303,5964,506,398,2016,9,138,97,3808,3.0,78,3,0
6637,0,3089,2478,3432,506,313,2015,12,215,274,6835,95.0,78,10,0
6638,0,3091,1848,4564,271,495,2010,11,217,353,4461,97.0,29,13,0
6639,1,3092,4303,309,2,255,2015,11,0,241,6983,1.0,0,8,2
6640,0,3095,4377,7380,251,684,2017,9,23,326,6602,118.0,29,12,3
6641,1,3097,4303,7246,15,997,2016,12,0,99,7652,1.0,1,3,2
6642,0,3099,303,7468,603,1147,2005,7,23,230,6137,118.0,79,7,3
6643,0,3102,914,7246,506,173,2016,12,156,289,4204,44.0,78,10,0
6645,0,3103,901,7246,162,474,2017,9,168,281,7397,54.0,20,10,0
6646,0,3105,409,118,380,380,2015,12,85,329,7205,170.0,51,12,2
6647,1,3108,4303,4506,603,398,2016,13,0,422,4205,1.0,79,17,2
6648,0,3109,196,1258,492,301,2006,11,23,200,7442,118.0,75,7,2
6649,0,3111,2993,6174,15,173,2015,11,35,327,4327,128.0,1,12,2
6650,0,3119,346,4488,678,168,2016,11,9,207,3407,106.0,79,7,2
6651,0,3125,4410,7246,603,182,2016,5,6,274,2338,103.0,79,10,3
6652,0,3126,3067,712,488,682,2008,9,212,205,3805,92.0,74,7,0
6653,0,3127,3067,4057,488,682,2010,11,5,205,7534,102.0,74,7,2
6654,0,3128,3405,6807,251,613,2017,9,33,326,4648,126.0,29,12,3
6656,0,3136,317,5518,736,1076,2019,12,189,319,3253,73.0,80,12,0
6657,0,3140,541,3759,603,1063,2011,7,16,337,3249,111.0,79,12,3
6658,0,3141,541,7010,603,592,2018,7,3,309,3217,100.0,79,12,3
6659,0,3145,2860,2654,603,768,2011,6,204,125,3901,86.0,79,4,0
6660,0,3149,4042,5187,251,709,2018,9,215,127,790,95.0,29,4,0
6661,0,3151,1689,4876,603,771,2018,6,195,309,8032,79.0,79,12,0
6662,0,3152,617,2433,706,1132,2017,9,199,284,6665,81.0,79,10,0
6663,1,3153,4303,5495,488,656,2015,11,138,394,4171,3.0,74,16,0
6664,0,3154,173,1633,621,1014,2013,8,27,316,1507,120.0,79,12,3
6665,1,3157,4303,3281,506,1064,2016,9,0,100,3321,1.0,78,3,3
6669,0,3158,442,3723,251,911,2013,9,203,350,5513,85.0,29,13,0
6670,0,3163,2675,7246,291,257,2016,9,216,281,3727,96.0,32,10,0
6671,0,3164,1266,7246,736,539,2017,12,211,281,8672,91.0,80,10,0
6672,0,3166,3779,1410,603,693,2017,8,43,309,1619,134.0,79,12,3
6673,0,3167,2814,1552,603,122,2016,5,213,185,7563,93.0,79,7,0
6674,0,3172,2738,5128,506,409,2016,11,200,211,7994,82.0,78,7,0
6675,0,3173,110,566,603,1108,2007,7,206,233,2453,88.0,79,7,0
6676,1,3175,4303,4465,38,304,2017,9,0,244,2947,1.0,5,8,3
6677,0,3177,1752,4626,395,1063,1975,11,216,176,785,96.0,55,6,0
6678,0,3179,1403,107,603,836,2018,6,217,125,4997,97.0,79,4,0
6680,0,3185,2654,2437,621,1260,2012,7,4,359,5382,101.0,79,13,3
6681,0,3187,3730,7628,621,521,2016,9,206,274,3585,88.0,79,10,0
6682,0,3189,4509,6660,424,392,2016,9,202,212,2833,84.0,64,7,0
6683,0,3194,4231,2408,718,542,2017,12,15,288,4964,110.0,79,10,2
6684,0,3195,3617,3284,603,358,2000,6,8,125,6408,105.0,79,4,3
6685,0,3198,2230,2181,350,1092,2017,7,21,185,8095,116.0,44,7,3
6686,0,3199,2442,969,603,1092,1997,8,214,185,3320,94.0,79,7,0
6687,0,3201,1871,7246,84,105,2015,5,15,281,4617,110.0,10,10,3
6688,1,3205,4303,7246,736,722,2018,11,0,104,5815,1.0,80,3,2
6689,0,3206,1905,7496,603,590,1995,7,21,337,240,116.0,79,12,3
6691,0,3210,653,7246,603,173,2016,12,165,274,7167,51.0,79,10,0
6692,0,3212,221,2920,251,518,2012,9,6,326,1000,103.0,29,12,3
6693,0,3216,3697,2329,603,1282,2009,7,201,60,6783,83.0,79,0,0
6694,0,3218,3939,6255,251,518,1999,10,90,328,999,176.0,29,12,2
6695,0,3221,3374,260,251,465,2006,12,59,367,7524,149.0,29,15,2
6696,1,3223,4303,2241,380,235,2011,12,0,394,7323,1.0,51,16,2
6697,0,3224,1118,1918,506,649,2014,11,195,347,8461,79.0,78,13,0
6698,0,3226,2237,6770,58,1147,2010,8,217,0,7597,97.0,10,0,0
6699,0,3229,2033,6284,711,1082,2015,8,211,49,619,91.0,79,0,0
6700,1,3231,4303,7465,506,844,2015,9,0,99,4434,1.0,78,3,3
6702,1,3232,4303,7605,682,518,2011,14,110,422,609,2.0,79,17,2
6703,0,3233,2707,6142,603,247,2016,11,203,213,3658,85.0,79,7,0
6704,0,3234,2707,6143,603,693,2018,11,203,213,7790,85.0,79,7,0
6705,0,3237,854,7002,603,1119,2005,8,22,321,878,117.0,79,12,3
6706,1,3240,4303,2762,736,587,2018,9,110,378,5096,2.0,80,16,3
6707,0,3243,1356,7523,2,362,2016,11,202,353,1388,84.0,0,13,0
6708,0,3249,3111,3583,259,872,2010,11,9,319,3843,106.0,29,12,2
6709,0,3251,511,7251,506,448,2016,6,10,289,5361,107.0,78,10,3
6710,0,3253,2681,3242,603,354,2017,9,218,274,7058,98.0,79,10,0
6711,0,3255,2367,4659,603,900,2018,9,168,274,7256,54.0,79,10,0
6713,1,3256,4303,2426,342,296,2016,9,0,399,2636,1.0,44,16,3
6714,0,3259,1279,2223,105,427,2016,9,48,200,7347,139.0,12,7,3
6715,0,3263,55,7246,113,270,2015,5,206,281,79,88.0,12,10,0
6716,0,3264,3622,6801,506,808,2018,8,213,0,1895,93.0,78,0,0
6717,0,3267,811,3438,603,1049,2016,8,211,36,4146,91.0,79,0,0
6718,0,3273,1115,6377,603,891,2011,7,207,185,4722,89.0,79,7,0
6719,0,3274,2603,7246,736,843,2017,9,9,135,3506,106.0,80,4,3
6720,0,3275,2762,5713,488,713,2014,9,21,220,3206,116.0,74,7,3
6721,0,3298,2229,1691,532,918,2016,8,3,318,8459,100.0,78,12,3
6722,0,3288,590,1022,603,1082,2015,7,216,199,2036,96.0,79,7,0
6724,0,3296,4007,2876,603,448,2013,6,24,313,8039,119.0,79,12,3
6725,1,3294,4303,528,603,1046,2019,11,110,487,5185,2.0,79,30,1
6726,0,3310,591,1687,71,448,2016,11,11,284,7031,108.0,10,10,2
6727,0,3311,2371,1903,108,534,2014,8,7,55,3841,104.0,12,0,3
6728,0,3312,3667,960,251,518,2010,9,31,220,1706,124.0,29,7,3
6729,1,3313,4303,908,603,801,2014,12,0,452,3029,1.0,79,21,2
6730,0,3318,4252,3401,643,1038,2008,6,205,121,4266,87.0,79,4,0
6731,0,3324,1787,2800,603,13,2013,5,191,470,8,75.0,79,27,1
6732,0,3327,2173,1963,656,1125,2009,6,11,133,8676,108.0,79,4,3
6733,0,3330,4394,4323,162,964,1974,17,6,329,6795,103.0,20,12,2
6735,1,3336,4303,3033,483,247,2012,9,0,393,2291,1.0,73,16,3
6736,0,3346,4124,4080,603,579,2017,8,6,36,803,103.0,79,0,3
6737,0,3348,1941,4579,593,524,2017,7,207,353,8613,89.0,78,13,0
6738,0,3361,440,2577,492,301,2014,9,6,329,4076,103.0,75,12,3
6739,0,3362,1213,6416,418,760,2019,11,207,60,8121,89.0,62,0,0
6740,0,3363,4052,6015,251,319,2017,11,24,329,718,119.0,29,12,2
6741,0,3364,2023,2444,589,564,2017,8,9,513,268,106.0,78,35,1
6742,0,3365,1166,7246,704,426,2015,11,210,274,4674,90.0,79,10,0
6743,0,3366,571,7396,603,850,2018,6,23,125,7738,118.0,79,4,3
6744,0,3303,3739,2666,251,283,2014,5,215,319,706,95.0,29,12,0
6746,1,3367,4303,4330,506,294,2015,12,0,102,8545,1.0,78,3,2
6747,0,3370,4020,2626,603,818,2008,7,30,13,4925,123.0,79,0,3
6748,0,3371,4020,2633,603,818,1989,7,34,8,1504,127.0,79,0,3
6749,0,3372,4020,2628,603,818,1981,6,21,8,7748,116.0,79,0,3
6750,0,3373,4020,2629,603,818,1984,6,24,8,4926,119.0,79,0,3
6751,0,3374,1989,5027,603,270,2016,11,219,344,1686,99.0,79,12,0
6752,0,3376,1695,6064,603,706,2013,6,210,274,3799,90.0,79,10,0
6753,0,3377,2470,7246,506,590,2016,12,210,281,5010,90.0,78,10,0
6754,0,3378,3345,1051,228,1006,2009,8,65,0,64,153.0,22,0,3
6755,0,3387,1621,1073,227,987,2008,6,9,13,7608,106.0,22,0,3
6757,0,3390,2148,252,251,564,2005,9,51,39,530,141.0,29,0,3
6758,1,3394,4303,7246,506,722,2017,11,0,100,3521,1.0,78,3,2
6759,1,3396,4303,7246,603,987,2015,9,0,234,5362,1.0,79,8,3
6760,1,3397,4303,7246,296,841,2017,9,0,292,4766,1.0,33,11,3
6761,1,3402,4303,7246,506,817,2018,11,0,446,6001,1.0,78,21,2
6762,0,3404,1232,2180,342,1147,2013,7,29,200,7603,122.0,44,7,3
6763,1,3405,4303,2776,58,391,2007,11,110,262,3004,2.0,10,8,2
6764,0,3407,2793,6558,603,169,2016,9,205,185,3691,87.0,79,7,0
6765,0,3413,3182,2036,58,770,2015,8,5,330,4667,102.0,10,12,3
6766,0,3427,4258,3716,319,426,2004,12,206,5,2104,88.0,36,0,0
6768,0,3428,4258,3713,319,426,2003,9,219,5,6407,99.0,36,0,0
6769,0,3426,4258,3717,319,426,2002,9,219,5,8649,99.0,36,0,0
6770,0,3430,828,5109,603,1092,2009,7,43,343,2031,134.0,79,12,3
6771,0,3433,715,7246,58,830,2018,12,211,274,2497,91.0,10,10,0
6772,0,3434,1992,5153,429,542,2017,11,206,319,2675,88.0,66,12,0
6773,0,3439,2955,6622,251,564,2006,14,34,319,138,127.0,29,12,2
6774,0,3440,2203,6662,251,577,2010,9,46,200,2845,137.0,29,7,3
6775,0,3442,1697,2992,603,1003,2018,9,193,289,956,77.0,79,10,0
6776,0,3445,2403,151,603,30,2014,6,187,149,8448,71.0,79,4,0
6777,1,3446,4303,153,95,1337,2011,14,110,422,6345,2.0,10,17,2
6780,0,3454,4311,6821,251,564,2015,9,39,329,1446,130.0,29,12,3
6781,1,3458,4303,7246,506,294,2014,12,0,294,2160,1.0,78,11,2
6782,1,8804,4303,6627,435,554,2015,11,0,380,3812,1.0,67,16,2
6783,0,3460,2560,5709,251,564,2013,11,50,328,7589,140.0,29,12,2
6784,0,3462,303,4021,603,1108,1995,6,4,125,6429,101.0,79,4,3
6785,0,3466,1662,6206,736,932,2012,9,4,219,7817,101.0,80,7,3
6786,0,3468,2605,1607,444,122,2015,11,211,220,7740,91.0,69,7,0
6787,0,3470,1523,4527,150,964,2017,9,202,219,7501,84.0,18,7,0
6788,0,3473,4502,396,603,132,2014,5,206,289,7159,88.0,79,10,0
6789,0,8806,4479,7236,736,709,2018,14,183,121,5353,68.0,80,4,0
6791,0,3482,3883,6248,251,1146,2006,9,76,329,7295,163.0,29,12,3
6792,0,3491,2694,5470,165,276,2013,6,213,148,3459,93.0,20,4,0
6793,0,3492,1549,7246,58,1000,2018,11,204,289,5590,86.0,10,10,0
6794,1,3486,4029,2773,678,11,2016,11,0,244,5110,1.0,79,8,2
6795,0,3493,3345,5506,603,1014,1997,8,66,344,8097,154.0,79,12,3
6796,0,3495,1128,1331,746,742,2015,9,212,200,687,92.0,83,7,0
6797,0,3504,2518,5265,251,1146,2009,9,41,326,4918,132.0,29,12,3
6798,0,3508,4303,4829,736,402,2014,13,122,442,5022,22.0,80,19,2
6799,0,3509,1438,5736,251,458,2013,9,41,319,514,132.0,29,12,3
6800,0,3510,3039,4231,251,627,2012,9,214,319,8406,94.0,29,12,0
6802,0,3513,444,744,380,436,2016,9,41,200,1531,132.0,51,7,3
6803,1,3520,4303,6919,319,336,2008,10,0,402,3650,1.0,36,16,2
6804,0,3528,2261,3065,603,818,2001,8,8,186,5031,105.0,79,7,3
6805,0,3530,1752,4661,394,1063,1973,11,217,329,7385,97.0,55,12,0
6806,1,3549,4303,335,603,1465,2019,10,110,446,2118,2.0,79,21,1
6807,0,3551,4383,3214,603,132,2015,7,12,274,6585,109.0,79,10,3
6808,1,3552,4303,6656,603,412,2008,9,110,156,5020,2.0,79,5,3
6809,0,3557,828,3421,603,818,2014,8,43,335,1521,134.0,79,12,3
6810,0,3559,1424,2740,294,900,2018,9,167,277,4235,53.0,32,10,0
6811,0,3560,648,3266,603,613,2016,11,202,285,6698,84.0,79,10,0
6813,1,3563,4303,7232,251,358,2009,9,0,412,4370,1.0,29,16,3
6814,0,3575,1911,3304,603,1092,1973,8,5,288,5047,102.0,79,10,3
6815,1,3582,4303,7246,407,900,2017,14,0,422,4451,1.0,59,17,2
6816,0,3585,983,3323,603,963,2011,6,195,274,6925,79.0,79,10,0
6817,0,3586,3363,5807,736,1146,1960,9,96,39,3558,181.0,80,0,3
6818,0,3598,1954,7246,506,314,2017,9,210,283,3971,90.0,78,10,0
6819,0,3602,397,7246,251,178,2005,9,195,281,7435,79.0,29,10,0
6820,0,3604,286,6977,603,931,2012,7,42,60,5597,133.0,79,0,3
6821,0,3605,80,5192,251,1146,2013,11,32,375,108,125.0,29,15,2
6822,0,3608,4303,3422,736,542,2017,11,198,288,4260,80.0,80,10,0
6824,0,3620,539,651,603,915,2018,11,4,323,7550,101.0,79,12,2
6825,1,3621,4204,1955,506,180,2015,9,0,119,4283,1.0,78,3,3
6826,0,3622,224,1765,251,518,2017,11,44,52,6732,135.0,29,0,2
6827,1,3628,4303,2013,96,307,2015,11,0,400,1930,1.0,11,16,2
6828,1,3629,4303,720,342,267,2016,9,0,400,5084,1.0,44,16,3
6829,0,3634,973,6254,251,1146,1997,9,42,220,6015,133.0,29,7,3
6830,0,3636,1985,3500,603,1020,2011,6,211,125,4793,91.0,79,4,0
6831,0,3637,4072,7246,736,722,2017,9,166,274,3762,52.0,80,10,0
6832,0,3638,3059,4866,603,1478,2009,7,30,197,4810,123.0,79,7,3
6833,1,3641,4303,2023,603,89,2014,13,110,422,5669,2.0,79,17,2
6835,0,3644,3682,572,603,1424,2011,7,18,230,1688,113.0,79,7,3
6836,0,3646,3281,485,603,869,2005,8,10,199,7819,107.0,79,7,3
6837,0,3648,2345,5004,606,1014,2015,7,35,60,1415,128.0,79,0,3
6838,0,3653,3597,625,229,1038,2005,7,214,230,8712,94.0,22,7,0
6839,0,3661,1997,6753,239,708,1992,9,215,25,6130,95.0,26,0,0
6840,0,3662,2013,3655,603,518,2011,3,9,288,6344,106.0,79,10,3
6841,1,3667,4303,1565,319,222,2012,11,0,77,1394,1.0,36,2,2
6842,0,3668,2192,2630,547,1109,2002,7,47,36,5537,138.0,78,0,3
6843,1,3743,4303,2551,492,242,2013,9,0,242,252,1.0,75,8,3
6844,0,3679,3734,2736,251,375,2017,9,48,326,6567,139.0,29,12,3
6846,0,3681,2305,3328,251,564,2015,12,41,329,6212,132.0,29,12,2
6847,0,3685,4198,449,251,1146,1981,9,88,39,5017,173.0,29,0,3
6848,0,3686,1887,7075,251,684,2017,12,8,326,2229,105.0,29,12,2
6849,0,3687,3134,5829,251,504,2016,11,58,39,4712,148.0,29,0,2
6850,0,3693,642,7552,251,474,2016,9,27,329,8528,120.0,29,12,3
6851,0,3695,3591,4284,646,448,2014,6,203,138,1269,85.0,79,4,0
6852,0,3697,3311,2705,251,465,2010,9,18,328,903,113.0,29,12,3
6853,0,3701,3638,7082,506,619,2016,11,219,513,936,99.0,78,35,1
6854,0,3704,1079,4023,251,564,2017,9,153,319,1001,41.0,29,12,0
6855,0,3710,4303,6565,251,564,2017,9,15,353,365,110.0,29,13,3
6857,0,3721,3766,2706,251,465,2008,9,46,367,8166,137.0,29,15,3
6858,0,3725,1723,4826,603,1147,2001,7,23,230,911,118.0,79,7,3
6859,0,3728,3676,2234,251,1146,1982,12,50,199,5969,140.0,29,7,2
6860,0,3736,215,3827,603,671,2006,5,203,470,5630,85.0,79,27,1
6861,0,3740,4366,5700,251,657,2017,9,21,326,7924,116.0,29,12,3
6862,0,3741,705,4543,251,518,2005,9,42,200,8695,133.0,29,7,3
6863,1,3747,2221,6280,603,287,1990,9,0,291,5112,1.0,79,11,3
6864,1,3748,2221,7246,603,287,2014,12,0,291,2705,1.0,79,11,2
6865,1,3749,4303,5633,603,302,1996,12,0,291,4197,1.0,79,11,2
6866,0,3756,2410,3936,603,737,2011,8,207,470,6153,89.0,79,27,1
6868,0,3757,2410,3936,603,666,2013,8,191,470,5688,75.0,79,27,1
6869,0,3758,3848,3936,603,737,2010,11,182,470,8605,67.0,79,27,1
6870,0,3763,2460,3953,603,818,2017,11,210,285,5273,90.0,79,10,0
6871,1,3765,4303,2268,380,1014,2017,9,0,240,1655,1.0,51,8,3
6872,0,3766,4034,6339,251,564,1993,9,85,39,918,170.0,29,0,3
6873,1,3767,4303,5819,251,613,2018,9,0,243,3957,1.0,29,8,3
6874,1,3769,4303,7231,251,314,2013,9,0,412,6598,1.0,29,16,3
6875,0,3773,1082,701,251,685,2006,9,31,200,279,124.0,29,7,3
6876,1,3774,4303,7332,251,577,2011,9,0,244,3666,1.0,29,8,3
6877,0,3775,1605,788,251,1146,1980,12,27,164,1118,120.0,29,6,2
6879,0,3776,4066,2227,251,564,2003,9,69,219,8495,157.0,29,7,3
6880,0,3777,4043,6016,251,930,2018,9,31,319,29,124.0,29,12,3
6881,0,3779,1092,285,603,610,2017,8,15,0,6132,110.0,79,0,3
6882,0,3780,1990,284,603,228,2016,11,210,0,1667,90.0,79,0,0
6883,0,3781,3051,3531,603,1094,1995,8,217,215,1819,97.0,79,7,0
6884,0,3784,3208,6067,388,872,2015,9,11,331,4085,108.0,54,12,3
6885,0,3786,902,3302,357,432,2015,8,215,39,8142,95.0,47,0,0
6886,1,3789,4303,2792,736,1147,2010,13,110,422,1301,2.0,80,17,2
6887,0,3790,3345,7239,686,1147,2003,8,16,0,2282,111.0,79,0,3
6888,0,3791,3345,7238,603,1147,2004,8,46,0,6387,137.0,79,0,3
6891,0,3792,4015,7270,506,288,2016,11,3,51,5524,100.0,78,0,2
6892,0,3793,1348,3128,162,930,2015,9,167,281,3982,53.0,20,10,0
6893,0,3795,3210,7113,603,283,2016,11,205,0,5724,87.0,79,0,0
6894,0,3797,2028,5896,603,1356,2011,8,9,38,7153,106.0,79,0,3
6895,0,3802,3979,2491,603,1225,1988,7,204,188,2238,86.0,79,7,0
6896,0,3805,3549,3793,603,1478,2010,7,3,27,1687,100.0,79,0,3
6897,0,3808,420,6891,247,577,2016,11,6,39,7592,103.0,27,0,2
6898,0,3809,3196,1714,506,869,2014,8,12,325,5544,109.0,78,12,3
6899,0,3812,1273,1299,603,161,2015,5,199,318,2133,81.0,79,12,0
6900,0,3816,1837,655,621,1092,2005,7,218,20,1313,98.0,79,0,0
6902,1,3820,4000,7246,736,737,2018,12,0,102,5311,1.0,80,3,2
6903,0,3821,3242,7508,603,1147,1996,7,19,194,1567,114.0,79,7,3
6904,0,3822,1055,2581,166,763,2017,8,205,309,483,87.0,20,12,0
6905,0,3827,17,3711,251,474,2015,12,41,217,727,132.0,29,7,2
6906,0,3833,1378,5107,603,1147,1997,8,21,513,455,116.0,79,35,1
6907,1,3832,4303,4142,736,954,2016,9,0,394,1638,1.0,80,16,3
6908,1,3837,4303,3331,506,1064,2017,9,0,104,2940,1.0,78,3,3
6909,0,3676,4440,7662,338,417,2013,9,212,209,432,92.0,42,7,0
6910,1,3841,4303,6199,319,1119,2015,11,110,80,604,2.0,36,2,0
6911,0,3843,1161,3849,631,1424,2015,8,219,359,334,99.0,79,13,0
6913,0,3844,1326,7412,603,313,1945,9,178,173,7173,63.0,79,6,0
6914,0,3845,162,5315,719,1063,2009,7,28,467,2215,121.0,79,24,1
6915,0,3850,2035,1785,506,294,2016,10,170,274,8666,56.0,78,10,0
6916,1,3853,4303,7246,736,552,2014,12,0,292,3529,1.0,80,11,2
6917,0,3854,1902,5746,572,925,2012,7,216,39,8581,96.0,78,0,0
6918,0,3860,1488,6351,251,1146,1972,9,20,369,1091,115.0,29,15,3
6919,0,3862,1528,6747,373,250,2014,11,22,223,8190,117.0,50,7,2
6920,0,3863,4303,1579,736,432,2009,14,172,121,1182,58.0,80,4,0
6921,0,3864,2937,1580,736,432,2013,14,177,121,2262,62.0,80,4,0
6922,0,3865,2937,1581,736,432,2016,13,180,121,182,65.0,80,4,0
6924,0,3866,4181,1579,736,432,2012,14,176,121,4914,61.0,80,4,0
6925,0,3867,4181,6960,251,487,2017,14,180,121,4917,65.0,29,4,0
6926,0,3868,4181,5999,736,432,2017,14,180,121,181,65.0,80,4,0
6927,0,3869,4303,1579,736,432,2010,14,172,121,2456,58.0,80,4,0
6928,0,3870,2937,1579,736,432,2013,14,175,121,6503,60.0,80,4,0
6929,0,3871,4271,4055,603,770,2015,8,199,318,1529,81.0,79,12,0
6930,1,3872,4303,7278,736,994,2019,14,0,422,3981,1.0,80,17,2
6931,0,3875,3088,2572,603,88,2013,5,203,345,5611,85.0,79,13,0
6932,0,3877,4423,6128,603,818,2017,8,213,197,646,93.0,79,7,0
6933,0,3880,3456,1767,251,1146,2017,11,33,319,1506,126.0,29,12,2
6935,0,3883,3980,6757,243,1225,2004,8,219,21,6092,99.0,26,0,0
6936,0,3884,295,1940,350,684,2010,14,195,125,6068,79.0,44,4,0
6937,0,3887,4187,2882,603,10,2010,12,133,125,2594,26.0,79,4,0
6938,0,3889,3963,2913,110,452,2017,12,10,25,7531,107.0,12,0,2
6939,0,3891,4065,5169,736,684,2017,9,42,329,1479,133.0,80,12,3
6940,0,3895,3016,4091,506,824,1998,8,215,288,7021,95.0,78,10,0
6941,1,3896,4303,4112,492,242,2014,9,0,394,96,1.0,75,16,3
6942,0,3897,4489,893,492,301,2012,11,3,200,7993,100.0,75,7,2
6943,0,3898,2322,5714,251,590,2000,12,59,329,1462,149.0,29,12,2
6944,0,3902,1074,4101,603,574,2017,11,166,443,5059,52.0,79,20,1
6946,0,3904,3718,225,251,564,2004,12,78,369,3001,165.0,29,15,2
6947,0,3950,2376,5340,2,270,2016,11,7,217,7181,104.0,0,7,2
6948,0,3907,916,7246,603,564,2017,8,19,274,5743,114.0,79,10,3
6949,0,3929,2493,4364,603,1147,1987,7,12,178,6651,109.0,79,6,3
6950,0,3930,1441,4748,302,281,2016,11,206,217,2078,88.0,34,7,0
6951,1,3933,4303,2179,603,1147,2012,9,138,399,7072,3.0,79,16,0
6952,1,3934,4303,7670,736,459,2016,9,0,412,5680,1.0,80,16,3
6953,1,3941,4303,4328,342,591,2017,11,0,241,3322,1.0,44,8,2
6954,1,3944,4303,5012,342,831,2010,12,0,151,7131,1.0,44,5,2
6955,1,3946,139,508,123,831,2016,9,0,241,2764,1.0,13,8,3
6957,0,3951,4086,5874,251,564,2016,9,53,332,3390,143.0,29,12,3
6958,0,3954,3942,6228,488,715,2011,11,17,350,7876,112.0,74,13,2
6959,0,3958,769,491,239,401,2016,8,4,0,2193,101.0,26,0,3
6960,0,3963,2508,5580,603,987,2006,7,15,467,8099,110.0,79,24,3
6961,0,3965,4303,398,603,833,2018,4,201,211,1990,83.0,79,7,3
6962,1,3964,4303,5208,121,590,2015,9,0,400,7132,1.0,13,16,3
6963,0,3972,2528,6216,251,577,2010,11,55,326,4929,145.0,29,12,2
6964,1,3973,4303,883,506,398,2011,9,138,109,3732,3.0,78,3,0
6965,0,3976,3349,1879,690,436,2017,9,205,0,2328,87.0,79,0,0
6966,1,3982,4303,4100,435,351,2015,9,0,238,8233,1.0,67,8,3
6968,0,3986,1703,5863,603,1206,2019,11,204,320,5986,86.0,79,12,0
6969,0,3988,2198,1490,582,1014,2015,8,20,0,837,115.0,78,0,3
6970,0,3989,2687,3859,643,818,2010,8,213,322,3371,93.0,79,12,0
6971,0,4003,884,3739,162,613,2017,9,28,284,1561,121.0,20,10,3
6972,0,4004,1188,7246,162,930,2014,12,168,281,6933,54.0,20,10,0
6973,0,4007,253,489,678,1104,2010,6,3,230,2462,100.0,79,7,3
6974,0,4009,3626,3371,603,1238,2003,13,148,121,4782,37.0,79,4,2
6975,0,4010,3619,3142,603,1238,2011,13,144,442,8656,33.0,79,19,1
6976,0,4011,3619,3142,603,1238,2011,13,146,442,5955,35.0,79,19,1
6977,0,4012,3619,3613,736,1238,2011,13,143,121,7654,32.0,80,4,2
6979,1,4014,4303,6394,506,1266,2018,13,0,110,3025,1.0,78,3,2
6980,0,4015,451,5544,251,684,2017,11,57,209,6689,147.0,29,7,2
6981,0,4018,4328,5314,621,812,2014,7,15,43,1938,110.0,79,0,3
6982,0,4025,4497,2669,606,1147,2010,6,217,121,6156,97.0,79,4,0
6983,0,4026,4454,1679,105,588,2017,11,11,55,870,108.0,12,0,2
6984,0,4027,737,2477,239,694,1982,9,4,32,7180,101.0,26,0,3
6985,1,4028,4303,2174,603,833,2017,12,0,291,3930,1.0,79,11,2
6986,0,4030,3791,5576,603,1092,2010,8,3,47,787,100.0,79,0,3
6987,1,4032,4303,2012,736,844,2017,10,138,422,2548,3.0,80,17,0
6988,1,4033,288,3053,134,844,2018,13,0,422,3671,1.0,17,17,2
6990,0,3914,258,1005,736,644,2018,10,160,281,4368,48.0,80,10,0
6991,0,3924,4303,7246,136,844,2016,15,156,7,3019,44.0,17,0,2
6992,1,4038,4303,179,736,698,2017,13,0,422,6187,1.0,80,17,2
6993,0,4039,2619,1609,682,100,2013,15,194,125,3467,78.0,79,4,0
6994,0,4040,3175,7246,162,303,2016,11,6,284,6846,103.0,20,10,2
6995,0,4046,1965,7411,603,313,1946,12,172,173,6151,58.0,79,6,0
6996,1,4057,3114,362,492,324,2014,11,138,393,3230,3.0,75,16,0
6997,0,4058,1842,3177,603,849,2018,9,210,224,1482,90.0,79,7,0
6998,1,4062,4303,7246,58,1064,2014,12,0,446,282,1.0,10,21,2
6999,0,4066,1822,810,603,673,2014,8,207,208,3758,89.0,79,7,0
7002,0,4075,3616,7246,603,959,2018,12,201,285,265,83.0,79,10,0
7003,1,4078,4303,1699,603,52,2009,10,0,102,5320,1.0,79,3,3
7004,1,4071,4303,1699,506,158,2014,9,0,102,6940,1.0,78,3,3
7005,0,4080,2139,4350,58,956,2018,11,202,349,1031,84.0,10,13,0
7006,0,4081,1997,4152,239,694,1997,9,7,52,5055,104.0,26,0,3
7007,0,4084,2256,4878,603,934,2018,12,219,310,5631,99.0,79,12,0
7008,0,4087,183,4617,342,1092,1992,8,8,176,7777,105.0,44,6,3
7009,0,4089,716,7368,603,115,2015,8,214,344,1783,94.0,79,12,0
7010,1,4093,4303,1090,506,1063,2012,11,110,117,5953,2.0,78,3,0
7011,0,4094,4020,1616,671,556,2012,7,62,309,3270,150.0,79,12,3
7013,0,4098,2176,5078,150,937,2013,9,16,52,5122,111.0,18,0,3
7014,0,4102,1173,5755,736,1092,1990,9,21,288,6224,116.0,80,10,3
7015,0,4107,1608,4257,239,684,1983,9,212,54,5989,92.0,26,0,0
7016,1,4109,4303,2283,15,542,2015,16,0,433,1525,1.0,1,17,2
7017,0,4110,4183,2284,15,577,2016,14,126,125,8359,23.0,1,4,2
7018,0,4111,3574,2284,15,577,2016,14,131,125,5384,25.0,1,4,2
7019,0,4112,1647,2498,665,254,2016,6,203,318,5019,85.0,79,12,0
7020,0,4115,3997,106,603,1449,2000,7,210,185,6519,90.0,79,7,0
7021,0,4120,3321,7246,736,788,2018,15,183,125,7756,68.0,80,4,2
7022,0,4118,4303,513,736,996,2019,14,182,125,5196,67.0,80,4,0
7024,0,4121,3321,7246,736,921,2019,14,181,125,5195,66.0,80,4,0
7025,0,4126,4495,115,603,256,2016,5,211,199,461,91.0,79,7,0
7026,1,4130,4303,1913,603,331,2017,10,151,433,1807,4.0,79,17,0
7027,0,4137,3020,1429,603,171,2014,9,205,513,7076,87.0,79,35,1
7028,0,4139,4406,7439,603,240,2016,7,218,274,3644,98.0,79,10,0
7029,1,4141,4303,7246,444,844,2017,9,0,235,7151,1.0,69,8,3
7030,1,4142,4303,585,342,517,2013,9,0,240,4606,1.0,44,8,3
7031,0,4146,1498,3061,506,818,1998,8,11,24,4225,108.0,78,0,3
7032,0,4147,4016,7111,589,668,2013,8,203,318,5640,85.0,78,12,0
7033,0,4151,1725,2538,206,1259,2012,7,215,55,524,95.0,20,0,0
7035,0,4152,1292,2186,342,397,2017,11,6,319,1420,103.0,44,12,2
7036,0,4156,2767,4942,603,1092,1976,6,23,16,4623,118.0,79,0,3
7037,1,4159,4303,3841,440,613,2016,13,110,422,1209,2.0,67,17,2
7038,0,4160,3959,2997,589,1092,1962,8,65,179,4736,153.0,78,6,3
7039,1,4164,1705,927,506,313,2015,11,0,97,8273,1.0,78,3,2
7040,0,4166,1844,2475,58,482,2017,9,216,283,6900,96.0,10,10,0
7041,0,4169,4092,6754,239,694,1990,9,206,25,2400,88.0,26,0,0
7042,0,4170,1028,5427,212,135,2015,5,21,217,7715,116.0,22,7,3
7043,0,4172,3161,5704,251,426,2015,9,67,331,7612,155.0,29,12,3
7044,1,4174,4303,1852,736,655,2015,11,0,399,3618,1.0,80,16,2
7046,0,4176,1636,7246,736,504,2017,9,206,281,6918,88.0,80,10,0
7047,1,4178,145,7246,121,684,2012,9,0,235,3598,1.0,13,8,3
7048,0,4180,3754,7246,609,336,2017,9,212,289,6930,92.0,79,10,0
7049,1,4183,4303,632,58,137,2015,9,162,499,3277,5.0,10,31,1
7050,1,4201,4303,4229,483,173,2015,11,0,393,1144,1.0,73,16,2
7051,0,4204,725,1065,603,1189,2019,11,218,230,6169,98.0,79,7,0
7052,0,4206,3157,5034,239,684,2010,11,6,200,8345,103.0,26,7,2
7053,0,4217,3657,4555,251,613,2017,9,76,220,5473,163.0,29,7,3
7054,0,4238,3980,6755,239,694,1994,9,213,25,7345,93.0,26,0,0
7055,1,4222,4303,3922,435,613,2012,12,0,379,1109,1.0,67,16,2
7057,1,4223,4303,7230,736,645,2016,11,0,410,1143,1.0,80,16,2
7058,0,4224,4014,1576,603,999,2018,11,193,344,196,77.0,79,12,0
7059,0,4225,82,4860,150,924,2011,9,217,220,6097,97.0,18,7,0
7060,0,4229,3950,1316,272,822,2015,9,20,220,689,115.0,30,7,3
7061,1,4230,4303,300,506,1010,2013,10,0,104,3562,1.0,78,3,3
7062,0,4244,788,4294,226,1108,2014,8,6,220,5641,103.0,22,7,3
7063,0,4247,211,7246,603,340,2016,11,200,274,4737,82.0,79,10,0
7064,0,4252,2189,2155,603,657,2006,11,193,320,2325,77.0,79,12,0
7065,0,4253,1997,4153,239,694,1995,9,195,326,6263,79.0,26,12,0
7066,0,4263,249,4395,2,668,2016,12,218,284,5138,98.0,0,10,0
7068,1,4270,4303,1401,105,182,2010,12,0,393,8292,1.0,12,16,2
7069,0,4271,3362,6257,251,485,2005,9,40,329,3372,131.0,29,12,3
7070,0,4283,3314,3091,251,904,2018,9,15,353,4119,110.0,29,13,3
7071,0,4284,4177,1204,5,168,2015,11,3,222,7217,100.0,0,7,2
7072,0,4300,1798,5546,251,657,2017,9,22,375,6663,117.0,29,15,3
7073,0,4303,3327,6014,254,518,2017,12,10,326,5540,107.0,29,12,2
7074,0,4304,1130,6666,603,138,2012,8,192,185,3259,76.0,79,7,0
7075,0,4305,1040,6873,251,458,2014,11,23,350,1965,118.0,29,13,2
7076,0,4308,1413,4841,30,1337,1979,8,213,16,4463,93.0,1,0,0
7077,1,4309,4303,3473,603,49,2014,9,185,498,6025,7.0,79,31,1
7079,0,4310,655,1845,603,1092,2008,7,219,185,1346,99.0,79,7,0
7080,0,4311,1895,5303,603,4,1987,5,202,270,6818,84.0,79,9,0
7081,0,4312,812,6587,239,727,2016,11,5,326,1107,102.0,26,12,2
7082,0,4314,3046,2840,251,283,2016,9,43,319,145,134.0,29,12,3
7083,0,4320,495,6783,603,518,2017,11,194,274,6855,78.0,79,10,0
7084,0,4326,8,1643,96,421,2016,11,215,375,5735,95.0,11,15,0
7085,1,4327,1635,2055,302,899,2017,14,0,433,5619,1.0,34,17,2
7086,1,4328,4303,1569,319,167,2016,9,0,80,6418,1.0,36,2,3
7087,0,4331,2469,5235,165,100,2013,13,189,121,8738,73.0,20,4,0
7088,0,4335,4161,7096,162,1292,2018,9,15,34,2697,110.0,20,0,3
7090,0,4338,508,4518,370,287,2016,12,191,136,6995,75.0,50,4,0
7091,0,4339,217,448,251,684,2013,9,24,39,7586,119.0,29,0,3
7092,1,4341,4303,7241,251,324,2015,9,0,408,2095,1.0,29,16,3
7093,1,4342,4303,8,251,314,2014,9,0,408,6076,1.0,29,16,3
7094,1,4344,4303,5739,251,564,2010,9,0,409,7174,1.0,29,16,3
7095,0,4345,2424,5563,239,694,1981,12,212,217,4742,92.0,26,7,0
7096,1,4346,4303,716,493,242,2013,9,0,394,4611,1.0,75,16,3
7097,0,4351,973,6259,251,1146,2005,9,46,219,1928,137.0,29,7,3
7098,0,4352,3939,6251,251,518,1989,12,105,328,8379,192.0,29,12,2
7099,0,4362,3715,2382,251,776,2017,12,41,326,8655,132.0,29,12,2
7101,0,4371,2832,1040,603,844,2018,11,211,345,1959,91.0,79,13,0
7102,0,4379,2202,3852,635,678,2013,8,8,36,4830,105.0,79,0,3
7103,0,4377,494,4123,531,712,2015,8,206,220,1058,88.0,78,7,0
7104,1,4381,4303,881,736,788,2018,12,0,388,6463,1.0,80,16,2
7105,0,4385,3899,6500,251,1147,1983,11,67,319,3783,155.0,29,12,2
7106,0,4386,4128,5514,251,590,2017,9,6,329,8631,103.0,29,12,3
7107,0,4387,984,277,603,325,2014,7,217,318,954,97.0,79,12,0
7108,0,4388,1993,5842,603,577,2016,9,212,318,3092,92.0,79,12,0
7109,0,4389,4230,7117,603,432,2014,9,218,215,443,98.0,79,7,0
7110,0,4398,2818,4593,506,527,2017,11,207,281,2589,89.0,78,10,0
7113,0,4401,3182,2294,506,1147,1999,7,17,200,899,112.0,78,7,3
7114,0,4404,3366,5789,251,504,2017,11,191,319,3861,75.0,29,12,0
7115,0,4405,3010,5812,251,504,2017,9,207,319,2208,89.0,29,12,0
7116,0,4410,829,5423,506,822,2017,11,219,359,8153,99.0,78,13,0
7117,0,4412,4013,1123,86,1449,2016,8,10,0,1021,107.0,10,0,3
7118,1,4418,4303,7246,603,686,2018,9,0,291,1237,1.0,79,11,3
7119,0,4429,2976,931,736,143,2016,9,137,442,5286,29.0,80,19,1
7120,1,4433,4303,4605,603,1147,2016,11,151,487,5282,4.0,79,30,1
7121,0,4434,3337,4575,251,270,2016,11,214,319,8284,94.0,29,12,0
7122,1,4438,4303,7388,603,1236,2019,9,0,447,6034,1.0,79,21,3
7124,1,4439,1241,3278,603,1092,2018,12,110,303,3551,2.0,79,11,2
7125,0,4443,737,3265,241,694,1986,8,210,52,4538,90.0,26,0,0
7126,0,4444,1014,4711,603,1119,2002,8,7,470,7095,104.0,79,27,1
7127,0,4445,963,2740,603,518,2017,12,169,277,6838,55.0,79,10,0
7128,0,4447,1047,7246,251,577,2016,9,201,281,6934,83.0,29,10,0
7129,0,4448,1202,4589,736,48,2014,12,193,289,6878,77.0,80,10,0
7130,0,4456,2404,150,603,22,2013,6,188,60,8318,72.0,79,0,0
7131,0,4465,1589,6149,319,669,2017,6,6,66,5615,103.0,36,1,3
7132,0,4463,3523,2071,718,995,2018,6,40,148,4305,131.0,79,4,3
7133,1,4464,4303,4733,506,1010,2016,9,0,104,5866,1.0,78,3,3
7135,0,4475,3870,6499,251,1146,1983,9,47,319,693,138.0,29,12,3
7136,0,4476,4292,1150,435,542,2016,5,53,52,5417,143.0,67,0,3
7137,0,4481,3138,4182,2,684,2017,11,198,319,1048,80.0,0,12,0
7138,0,4483,4038,6812,251,551,2006,9,41,200,639,132.0,29,7,3
7139,0,4487,923,3220,603,257,2013,9,202,318,2233,84.0,79,12,0
7140,0,4489,3290,2835,239,703,2014,11,219,326,752,99.0,26,12,0
7141,0,4490,1556,208,150,1004,2017,9,213,219,729,93.0,18,7,0
7142,0,4492,559,4811,603,336,2016,12,19,274,5709,114.0,79,10,2
7143,0,4495,3723,7246,603,710,2017,12,3,274,3914,100.0,79,10,2
7144,0,4497,3667,6217,251,518,1988,12,41,220,2411,132.0,29,7,2
7146,0,4498,1884,2821,342,280,2016,11,201,200,4228,83.0,44,7,0
7147,0,4500,2977,986,58,987,2016,8,8,325,3214,105.0,10,12,3
7148,0,4502,2671,6041,603,987,1973,8,17,175,4393,112.0,79,6,3
7149,0,4507,2889,1325,58,571,2017,12,214,309,2302,94.0,10,12,0
7150,0,4508,1688,7513,397,1063,1985,11,210,353,4307,90.0,55,13,0
7151,0,4511,3190,7246,506,468,2017,9,160,274,5157,48.0,78,10,0
7152,1,4512,4303,7246,506,997,2013,10,0,100,7675,1.0,78,3,3
7153,1,4513,4303,7246,15,997,2012,12,0,446,7099,1.0,1,21,2
7154,0,4517,548,468,251,684,2017,12,15,329,1964,110.0,29,12,2
7155,1,4518,4303,7246,736,977,2016,9,0,393,183,1.0,80,16,3
7157,0,4519,561,4885,603,657,2003,8,202,199,7768,84.0,79,7,0
7158,0,4520,3880,4109,435,554,2017,11,23,332,4164,118.0,67,12,2
7159,0,4525,1749,7246,233,975,2018,9,204,274,4049,86.0,22,10,0
7160,0,4527,473,7135,603,1080,1997,7,218,28,1116,98.0,79,0,0
7161,0,4528,473,7136,603,1063,2002,7,206,28,8547,88.0,79,0,0
7162,0,4532,1945,6940,81,422,2016,11,199,318,602,81.0,10,12,0
7163,0,4533,1369,2795,272,854,2009,8,17,39,4794,112.0,30,0,3
7164,1,4539,4303,6390,736,613,2018,9,0,412,1042,1.0,80,16,3
7165,1,4543,4303,2295,444,222,2015,11,0,417,2426,1.0,69,16,2
7166,0,4546,4212,5857,368,1054,2018,11,9,217,3848,106.0,49,7,2
7168,1,4556,4303,7246,603,270,2016,12,0,387,8747,1.0,79,16,2
7169,0,4558,3745,6215,251,518,2009,9,58,221,1597,148.0,29,7,3
7170,0,4294,530,5638,506,1014,2015,8,8,39,8036,105.0,78,0,3
7171,0,4569,3998,2508,619,871,2016,6,212,125,2648,92.0,79,4,0
7172,1,4575,4303,4563,251,900,2018,9,0,403,4896,1.0,29,16,3
7173,0,4577,1827,4934,664,1372,2016,7,17,60,8275,112.0,79,0,3
7174,1,4586,4303,3590,736,105,1996,14,0,422,7676,1.0,80,17,2
7175,0,4601,1496,6446,603,282,2008,8,35,320,5958,128.0,79,12,3
7176,1,4615,4303,7246,162,723,2014,10,110,422,5351,2.0,20,17,1
7177,0,4620,315,6854,251,684,2017,9,35,326,804,128.0,29,12,3
7179,1,4622,4303,714,603,801,2013,12,0,446,4803,1.0,79,21,2
7180,0,4623,1398,4097,86,636,2004,6,45,144,7598,136.0,10,4,3
7181,0,4629,4125,3594,621,1246,2012,6,9,125,7108,106.0,79,4,3
7182,0,4630,3403,2642,251,285,2016,11,36,328,776,129.0,29,12,2
7183,1,4639,4303,1183,342,617,2015,9,0,241,7698,1.0,44,8,3
7184,0,4640,2207,645,319,448,2015,7,210,65,4160,90.0,36,1,0
7185,0,4643,2448,3244,378,72,2014,7,39,326,5528,130.0,50,12,3
7186,0,4644,2235,2183,603,507,2017,9,203,456,8651,85.0,79,22,1
7187,0,4646,1853,7246,603,463,2011,5,210,274,3516,90.0,79,10,0
7188,1,4647,4303,6141,483,173,2015,11,0,393,5863,1.0,73,16,2
7190,0,4648,465,6577,603,252,2015,11,214,288,7161,94.0,79,10,0
7191,0,4650,2094,4299,603,237,2016,5,204,318,3440,86.0,79,12,0
7192,0,4654,976,7246,718,409,2017,9,3,274,3026,100.0,79,10,3
7193,0,4656,966,2868,574,1011,2018,11,10,36,2510,107.0,78,0,2
7194,0,4657,3123,1112,338,403,2014,12,213,220,7556,93.0,42,7,0
7195,0,4658,326,6188,603,678,2015,8,12,318,494,109.0,79,12,3
7196,0,4672,2936,5884,251,336,2016,11,12,319,1878,109.0,29,12,2
7197,0,4674,4136,3702,603,656,2017,11,212,45,3380,92.0,79,0,0
7198,0,4676,4427,2373,603,678,2015,8,213,325,668,93.0,79,12,0
7199,0,4677,2325,7164,368,1038,2019,9,3,326,1397,100.0,49,12,3
7201,0,4679,13,3245,106,1225,2017,8,51,309,3796,141.0,12,12,3
7202,1,4682,4303,4337,435,380,2014,9,0,379,2273,1.0,67,16,3
7203,0,4684,2873,3593,603,818,2003,7,24,309,4320,119.0,79,12,3
7204,0,4686,2670,3867,710,458,2016,8,202,513,7490,84.0,79,35,1
7205,1,4691,4303,7246,736,997,2015,12,0,104,2106,1.0,80,3,2
7206,0,4689,593,1300,603,1092,1997,8,216,20,6303,96.0,79,0,0
7207,1,4693,4303,2413,506,313,2014,12,0,102,5071,1.0,78,3,2
7208,0,4695,3564,3487,58,129,2016,6,201,125,1167,83.0,10,4,0
7209,0,4696,84,5072,150,972,2017,11,22,217,5985,117.0,18,7,2
7210,0,4699,1596,1255,226,593,2017,6,213,121,402,93.0,22,4,0
7212,0,4700,4010,2153,603,564,2013,14,189,121,4990,73.0,79,4,0
7213,0,4701,4425,3733,603,77,2015,14,188,148,3011,72.0,79,4,0
7214,0,4703,3992,3769,603,518,2012,14,158,121,1154,46.0,79,4,2
7215,0,4704,4426,1170,603,540,2014,14,190,121,7743,74.0,79,4,0
7216,0,4705,1125,4158,603,518,2013,14,158,121,4696,46.0,79,4,2
7217,0,4706,4334,3770,603,518,2011,14,158,121,2820,46.0,79,4,2
7218,0,4707,4425,6816,603,518,2014,14,190,121,3312,74.0,79,4,0
7219,0,4708,2865,4155,603,564,2012,14,187,121,1896,71.0,79,4,0
7220,0,4709,4425,4146,603,448,2016,14,188,121,2660,72.0,79,4,0
7221,0,4710,889,7246,603,583,2015,14,192,121,4138,76.0,79,4,0
7224,0,4711,423,3771,603,448,2010,14,126,121,4937,23.0,79,4,2
7225,0,4712,1126,4154,603,64,2013,10,175,121,7729,60.0,79,4,0
7226,0,4713,1127,4157,603,518,2013,14,158,121,3313,46.0,79,4,2
7227,1,4717,4303,3614,58,1266,2012,13,110,422,5303,2.0,10,17,2
7228,0,4719,3549,3195,656,1147,2005,7,4,230,2398,101.0,79,7,3
7229,1,4723,3355,7246,506,1010,2013,10,0,100,6304,1.0,78,3,3
7230,1,4724,4303,5102,506,1010,2011,10,0,100,3972,1.0,78,3,3
7231,0,4739,1121,6276,589,1147,2009,8,217,323,2570,97.0,78,12,0
7232,0,4740,471,7193,603,949,2016,8,16,320,4422,111.0,79,12,3
7233,0,4741,348,6109,165,432,2015,8,216,25,141,96.0,20,0,0
7235,0,4742,1738,2587,383,474,2015,9,44,319,945,135.0,51,12,3
7236,0,4745,693,4692,228,766,2016,8,211,319,8246,91.0,22,12,0
7237,0,4748,2808,7246,603,542,2013,11,202,274,6824,84.0,79,10,0
7238,0,4749,430,6355,251,551,2011,9,28,326,7485,121.0,29,12,3
7239,0,4773,4046,6402,251,382,2016,15,12,125,5378,109.0,29,4,2
7240,0,4775,1851,7246,15,737,2017,6,190,34,3587,74.0,1,0,0
7241,0,4778,3243,2497,603,908,2013,8,214,185,2351,94.0,79,7,0
7242,0,4784,620,1957,603,808,2016,7,8,309,1213,105.0,79,12,3
7243,0,4785,3997,109,603,1337,2002,7,217,230,1876,97.0,79,7,0
7244,0,4786,4240,5417,300,366,2015,9,5,281,8684,102.0,33,10,3
7246,0,4793,337,5429,239,694,1984,9,204,200,8071,86.0,26,7,0
7247,0,4794,857,993,603,1038,2007,7,206,185,8007,88.0,79,7,0
7248,1,4795,4303,1074,58,915,2013,10,110,433,1545,2.0,10,17,1
7249,0,4797,4392,7533,150,964,2012,9,210,217,1146,90.0,18,7,0
7250,0,4803,1827,4783,603,1478,2012,7,40,318,7465,131.0,79,12,3
7251,0,4807,973,5830,251,1146,2004,12,70,220,5928,158.0,29,7,2
7252,0,4817,176,3544,162,537,2014,6,203,121,8375,85.0,20,4,0
7253,0,4818,1712,5984,603,1367,2014,6,15,125,4659,110.0,79,4,3
7254,0,4826,1867,319,603,709,2007,5,195,188,760,79.0,79,7,0
7255,1,4829,4303,7246,603,604,2017,11,138,234,5363,3.0,79,8,0
7257,1,4834,4303,1814,444,358,2017,12,110,433,1633,2.0,69,17,2
7258,0,4837,2421,4695,603,1092,1962,12,98,17,5287,185.0,79,0,2
7259,0,4842,625,4776,58,751,2010,12,198,125,8398,80.0,10,4,0
7260,0,4847,3111,3584,251,764,2005,12,21,319,1726,116.0,29,12,2
7261,0,4849,4401,3175,603,642,2017,9,215,310,2040,95.0,79,12,0
7262,0,4853,1662,6292,150,917,2013,9,219,217,5855,99.0,18,7,0
7263,0,4854,950,3073,603,534,2016,7,193,211,1713,77.0,79,7,0
7264,0,4856,2979,549,58,411,2015,11,211,230,950,91.0,10,7,0
7265,0,4866,146,4253,302,294,2015,16,20,309,2163,115.0,34,12,2
7266,1,4868,4303,4857,506,1006,2017,12,0,104,3115,1.0,78,3,2
7268,0,4871,820,2383,476,448,2016,7,183,200,40,68.0,71,7,0
7269,1,4870,4303,5758,736,474,2017,9,0,402,4239,1.0,80,16,3
7270,0,4874,1661,6956,621,92,2015,13,188,125,5778,72.0,79,4,0
7271,0,4876,1802,6952,621,39,2014,13,189,125,5779,73.0,79,4,0
7272,0,4889,4405,216,736,872,2013,9,7,200,2041,104.0,80,7,3
7273,0,4896,3923,5291,239,694,2001,9,210,25,142,90.0,26,0,0
7274,0,4897,1952,4381,506,386,2015,11,219,274,1994,99.0,78,10,0
7275,0,4900,3017,1176,603,1038,2009,7,12,309,470,109.0,79,12,3
7276,1,4906,4303,3599,506,844,2013,11,0,99,4934,1.0,78,3,2
7277,0,4909,418,4657,488,677,2012,11,11,39,163,108.0,74,0,2
7279,0,4912,3910,4958,589,957,2011,8,219,337,8460,99.0,78,12,0
7280,0,4914,2897,5849,736,917,2014,9,219,217,710,99.0,80,7,0
7281,1,4918,4303,3364,603,577,1999,9,0,495,4243,1.0,79,30,1
7282,0,4925,3664,7227,251,684,2017,12,206,350,1918,88.0,29,13,0
7283,0,4953,1754,2880,690,1092,2006,6,212,233,7747,92.0,79,7,0
7284,0,4956,2308,7246,309,274,2016,12,189,281,6869,73.0,34,10,0
7285,0,4965,1057,4188,279,572,2017,11,203,345,5826,85.0,32,13,0
7286,0,4967,489,7246,613,1279,2016,12,211,274,5943,91.0,79,10,0
7287,0,4968,3320,463,251,1146,1982,9,86,25,8487,171.0,29,0,3
7288,0,4971,1566,3740,603,303,2016,5,198,318,2114,80.0,79,12,0
7290,0,4980,2685,3647,319,426,2011,9,5,5,5355,102.0,36,0,3
7291,0,4992,2972,5209,603,480,2017,11,192,470,2983,76.0,79,27,1
7292,0,4998,3934,7246,603,341,2016,11,212,274,7202,92.0,79,10,0
7293,0,4999,1401,2065,736,1092,1993,7,200,24,4850,82.0,80,0,0
7294,0,5000,1467,6060,603,542,2016,10,154,274,5403,42.0,79,10,0
7295,0,5001,2019,5316,603,636,2004,6,40,7,5368,131.0,79,0,3
7296,0,5002,2528,5159,251,636,2016,9,78,326,1286,165.0,29,12,3
7297,0,5003,3609,6097,603,188,2016,8,211,185,6476,91.0,79,7,0
7298,0,5004,694,4746,603,222,2015,8,4,318,2605,101.0,79,12,3
7299,1,5009,4303,2476,589,737,2018,12,0,300,8575,1.0,78,11,2
7301,1,4928,4303,3935,603,294,2016,10,0,300,6152,1.0,79,11,2
7302,0,5010,4303,1699,603,294,2016,10,167,274,6102,53.0,79,10,0
7303,1,5005,4303,1699,718,81,2009,12,0,102,7129,1.0,79,3,2
7304,1,5006,4303,1699,718,52,2009,12,0,102,5222,1.0,79,3,2
7305,1,5007,4303,4329,506,448,2016,12,0,102,3456,1.0,78,3,2
7306,1,5008,4303,1387,506,1038,2015,12,138,102,4232,3.0,78,3,0
7307,0,5015,1416,7246,603,313,1945,11,173,173,6064,59.0,79,6,0
7308,1,5016,4303,7246,603,294,2016,12,138,291,6935,3.0,79,11,2
7309,0,5024,3141,4426,98,376,2016,8,11,326,7802,108.0,11,12,3
7310,0,5031,2066,6100,603,856,2018,12,207,310,2585,89.0,79,12,0
7312,0,5036,1056,4734,603,1147,2004,6,211,125,8144,91.0,79,4,0
7313,0,5039,2275,7246,603,318,2016,5,202,274,7066,84.0,79,10,0
7314,0,5040,2390,5322,603,987,2007,7,216,60,5147,96.0,79,0,0
7315,0,5046,393,742,251,613,2017,9,31,39,8617,124.0,29,0,3
7316,0,5050,2042,1885,603,1362,2018,11,205,318,1189,87.0,79,12,0
7317,0,5051,2218,3228,603,986,2013,8,18,325,855,113.0,79,12,3
7318,0,5058,890,2957,603,1345,2014,8,23,325,1414,118.0,79,12,3
7319,1,5061,4303,7436,736,997,2016,11,110,104,6638,2.0,80,3,0
7320,0,5062,1406,5959,606,987,2008,7,217,337,7920,97.0,79,12,0
7321,1,5067,4303,3643,319,809,1981,14,0,86,3418,1.0,36,2,2
7323,1,5068,4303,3051,86,105,1997,10,0,433,3478,1.0,10,17,2
7324,0,5074,304,603,251,564,2005,12,74,217,1647,161.0,29,7,2
7325,0,5077,3031,5617,96,616,2018,11,21,200,1341,116.0,11,7,2
7326,0,5085,3780,1246,603,1063,2007,6,7,230,5104,104.0,79,7,3
7327,1,5089,4303,250,370,230,2016,8,0,416,1022,1.0,50,16,3
7328,0,5099,334,544,603,1276,2020,14,207,121,6256,89.0,79,4,0
7329,0,5100,4188,543,271,1356,2019,12,212,121,7772,92.0,29,4,0
7330,0,5101,3485,296,674,1042,2019,12,210,125,2775,90.0,79,4,0
7331,1,5104,4303,1641,506,313,2004,5,0,116,8204,1.0,78,3,3
7332,0,5106,2273,7246,603,518,2017,9,164,274,2180,50.0,79,10,0
7335,0,4930,4303,1531,603,987,2017,10,167,135,5949,53.0,79,4,0
7336,0,4931,3640,3046,603,987,2018,10,18,274,2643,113.0,79,10,2
7337,0,4932,2666,2139,603,987,2017,12,167,274,6762,53.0,79,10,0
7338,0,4933,1440,2139,603,987,2017,12,168,274,6491,54.0,79,10,0
7339,0,4934,3753,1531,603,987,2017,12,167,274,3329,53.0,79,10,0
7340,0,4935,4144,1531,603,987,2017,10,168,274,1764,54.0,79,10,0
7341,0,4936,1112,3114,603,987,2018,9,18,274,5945,113.0,79,10,3
7342,0,4937,2666,7246,603,987,2017,10,167,274,5947,53.0,79,10,0
7343,0,4938,3244,1907,603,987,2017,12,167,274,3974,53.0,79,10,0
7344,0,4939,1456,3114,603,987,2018,12,167,274,3373,53.0,79,10,0
7346,0,4940,3217,7246,603,987,2017,9,168,274,2664,54.0,79,10,0
7347,0,4941,4303,1531,603,987,2017,12,168,274,5948,54.0,79,10,0
7348,0,4942,3095,1531,603,987,2017,12,166,274,5946,52.0,79,10,0
7349,0,4943,3095,1531,603,987,2017,12,168,274,3483,54.0,79,10,0
7350,0,4944,2451,3355,603,987,2017,12,168,274,6860,54.0,79,10,0
7351,0,4945,920,3114,603,987,2018,10,167,274,8646,53.0,79,10,0
7352,0,4946,3271,3114,603,987,2017,12,167,274,740,53.0,79,10,0
7353,0,4947,4234,7246,603,987,2018,12,167,274,2386,53.0,79,10,0
7354,0,4948,3055,7246,603,987,2018,12,18,274,7468,113.0,79,10,2
7355,0,5114,1364,4140,603,987,2012,10,167,442,8567,53.0,79,19,1
7357,0,5116,3665,650,603,1312,2017,7,204,344,3290,86.0,79,12,0
7358,0,5118,2407,1431,603,1015,1995,7,5,309,7692,102.0,79,12,3
7359,0,5117,3260,1336,603,518,2016,11,19,288,7116,114.0,79,10,2
7360,0,5119,3706,38,516,601,2009,8,219,309,5782,99.0,78,12,0
7361,1,4949,4303,630,212,164,2016,11,0,244,1548,1.0,22,8,2
7362,1,5121,4303,7246,736,693,2018,11,0,295,6941,1.0,80,11,2
7363,0,5123,896,7246,296,517,2012,12,169,281,4089,55.0,33,10,0
7364,0,5124,1192,7246,302,602,2015,11,211,283,4610,91.0,34,10,0
7365,1,5125,4303,3624,319,222,2011,11,0,76,2913,1.0,36,2,2
7366,1,5126,4303,1970,603,104,2015,11,185,488,450,7.0,79,30,1
7368,1,5127,4303,7246,506,398,2016,9,0,96,7380,1.0,78,3,3
7369,0,5128,2357,1309,140,518,2013,5,22,319,1012,117.0,17,12,3
7370,0,5129,2357,1308,141,702,2013,11,31,319,6675,124.0,17,12,2
7371,1,5133,4303,3322,736,600,2016,11,0,394,3685,1.0,80,16,2
7372,0,5136,2690,5409,506,814,2016,8,29,283,7026,122.0,78,10,3
7373,0,5137,1435,3201,603,671,2014,8,202,199,1732,84.0,79,7,0
7374,0,5150,1698,5663,202,1052,2009,3,202,281,6870,84.0,20,10,3
7375,0,5138,2499,1620,15,820,2018,8,27,60,8085,120.0,1,0,3
7376,0,5140,2420,2314,603,1092,1960,12,34,15,3881,127.0,79,0,2
7377,0,5141,4019,2401,603,1063,2007,7,29,20,7009,122.0,79,0,3
7379,0,5142,4019,2402,603,1063,2004,7,32,20,3147,125.0,79,0,3
7380,1,5134,4303,3499,239,545,2017,9,0,244,2430,1.0,26,8,3
7381,0,5156,2952,7558,444,182,2015,11,10,217,3607,107.0,69,7,2
7382,0,5159,3864,3987,603,312,2016,8,211,0,3557,91.0,79,0,0
7383,0,5166,3310,4036,488,677,2011,11,6,209,6690,103.0,74,7,2
7384,0,5167,3310,4037,488,694,2012,11,6,209,1563,103.0,74,7,2
7385,0,5168,3310,7246,736,677,2015,11,9,209,4041,106.0,80,7,2
7386,1,5170,4303,276,58,57,2014,15,110,432,5407,2.0,10,17,2
7387,0,5182,462,7246,603,327,2017,9,5,274,3299,102.0,79,10,3
7388,1,5188,3094,5428,603,214,2013,12,0,291,6942,1.0,79,11,2
7390,1,5189,4303,4770,162,586,2018,13,0,422,7539,1.0,20,17,2
7391,0,5195,2901,6937,150,924,2012,11,217,220,4870,97.0,18,7,0
7392,0,5205,818,561,239,685,1983,9,207,52,7540,89.0,26,0,0
7393,0,5202,1567,4923,48,524,2017,9,212,277,2742,92.0,6,10,0
7394,0,5206,3316,6876,251,613,2016,9,10,326,5988,107.0,29,12,3
7395,0,5208,2701,5065,603,684,2018,9,204,288,7262,86.0,79,10,0
7396,0,5209,720,5352,603,684,2018,12,186,288,6485,70.0,79,10,0
7397,0,5210,720,5376,603,684,2018,11,181,288,2806,66.0,79,10,0
7398,0,5211,2701,7246,603,684,2018,12,188,288,5602,72.0,79,10,0
7399,0,5215,3913,4237,506,1238,2019,11,16,326,5616,111.0,78,12,2
7401,0,5218,3823,2683,316,1108,1968,7,79,18,4784,166.0,34,0,3
7402,0,5226,458,1280,488,713,2016,12,44,329,8237,135.0,74,12,2
7403,0,5230,2920,2639,603,1063,2013,6,212,288,2706,92.0,79,10,0
7404,0,5231,4303,4,251,474,2017,10,205,283,4747,87.0,29,10,0
7405,0,5234,4190,7434,603,1031,2018,11,212,309,1541,92.0,79,12,0
7406,0,5236,3053,7246,603,527,2017,11,207,274,4930,89.0,79,10,0
7407,0,5239,1760,6943,251,458,2016,11,213,328,2393,93.0,29,12,0
7408,1,5241,4303,7466,603,845,2018,12,0,300,4240,1.0,79,11,2
7409,0,5250,3028,6178,139,623,2013,8,210,273,7853,90.0,17,9,0
7410,0,5252,538,4941,22,776,2015,11,192,281,4047,76.0,1,10,0
7412,0,5253,3592,4712,603,1038,2006,6,204,125,1975,86.0,79,4,0
7413,0,5259,1959,3639,435,527,2016,5,16,39,7339,111.0,67,0,3
7414,1,5261,4303,1596,506,844,2016,9,0,114,1183,1.0,78,3,3
7415,0,5262,943,1965,108,401,2016,11,31,52,4424,124.0,12,0,2
7416,0,5263,4182,7246,736,1225,2018,11,213,274,86,93.0,80,10,0
7417,1,5264,4303,1404,506,1337,2012,12,0,111,3337,1.0,78,3,2
7418,1,5265,4303,6488,435,161,2012,12,0,379,5508,1.0,67,16,2
7419,0,5266,943,7653,112,785,2018,11,48,52,1090,139.0,12,0,2
7420,0,5268,2453,4721,603,282,2016,11,211,199,7985,91.0,79,7,0
7421,0,5271,736,4461,239,694,1984,11,204,52,5154,86.0,26,0,0
7423,1,5279,3254,7246,603,672,2018,12,138,291,6939,3.0,79,11,2
7424,0,5280,2287,5260,251,684,2017,9,29,200,8381,122.0,29,7,3
7425,0,5287,491,3248,25,458,2017,11,216,319,1877,96.0,1,12,0
7426,0,5290,1800,773,251,303,2014,12,206,326,8754,88.0,29,12,0
7427,0,5291,2633,7131,506,1043,2019,11,213,281,4348,93.0,78,10,0
7428,0,5292,345,7038,90,1282,2018,7,210,359,1434,90.0,10,13,0
7429,0,5298,4303,4454,105,657,2017,12,6,200,4411,103.0,12,7,2
7430,0,5309,42,80,506,856,2018,11,5,0,1604,102.0,78,0,2
7431,0,5319,3209,6805,587,958,2006,11,8,350,2410,105.0,78,13,2
7432,0,5320,2322,4824,251,684,2015,9,22,212,926,117.0,29,7,3
7434,1,5321,4303,4607,603,479,2016,13,0,433,5647,1.0,79,17,2
7435,0,5322,3489,2701,603,900,2007,7,33,337,8323,126.0,79,12,3
7436,0,5330,706,2818,251,657,2017,9,207,326,390,89.0,29,12,0
7437,0,5334,2045,7246,745,582,2007,5,200,281,6961,82.0,82,10,0
7438,1,5338,4303,6024,15,223,2016,9,0,259,4728,1.0,1,8,3
7439,0,5349,3309,5243,488,678,2007,11,200,52,8312,82.0,74,0,0
7440,0,5350,716,7505,603,1092,2002,8,218,36,7020,98.0,79,0,0
7441,0,5351,227,377,603,542,2016,8,216,309,4683,96.0,79,12,0
7442,0,5352,158,6301,239,694,1988,12,11,326,4780,108.0,26,12,2
7443,1,5353,4303,3409,603,1224,2011,13,0,422,3997,1.0,79,17,2
7446,0,5356,850,7246,506,160,2015,9,211,284,4763,91.0,78,10,0
7447,0,5357,1287,4649,444,143,2015,11,76,329,3653,163.0,69,12,2
7448,0,5362,979,3347,603,1014,2002,8,17,513,1339,112.0,79,35,1
7449,0,5366,528,4056,251,500,2000,12,46,200,2082,137.0,29,7,2
7450,0,5368,3444,2588,58,919,2018,11,207,322,1450,89.0,10,12,0
7451,0,5380,3115,3820,603,1147,2007,8,204,359,7758,86.0,79,13,0
7452,1,5382,4303,7246,58,400,2016,9,110,291,4573,2.0,10,11,3
7453,0,5385,4034,6503,251,564,1997,9,100,329,5756,187.0,29,12,3
7454,0,5386,1362,3688,251,657,2017,12,12,319,2609,109.0,29,12,2
7455,0,5388,1843,7246,603,270,1990,8,193,170,6778,77.0,79,6,0
7457,1,5392,4303,494,603,107,2015,9,185,487,4708,7.0,79,30,1
7458,1,5397,4303,1651,125,338,2003,9,0,391,7185,1.0,13,16,3
7459,0,5399,2248,7444,603,1478,1992,8,202,0,2115,84.0,79,0,0
7460,0,5402,3034,6002,251,465,2011,12,50,331,1165,140.0,29,12,2
7461,0,5403,1865,7246,603,539,2017,9,183,274,1150,68.0,79,10,0
7462,0,5406,3296,2625,603,1147,1992,8,22,0,2917,117.0,79,0,3
7463,0,5407,2340,7094,492,301,2014,11,8,220,6010,105.0,75,7,2
7464,0,5411,3998,3942,603,1424,2009,6,211,20,2422,91.0,79,0,0
7465,0,5413,1090,6239,251,657,2016,9,7,326,1309,104.0,29,12,3
7466,1,5414,4303,1523,603,1048,2010,9,0,446,3576,1.0,79,21,3
7468,0,5416,3163,6620,251,657,2009,9,19,217,3201,114.0,29,7,3
7469,0,5421,458,4656,488,709,2013,11,17,209,5271,112.0,74,7,2
7470,1,5423,4303,5592,603,40,1990,12,162,155,5672,5.0,79,5,0
7471,0,5424,3202,5593,603,40,1988,12,160,442,2154,48.0,79,19,1
7472,0,5428,2908,7641,338,420,2016,11,215,326,3204,95.0,42,12,0
7473,0,5432,2646,1430,589,900,2006,6,207,132,4838,89.0,78,4,0
7474,1,5436,4303,3532,292,190,2016,11,138,499,6492,3.0,32,31,1
7475,0,5438,1681,6445,710,293,2016,11,11,333,6616,108.0,79,12,2
7476,0,5441,649,7024,58,929,2017,11,188,274,25,72.0,10,10,0
7477,0,5442,1716,2580,603,818,2007,8,12,513,5899,109.0,79,35,1
7479,1,5446,4303,3287,603,193,2016,9,162,256,3485,5.0,79,8,0
7480,0,5448,3101,4063,182,844,2016,8,8,332,928,105.0,20,12,3
7481,0,5454,4254,5637,603,300,2016,11,212,274,4192,92.0,79,10,0
7482,0,5453,4414,2978,606,696,2018,6,215,125,4836,95.0,79,4,0
7483,0,5459,2167,3310,736,1146,2018,11,11,332,4923,108.0,80,12,2
7484,0,5461,1809,4623,165,448,2015,6,203,39,137,85.0,20,0,0
7485,0,5462,2025,7105,603,987,1993,7,33,177,5687,126.0,79,6,3
7486,0,5466,100,4087,251,527,2015,9,23,369,6646,118.0,29,15,3
7487,0,5467,460,3319,488,713,2009,11,32,350,3954,125.0,74,13,2
7488,0,5468,2325,7406,368,1038,2012,9,17,220,410,112.0,49,7,3
7490,0,5470,32,6567,251,1146,2017,9,216,319,6262,96.0,29,12,0
7491,0,5471,897,7246,603,1338,2018,12,199,135,3661,81.0,79,4,0
7492,0,5476,806,7189,603,985,2018,11,199,456,4662,81.0,79,22,1
7493,0,5478,1365,1860,251,776,2017,12,212,319,2532,92.0,29,12,0
7494,1,5485,3120,7246,603,270,1946,9,0,512,7083,1.0,79,34,1
7495,0,5487,2528,6340,251,564,2002,11,34,328,6376,127.0,29,12,2
7496,0,5490,1665,2769,2,577,1998,11,199,326,550,81.0,0,12,0
7497,0,5491,796,7353,162,998,2018,11,42,319,7811,133.0,20,12,2
7498,1,5493,4303,1699,506,512,2016,10,0,102,4875,1.0,78,3,3
7499,1,5494,126,1699,506,52,2006,12,0,100,7074,1.0,78,3,2
7501,0,5495,3696,5975,603,1282,2010,9,199,60,7737,81.0,79,0,0
7502,0,5496,3447,5222,165,518,2016,11,11,326,4595,108.0,20,12,2
7503,0,5498,3094,7098,718,1424,1986,8,27,17,1080,120.0,79,0,3
7504,0,5502,918,7274,603,495,1980,9,59,309,2928,149.0,79,12,3
7505,0,5500,1814,7246,86,904,2018,11,212,281,6225,92.0,10,10,0
7506,0,5529,4433,5693,481,820,2018,6,216,278,3297,96.0,71,10,0
7507,0,5530,3538,6074,603,1112,1980,6,19,9,3363,114.0,79,0,3
7508,1,5534,4303,2326,603,1058,2018,9,196,487,3884,8.0,79,30,1
7509,0,5535,1354,676,398,603,2016,11,193,322,4419,77.0,56,12,0
7510,0,5542,4004,2623,506,859,2018,11,210,320,1739,90.0,78,12,0
7512,1,5546,4303,4584,251,551,2010,9,0,244,7528,1.0,29,8,3
7513,1,5547,4303,6332,736,358,2016,14,0,423,5050,1.0,80,17,2
7514,1,5551,4303,1076,603,93,2015,14,0,422,4676,1.0,79,17,2
7515,1,5553,4303,1076,736,202,2016,14,0,422,5095,1.0,80,17,2
7516,1,5554,4303,3001,603,105,2004,14,0,422,3310,1.0,79,17,2
7517,1,5577,4303,7185,650,105,1998,14,0,422,8630,1.0,79,17,2
7518,1,5555,4303,3078,603,105,2008,14,0,422,6432,1.0,79,17,2
7519,1,5556,4303,4891,187,105,2000,14,0,422,2565,1.0,20,17,2
7520,1,5557,4303,722,650,105,1999,14,0,422,3689,1.0,79,17,2
7521,1,5558,4303,2276,603,105,2006,14,0,422,8382,1.0,79,17,2
7523,1,5560,4303,5731,695,105,2003,14,0,422,8364,1.0,79,17,2
7524,1,5561,4303,2993,696,105,2007,14,0,422,7333,1.0,79,17,2
7525,1,5562,4303,1994,603,105,2009,14,0,422,6433,1.0,79,17,2
7526,1,5563,4303,1060,695,105,2005,14,0,422,8353,1.0,79,17,2
7527,1,5564,4303,325,603,105,2011,14,0,422,820,1.0,79,17,2
7528,0,5565,4303,326,603,105,2011,14,130,442,5499,24.0,79,19,2
7529,0,5566,4303,324,603,105,2011,14,158,121,6441,46.0,79,4,2
7530,0,5567,4303,328,603,105,2011,14,130,442,5502,24.0,79,19,2
7531,1,5568,4303,538,736,105,2014,14,0,422,2481,1.0,80,17,2
7532,0,5569,718,537,603,105,2014,14,169,442,5433,55.0,79,19,1
7534,1,5570,4303,327,736,105,2012,14,0,422,6439,1.0,80,17,2
7535,0,5571,4303,329,603,105,2012,14,130,149,6440,24.0,79,4,2
7536,0,5572,4303,330,603,105,2012,14,126,442,7810,23.0,79,19,2
7537,1,5573,4303,3060,603,105,2001,14,0,422,6708,1.0,79,17,2
7538,1,5574,4303,3466,650,105,1997,14,0,422,6435,1.0,79,17,2
7539,1,5575,4303,5941,694,105,2002,14,0,422,5789,1.0,79,17,2
7540,1,5576,4303,1245,650,105,1996,14,0,422,6767,1.0,79,17,2
7541,1,5578,4303,539,603,105,2013,14,0,422,7735,1.0,79,17,2
7542,0,5579,4303,540,603,105,2013,14,130,121,5504,24.0,79,4,2
7543,0,5580,1711,539,603,105,2013,14,130,121,5902,24.0,79,4,2
7545,0,5581,399,1273,265,495,2013,11,9,319,6490,106.0,29,12,2
7546,0,5585,1323,7246,603,313,1942,9,166,173,3880,52.0,79,6,0
7547,0,5587,3768,806,251,551,2013,9,34,369,703,127.0,29,15,3
7548,0,5588,750,1369,603,136,2015,5,204,274,368,86.0,79,10,0
7549,0,5596,1477,5961,603,1119,1996,8,40,344,7825,131.0,79,12,3
7550,0,5599,4436,3903,239,708,1984,9,213,220,7587,93.0,26,7,0
7551,1,5600,531,7246,736,1410,2017,13,0,433,913,1.0,80,17,2
7552,0,5603,3981,7221,603,545,2017,11,217,320,1207,97.0,79,12,0
7553,0,5611,806,4321,603,1018,2018,11,202,230,7849,84.0,79,7,0
7554,1,5612,4303,5633,603,287,2011,12,0,234,5113,1.0,79,8,2
7557,0,5619,469,905,58,959,2019,11,201,274,533,83.0,10,10,0
7558,1,5621,4303,2519,2,602,2016,11,110,399,90,2.0,0,16,2
7559,0,5630,3399,600,251,564,2000,9,78,39,841,165.0,29,0,3
7560,0,5632,3345,3443,603,818,1994,8,66,171,7143,154.0,79,6,3
7561,0,5633,364,1861,69,474,2014,9,70,326,3364,158.0,10,12,3
7562,0,5640,2492,5957,506,514,2012,8,207,0,4864,89.0,78,0,0
7563,0,5644,2500,3751,251,336,2011,9,59,200,5300,149.0,29,7,3
7564,1,5647,4303,4839,251,358,2014,9,138,394,3992,3.0,29,16,0
7565,0,5649,2830,7246,603,1206,2019,11,216,289,2652,96.0,79,10,0
7566,1,5678,4303,732,603,210,2015,11,0,391,5030,1.0,79,16,2
7568,0,5659,2576,1613,589,1366,2008,7,9,0,5693,106.0,78,0,3
7569,1,5664,4303,2173,483,173,2009,11,0,393,6168,1.0,73,16,2
7570,0,5665,4406,5334,693,905,2015,7,35,309,3331,128.0,79,12,3
7571,1,5667,4303,7246,736,613,2017,11,0,403,3413,1.0,80,16,2
7572,1,5668,4303,7277,736,759,2018,9,0,472,5462,1.0,80,28,1
7573,0,5680,3482,4503,603,684,2008,6,218,125,1771,98.0,79,4,0
7574,1,5689,4303,1997,736,358,2012,9,0,394,232,1.0,80,16,3
7575,0,5694,300,1930,603,987,2009,6,219,121,1059,99.0,79,4,0
7576,0,5695,2025,644,603,1038,2008,8,18,318,5218,113.0,79,12,3
7577,0,5697,3428,7246,45,322,2013,11,187,284,7023,71.0,6,10,0
7579,0,5699,1536,4124,251,247,2015,12,201,326,2304,83.0,29,12,0
7580,0,5704,2671,6038,603,1063,1980,8,36,180,7043,129.0,79,6,3
7581,0,5708,2557,3832,251,564,2015,9,22,326,6630,117.0,29,12,3
7582,0,5709,1863,7246,603,189,2015,5,213,274,7190,93.0,79,10,0
7583,0,5710,1093,2917,105,415,2016,9,31,25,3358,124.0,12,0,3
7584,0,5720,1077,15,251,336,1996,9,91,329,7977,177.0,29,12,3
7585,0,5724,480,7322,251,1146,1974,12,7,199,526,104.0,29,7,2
7586,0,5727,3279,3391,603,968,2018,6,18,125,8433,113.0,79,4,3
7587,0,5733,3375,4577,251,1146,1985,9,92,176,1494,178.0,29,6,3
7588,1,5735,4303,2368,251,590,2012,9,0,412,914,1.0,29,16,3
7590,0,5736,1207,6926,421,1013,2018,12,210,326,5798,90.0,63,12,0
7591,0,5737,3733,4496,251,1146,2005,9,66,200,1065,154.0,29,7,3
7592,0,5739,2281,2763,435,954,2018,11,29,46,7778,122.0,67,0,2
7593,0,5740,1437,6808,251,577,2010,11,20,353,2779,115.0,29,13,2
7594,0,5744,229,7249,380,684,2017,9,33,328,613,126.0,51,12,3
7595,0,5750,2920,7246,603,236,2016,5,206,274,3524,88.0,79,10,0
7596,1,5757,4303,5512,251,314,2015,9,0,394,7144,1.0,29,16,3
7597,0,5767,1616,4528,150,976,2011,9,219,326,8009,99.0,18,12,0
7598,0,5768,304,6250,251,465,2011,12,54,220,2843,144.0,29,7,2
7599,1,5775,4303,6443,736,683,2015,11,0,394,3677,1.0,80,16,2
7601,0,5778,3011,2982,603,1092,1955,7,16,174,7753,111.0,79,6,3
7602,1,5779,4303,510,342,517,2004,9,0,391,6116,1.0,44,16,3
7603,0,5784,2797,4915,58,981,2018,11,189,309,6269,73.0,10,12,0
7604,1,5790,4303,126,603,297,2016,11,151,264,3104,4.0,79,8,0
7605,0,5792,853,1763,15,501,2016,11,199,345,392,81.0,1,13,0
7606,0,5793,1976,5561,603,1146,1984,7,19,30,569,114.0,79,0,3
7607,0,5796,235,6563,251,722,2017,9,17,326,8037,112.0,29,12,3
7608,0,5798,2616,7066,506,583,2017,12,198,281,367,80.0,78,10,0
7609,1,5799,4303,1147,603,1147,2015,5,37,478,7089,13.0,79,29,1
7610,0,5803,826,1237,736,301,2016,12,130,274,3665,24.0,80,10,2
7612,0,5804,2901,476,150,937,2015,11,3,39,4940,100.0,18,0,2
7613,1,5806,4303,5913,506,504,2017,11,110,100,2707,2.0,78,3,0
7614,0,5810,298,6665,603,156,2012,8,216,288,7663,96.0,79,10,0
7615,0,5811,3841,6530,338,417,2015,12,206,25,7520,88.0,42,0,0
7616,0,5812,417,1443,75,678,2015,8,215,36,3764,95.0,10,0,0
7617,0,5813,209,6058,603,1337,2010,7,17,337,7596,112.0,79,12,3
7618,0,5814,2646,5636,591,1282,2017,7,17,341,930,112.0,78,12,3
7619,1,5819,4303,394,58,1279,2014,9,174,260,850,6.0,10,8,0
7620,0,5821,3215,5013,222,1147,2010,8,217,47,6456,97.0,22,0,0
7621,0,5822,3464,5921,603,518,2017,11,217,288,6670,97.0,79,10,0
7623,0,5826,2440,5641,603,443,2016,11,214,274,1543,94.0,79,10,0
7624,0,5832,737,2478,239,694,1980,8,217,25,8420,97.0,26,0,0
7625,0,5834,4342,1328,251,294,2016,5,23,326,1808,118.0,29,12,3
7626,1,5836,4303,4126,736,931,2017,11,0,244,1629,1.0,80,8,2
7627,0,5837,279,5893,246,673,2014,8,215,38,4553,95.0,26,0,0
7628,1,5843,1751,6019,506,542,2017,12,0,110,5723,1.0,78,3,2
7629,0,5845,3700,4245,718,1092,2008,8,27,337,2466,120.0,79,12,3
7630,0,5846,1285,5932,342,224,2012,5,202,319,4066,84.0,44,12,0
7631,1,5852,4303,7246,603,925,2016,11,151,387,7105,4.0,79,16,0
7632,0,5867,2004,6036,603,959,2008,8,4,344,7497,101.0,79,12,3
7634,0,5871,2538,6583,251,613,2015,9,6,326,3211,103.0,29,12,3
7635,1,5875,4303,4777,558,432,2017,11,162,98,4994,5.0,78,3,0
7636,0,5877,1071,4448,251,504,2013,11,201,350,600,83.0,29,13,0
7637,1,5879,4303,6624,251,577,2010,9,0,393,5659,1.0,29,16,3
7638,0,5883,400,1774,251,474,2011,11,10,319,4499,107.0,29,12,2
7639,0,5890,231,5521,251,1146,2010,9,45,319,2560,136.0,29,12,3
7640,0,5891,1659,2398,368,161,2015,9,216,326,6735,96.0,49,12,0
7641,0,5893,3301,5670,302,613,2016,9,157,281,5005,45.0,34,10,0
7642,0,5894,3013,907,506,930,2018,9,212,50,8352,92.0,78,0,0
7643,1,5897,4303,3129,686,196,1985,11,0,75,7958,1.0,79,2,2
7645,0,5905,1958,6882,603,1014,1976,6,27,17,6300,120.0,79,0,3
7646,0,5907,4089,6883,603,1014,1979,6,24,343,3584,119.0,79,12,3
7647,0,5908,4089,6884,603,1014,1982,6,3,343,2009,100.0,79,12,3
7648,0,5909,4089,6885,603,1014,1985,6,212,343,5904,92.0,79,12,0
7649,0,5910,1958,6886,603,1014,1990,7,7,343,4956,104.0,79,12,3
7650,0,5913,1352,4597,603,259,2017,8,213,60,4781,93.0,79,0,0
7651,0,5918,3716,2562,150,918,2014,11,218,326,4218,98.0,18,12,0
7652,0,5919,2963,7246,603,1020,2018,11,198,274,6828,80.0,79,10,0
7653,0,5921,2893,7246,734,432,2015,11,195,274,2606,79.0,79,10,0
7654,0,5929,2981,3123,253,474,2014,9,29,26,7484,122.0,29,0,3
7656,0,5936,2402,1099,282,671,2015,8,23,318,5125,118.0,32,12,3
7657,0,5938,2718,1083,58,869,2017,11,207,211,7357,89.0,10,7,0
7658,0,5939,2736,6647,545,987,2012,14,133,147,505,26.0,78,4,2
7659,1,5940,4303,3705,488,977,2016,9,138,396,4168,3.0,74,16,0
7660,0,5942,3898,7246,736,474,2016,12,177,283,6882,62.0,80,10,0
7661,0,5947,3612,4875,603,1092,1968,8,46,181,1345,137.0,79,6,3
7662,0,5950,1951,4760,603,1092,1998,8,28,309,656,121.0,79,12,3
7663,1,5953,1786,4671,603,349,2016,12,196,488,3308,8.0,79,30,1
7664,1,5954,4303,1153,342,517,2004,12,0,391,5916,1.0,44,16,2
7665,0,5960,413,112,251,590,2017,11,6,319,3763,103.0,29,12,2
7668,0,5961,3349,2376,342,436,2016,11,212,49,2329,92.0,44,0,0
7669,0,5962,3963,2912,239,1092,1995,8,207,25,3368,89.0,26,0,0
7670,0,5963,3527,3183,657,1014,2005,7,217,230,7784,97.0,79,7,0
7671,0,5964,1820,64,251,564,2004,9,43,53,6087,134.0,29,0,3
7672,0,5966,1372,3595,603,1449,1999,6,21,230,6173,116.0,79,7,3
7673,0,5970,990,6186,603,975,2018,9,15,337,4301,110.0,79,12,3
7674,0,5968,780,6961,603,1014,2018,9,206,513,4145,88.0,79,35,1
7675,1,5971,4303,4813,319,1147,1998,9,138,80,838,3.0,36,2,0
7676,0,5977,3564,1725,603,53,2015,6,213,134,1100,93.0,79,4,0
7677,1,5978,4303,6166,603,15,2013,5,0,305,486,1.0,79,11,3
7679,0,5980,954,6166,603,15,2013,5,188,470,4051,72.0,79,27,1
7680,0,5984,1076,257,251,251,2016,9,51,326,299,141.0,29,12,3
7681,0,5986,156,7246,302,366,2016,11,200,281,7029,82.0,34,10,0
7682,0,5989,819,6307,603,1478,2003,7,22,0,1288,117.0,79,0,3
7683,0,6003,3409,1773,251,1146,1982,9,23,319,1473,118.0,29,12,3
7684,0,6010,1428,7246,306,308,2013,11,211,281,5008,91.0,34,10,0
7685,0,6012,1508,894,492,301,2014,11,8,329,2332,105.0,75,12,2
7686,0,6013,2821,5116,58,418,2016,9,214,232,4176,94.0,10,7,0
7687,0,6014,457,3691,251,1146,1983,9,46,329,1681,137.0,29,12,3
7688,1,6015,1153,4524,380,235,2014,12,0,394,2259,1.0,51,16,2
7690,0,6016,2291,6222,251,336,2016,11,176,281,6926,61.0,29,10,0
7691,0,6020,838,813,603,1348,2012,8,204,215,1180,86.0,79,7,0
7692,0,6022,3327,610,251,247,2016,11,23,326,195,118.0,29,12,2
7693,0,6027,2956,5997,251,590,2016,9,88,329,8426,173.0,29,12,3
7694,0,6029,3738,789,251,551,2007,12,64,328,2946,152.0,29,12,2
7695,0,6034,2899,5074,150,978,2014,9,219,326,1113,99.0,18,12,0
7696,0,6043,3167,5987,251,722,2017,11,15,326,5514,110.0,29,12,2
7697,0,6045,2145,7376,251,564,2017,12,21,326,8067,116.0,29,12,2
7698,0,6047,239,207,150,964,2013,9,10,217,3285,107.0,18,7,3
7699,0,6050,623,6975,431,800,2018,7,12,37,6385,109.0,66,0,3
7701,0,6051,318,6691,736,974,2018,13,180,121,6590,65.0,80,4,0
7702,0,6053,1965,7246,603,313,1945,9,143,173,2017,32.0,79,6,0
7703,0,6055,3388,6623,251,518,2008,9,29,200,4529,122.0,29,7,3
7704,0,6059,3375,5808,251,1146,1964,9,124,176,5870,228.0,29,6,0
7705,0,6065,1446,5311,603,487,2014,12,204,125,7891,86.0,79,4,0
7706,0,6068,2469,3612,19,100,2010,10,188,121,8755,72.0,1,4,0
7707,0,6074,1433,220,162,1054,2010,7,5,326,5654,102.0,20,12,3
7708,0,6077,3603,1862,58,495,2015,9,50,219,7972,140.0,10,7,3
7709,0,6078,3603,3089,21,458,2016,12,55,25,1043,145.0,1,0,2
7710,0,6080,1365,4497,251,551,2005,9,33,326,5790,126.0,29,12,3
7712,0,6084,4323,649,251,657,2017,9,42,326,4640,133.0,29,12,3
7713,0,6086,2160,4007,251,842,2008,9,51,312,2753,141.0,29,12,3
7714,0,6087,4312,6768,603,959,2018,11,194,288,2232,78.0,79,10,0
7715,1,6088,4303,1771,736,314,2014,12,0,292,8753,1.0,80,11,2
7716,0,6089,64,481,251,577,2012,9,62,328,3912,150.0,29,12,3
7717,0,6091,3379,452,251,1146,1982,9,65,187,6532,153.0,29,7,3
7718,0,6093,886,4439,603,1399,2017,11,201,333,1195,83.0,79,12,0
7719,0,6096,1879,6418,603,474,2017,11,215,49,480,95.0,79,0,0
7720,0,6097,2531,5848,150,970,2018,11,213,220,3215,93.0,18,7,0
7721,1,6100,4303,6078,603,696,2015,10,0,446,5684,1.0,79,21,2
7723,0,6104,1969,2098,719,870,2013,7,33,197,7796,126.0,79,7,3
7724,0,6105,1834,4166,603,1159,2019,8,215,309,972,95.0,79,12,0
7725,0,6108,2505,3858,603,671,2014,8,219,199,3216,99.0,79,7,0
7726,0,6110,2241,2102,603,1166,2017,6,213,121,1010,93.0,79,4,0
7727,1,6111,4303,3918,603,627,2018,9,185,262,905,7.0,79,8,0
7728,0,6112,1095,7385,306,1433,1955,12,213,165,7944,93.0,34,6,0
7729,0,6115,2204,624,603,1147,2000,8,206,207,6458,88.0,79,7,0
7730,0,6116,2540,6648,603,1347,2013,7,206,207,6320,88.0,79,7,0
7731,0,6117,4020,4279,603,590,1993,8,108,174,5624,195.0,79,6,3
7732,0,6119,3949,4179,603,1424,1988,8,27,197,2658,120.0,79,7,3
7734,0,6126,1591,6429,603,1132,1998,12,193,121,7731,77.0,79,4,0
7735,0,6129,1139,4890,722,723,2010,7,17,21,3327,112.0,79,0,3
7736,0,6131,4407,5277,603,1063,1997,8,28,345,4029,121.0,79,13,3
7737,0,6132,4407,1698,603,987,2000,8,22,345,7057,117.0,79,13,3
7738,0,6135,1990,1171,603,1147,2012,11,210,0,4778,90.0,79,0,0
7739,0,6138,4023,4804,603,1454,1993,6,15,124,7880,110.0,79,4,3
7740,0,6139,2541,6089,473,1119,2012,7,204,283,3168,86.0,70,10,0
7741,0,6140,1100,5324,603,925,2011,7,215,60,575,95.0,79,0,0
7742,0,6147,1788,3109,245,657,2007,12,4,328,3445,101.0,26,12,2
7743,1,6148,4303,2663,435,351,2014,9,0,379,734,1.0,67,16,3
7745,0,6153,545,1351,733,590,2015,7,16,344,460,111.0,79,12,3
7746,0,6158,2180,6315,603,330,2013,12,168,281,5745,54.0,79,10,0
7747,0,6159,4073,6315,603,287,2013,12,168,281,6326,54.0,79,10,0
7748,0,6161,3705,6315,603,287,2013,12,168,281,6574,54.0,79,10,0
7749,0,6162,2180,6315,506,287,2014,12,169,281,6948,55.0,78,10,0
7750,0,6163,4330,6315,603,287,2013,12,168,281,5135,54.0,79,10,0
7751,0,6164,4073,6315,506,330,2013,9,169,274,5879,55.0,78,10,0
7752,0,6165,3705,6315,603,330,2014,12,169,274,2147,55.0,79,10,0
7753,0,6169,4330,6315,506,287,2013,12,169,274,3528,55.0,78,10,0
7754,0,6166,4331,6315,506,330,2014,12,169,281,3510,55.0,78,10,0
7756,0,6167,2467,6315,718,330,2014,12,169,281,6314,55.0,79,10,0
7757,0,6182,3131,7095,492,301,2012,9,5,217,3202,102.0,75,7,3
7758,0,6183,407,834,542,1063,2010,7,9,284,7018,106.0,78,10,3
7759,1,6185,4303,3984,58,1119,2016,11,0,487,3158,1.0,10,30,1
7760,0,6189,2232,6413,238,572,2017,11,184,319,1674,69.0,25,12,0
7761,1,6194,4303,7390,498,294,2015,9,0,409,1556,1.0,76,16,3
7762,0,6197,2868,2,603,1154,2011,8,203,0,339,85.0,79,0,0
7763,0,6221,2811,6375,603,1478,2010,8,56,203,2792,146.0,79,7,3
7764,0,6222,2811,6376,603,1478,2008,8,55,203,7724,145.0,79,7,3
7765,0,6218,4090,2561,531,384,2016,17,6,329,612,103.0,78,12,2
7767,0,6226,358,1791,342,504,1999,8,16,200,5665,111.0,44,7,3
7768,0,5995,2737,4803,603,947,2019,11,32,309,622,125.0,79,12,2
7769,1,6236,4303,7246,296,267,2016,11,0,235,6937,1.0,33,8,2
7770,0,6237,4037,959,251,518,2011,9,20,217,2676,115.0,29,7,3
7771,1,6239,4303,1978,310,826,1986,9,0,498,7077,1.0,34,31,1
7772,0,6240,2309,3743,251,564,2002,11,81,332,1448,168.0,29,12,2
7773,0,6242,1082,2103,251,564,2012,9,12,319,7195,109.0,29,12,3
7774,0,6244,1494,65,251,564,2002,12,58,219,7601,148.0,29,7,2
7775,0,6245,1580,1664,239,694,2002,9,212,326,4201,92.0,26,12,0
7776,0,6246,1013,6362,603,1093,2011,7,211,345,1320,91.0,79,13,0
7780,0,6252,3711,5797,251,564,2008,9,44,326,3118,135.0,29,12,3
7781,0,6256,4303,4462,603,1176,2019,12,187,274,4060,71.0,79,10,0
7782,0,6265,2945,3605,603,515,2010,8,17,359,453,112.0,79,13,3
7783,1,6267,4303,930,589,347,2017,9,151,97,4907,4.0,78,3,0
7784,0,6268,1498,6045,661,1478,2009,7,35,20,6560,128.0,79,0,3
7785,0,6277,3408,5144,251,1146,1990,11,81,39,1425,168.0,29,0,2
7786,0,6285,3439,2151,603,776,2016,13,157,442,4799,45.0,79,19,1
7787,0,6286,61,3779,15,776,2018,13,191,442,2782,75.0,1,19,1
7788,0,6287,3478,3778,15,776,2017,13,187,442,6444,71.0,1,19,1
7789,0,6289,1899,792,251,764,2016,9,29,326,59,122.0,29,12,3
7791,0,6290,1069,1100,603,1002,2013,8,217,318,816,97.0,79,12,0
7792,0,6292,3559,3305,717,987,2009,6,207,125,2959,89.0,79,4,0
7793,0,5997,468,4966,589,406,2016,11,218,288,2467,98.0,78,10,0
7794,0,6300,59,4177,271,564,2017,9,20,332,2195,115.0,29,12,3
7795,0,6301,459,517,488,713,2004,11,216,350,1882,96.0,74,13,0
7796,0,6308,1247,3589,307,992,2017,11,24,332,8306,119.0,34,12,2
7797,1,6310,4303,1921,603,1224,2008,13,0,422,2480,1.0,79,17,2
7798,0,6311,4381,7334,251,764,2014,10,8,319,917,105.0,29,12,2
7799,0,6317,4196,3461,603,790,2018,11,206,49,7874,88.0,79,0,0
7800,0,6319,2509,1759,64,1131,2012,8,214,345,4121,94.0,10,13,0
7802,0,6320,1762,7246,603,314,2016,12,193,274,6957,77.0,79,10,0
7803,1,6325,4303,5616,407,436,2015,11,110,242,3785,2.0,59,8,2
7804,1,6332,4303,1216,123,347,2008,9,0,400,4947,1.0,13,16,3
7805,1,6331,4303,4542,637,827,2018,11,138,400,2851,3.0,79,16,0
7806,0,6341,314,6843,251,388,2013,9,53,39,2612,143.0,29,0,3
7807,0,6343,3364,5779,272,734,2015,12,34,220,7622,127.0,30,7,2
7808,0,6347,3547,3604,480,636,2017,7,212,41,5416,92.0,71,0,0
7809,0,6349,1110,5007,385,1063,2017,11,205,350,929,87.0,53,13,0
7810,0,6352,1475,1313,603,1147,2016,11,201,345,535,83.0,79,13,0
7811,0,6355,846,1922,603,117,2015,8,215,203,2025,95.0,79,7,0
7813,0,6367,1155,1880,489,803,2014,8,216,0,74,96.0,74,0,0
7814,1,6368,4303,5904,603,196,2016,9,138,446,2499,3.0,79,21,1
7815,1,6369,4303,6147,603,801,2016,9,0,446,4548,1.0,79,21,3
7816,0,6371,3461,2916,109,990,2016,7,10,20,7301,107.0,12,0,3
7817,0,6375,3513,1639,108,401,2016,11,3,52,6677,100.0,12,0,2
7818,0,6376,1344,7246,643,653,2014,10,161,289,5606,49.0,79,10,0
7819,0,6378,836,2129,603,832,2010,7,214,60,1691,94.0,79,0,0
7820,0,6383,2412,3082,603,449,2015,8,4,199,5281,101.0,79,7,3
7821,0,6389,1921,337,603,1198,2004,6,207,230,2581,89.0,79,7,0
7822,0,6391,542,992,603,1092,1996,8,44,318,716,135.0,79,12,3
7824,0,6392,3296,6579,603,1147,1993,8,10,513,362,107.0,79,35,1
7825,1,6393,4303,6050,603,817,2018,11,0,446,7702,1.0,79,21,2
7826,0,6395,1972,4030,570,678,2015,8,202,39,3238,84.0,78,0,0
7827,0,6398,1913,4019,603,959,1998,7,15,28,8343,110.0,79,0,3
7828,0,6400,3054,1800,603,997,2008,8,215,199,2439,95.0,79,7,0
7829,0,6401,4303,7246,603,347,2017,11,181,289,2896,66.0,79,10,0
7830,0,5998,169,2774,603,76,2015,7,201,185,7331,83.0,79,7,0
7831,0,6408,1340,6793,603,1154,2016,8,204,36,1627,86.0,79,0,0
7832,0,6415,1641,54,251,657,2005,9,46,220,2260,137.0,29,7,3
7833,0,6416,2029,7246,603,887,2018,11,205,274,6893,87.0,79,10,0
7835,0,6418,1529,737,272,822,2013,11,52,326,6802,142.0,30,12,2
7836,0,6426,185,4436,342,709,1991,5,214,212,1488,94.0,44,7,0
7837,0,6427,3617,305,603,825,2018,7,44,13,1385,135.0,79,0,3
7838,0,6428,3617,305,603,825,2018,7,44,13,1385,135.0,79,0,3
7839,0,6429,2795,3004,131,551,2009,8,7,55,4785,104.0,16,0,3
7840,0,6431,1627,7037,603,506,2017,11,217,337,848,97.0,79,12,0
7841,0,6438,2962,2897,603,1014,2003,7,35,230,6237,128.0,79,7,3
7842,0,6446,2113,2196,27,671,2014,8,12,38,1452,109.0,1,0,3
7843,0,6450,1833,7246,603,230,2016,5,189,289,5662,73.0,79,10,3
7844,1,6455,4303,6333,488,953,2016,11,0,394,8172,1.0,74,16,2
7846,0,6458,3799,635,603,1268,2011,6,9,314,4132,106.0,79,12,3
7847,0,6459,960,6327,603,987,2019,11,214,346,7548,94.0,79,13,0
7848,0,6461,1872,7246,506,216,2016,5,203,274,363,85.0,78,10,0
7849,1,6467,4303,7608,603,1224,2014,13,0,422,6162,1.0,79,17,2
7850,0,6472,3701,7153,603,1092,1976,6,218,335,4316,98.0,79,12,0
7851,1,6475,4303,569,603,43,2013,11,151,479,95,4.0,79,29,1
7852,0,6481,891,4277,603,382,2017,7,216,199,3606,96.0,79,7,0
7853,0,6482,2651,7246,506,1153,2019,9,191,289,6832,75.0,78,10,0
7854,0,6486,3703,7080,603,1092,2007,7,48,60,6678,139.0,79,0,3
7855,0,6487,3261,6552,603,982,2018,6,22,20,1725,117.0,79,0,3
7857,0,6495,977,1286,506,1092,2018,9,215,274,4783,95.0,78,10,0
7858,1,6497,4303,3436,603,692,2018,13,110,422,3131,2.0,79,17,2
7859,0,6502,4229,4678,603,1328,2015,8,36,318,1184,129.0,79,12,3
7860,0,6503,1539,2988,643,1486,2012,8,214,187,3820,94.0,79,7,0
7861,0,6505,4025,1577,318,1238,2018,11,17,331,7807,112.0,35,12,2
7862,0,6506,3559,682,603,900,2001,6,206,125,6704,88.0,79,4,0
7863,0,6507,3559,683,603,876,2002,6,3,125,6191,100.0,79,4,3
7864,0,6508,3559,1681,603,900,2003,6,201,125,2931,83.0,79,4,0
7865,0,6511,1783,2805,444,153,2015,11,213,25,8251,93.0,69,0,0
7866,0,6516,948,6209,603,1020,2018,11,6,346,7635,103.0,79,13,2
7868,0,6517,807,1405,603,984,2019,9,206,513,1644,88.0,79,35,1
7869,0,6519,38,7034,58,798,2015,8,204,0,2084,86.0,10,0,0
7870,0,6520,204,7246,94,274,2015,9,206,274,3814,88.0,10,10,0
7871,0,6526,3467,4672,603,652,2017,7,64,13,2611,152.0,79,0,3
7872,1,6527,4303,222,603,50,2014,9,0,463,6644,1.0,79,23,1
7873,0,6533,1000,2901,506,1035,2013,11,9,319,43,106.0,78,12,2
7874,1,6542,4303,945,475,182,2015,11,0,410,3487,1.0,71,16,2
7875,0,6546,3084,5330,603,161,2006,12,166,281,5078,52.0,79,10,0
7876,0,6549,50,7457,603,1092,2008,8,218,185,2873,98.0,79,7,0
7877,0,6550,4392,3724,150,964,2018,9,207,217,376,89.0,18,7,0
7879,0,6552,109,6618,603,709,2017,8,204,345,751,86.0,79,13,0
7880,0,6556,382,6827,251,577,2010,9,9,326,4590,106.0,29,12,3
7881,0,6557,726,4529,488,721,2010,11,3,350,597,100.0,74,13,2
7882,0,6560,2011,3163,603,766,2015,12,211,274,1949,91.0,79,10,0
7883,1,6561,4303,7004,621,505,2010,12,0,422,6118,1.0,79,17,2
7884,1,6563,4303,6288,435,987,2017,14,0,423,8674,1.0,67,17,2
7885,0,6564,570,3763,603,432,2014,7,18,359,4292,113.0,79,13,3
7886,0,6565,155,7246,29,45,2014,5,3,284,2288,100.0,1,10,3
7887,1,6566,4303,7248,603,1006,2015,11,0,385,4371,1.0,79,16,2
7888,0,6569,3372,5806,251,458,2017,12,41,220,8110,132.0,29,7,2
7891,0,6572,1730,3009,603,1305,2020,11,216,213,7889,96.0,79,7,0
7892,0,6576,3625,496,58,1365,2019,7,216,344,1476,96.0,10,12,0
7893,0,6579,2576,7459,718,1394,2006,7,18,230,2550,113.0,79,7,3
7894,1,6581,4303,622,207,105,2015,13,0,422,5060,1.0,20,17,2
7895,0,6590,482,5589,26,1147,1992,6,215,168,3349,95.0,1,6,0
7896,0,6591,1229,7246,355,318,2016,11,203,282,933,85.0,47,10,0
7897,0,6593,1668,980,603,1038,1981,8,9,163,1915,106.0,79,6,3
7898,0,6594,267,1788,603,1478,1996,8,22,197,459,117.0,79,7,3
7899,1,6596,4303,5529,435,1112,2017,9,0,238,2856,1.0,67,8,3
7900,0,6598,75,3551,45,278,2016,5,30,39,1675,123.0,6,0,3
7902,1,6600,4303,7246,736,833,2018,12,0,292,3926,1.0,80,11,2
7903,0,6603,3526,4907,603,1147,2002,6,194,125,8769,78.0,79,4,0
7904,0,6610,1685,6434,603,1100,2019,11,215,36,1634,95.0,79,0,0
7905,0,6611,3969,5671,306,82,2015,5,44,332,578,135.0,34,12,3
7906,0,6613,727,3321,488,713,2011,11,39,219,8234,130.0,74,7,2
7907,0,6614,4500,6725,251,684,2018,9,20,200,8017,115.0,29,7,3
7908,0,6620,514,4556,296,161,2014,11,19,375,391,114.0,33,15,2
7909,0,6621,3770,4959,536,361,2014,11,10,329,7678,107.0,78,12,2
7910,1,6622,4303,3036,435,1119,2018,11,0,382,966,1.0,67,16,2
7911,0,6623,2055,2028,603,1213,2019,11,213,203,537,93.0,79,7,0
7913,0,6624,2182,7234,147,166,2015,11,214,331,7990,94.0,17,12,0
7914,0,6631,3171,137,254,303,2014,11,203,319,8473,85.0,29,12,0
7915,1,6632,4303,6691,251,984,2019,13,0,422,4702,1.0,29,17,2
7916,0,6633,4053,6691,251,974,2018,14,178,121,4219,63.0,29,4,0
7917,0,6634,2257,5483,603,518,2017,11,7,325,1247,104.0,79,12,2
7918,0,6651,1643,5917,251,564,2014,12,34,200,694,127.0,29,7,2
7919,1,6652,4303,4387,708,1449,2020,13,138,423,200,3.0,79,17,2
7920,0,6654,1469,3476,603,1478,2007,8,18,186,4223,113.0,79,7,3
7921,0,6655,1453,6106,603,1092,1972,8,211,17,7325,91.0,79,0,0
7922,0,6658,632,1062,603,1063,2006,7,66,60,7789,154.0,79,0,3
7924,1,6653,4303,7246,506,294,2016,12,0,102,7123,1.0,78,3,2
7925,0,6661,624,5095,603,1108,1999,7,200,185,1076,82.0,79,7,0
7926,0,6664,309,7076,272,744,2016,9,218,329,4221,98.0,30,12,0
7927,1,6671,4303,5756,603,1236,2020,11,0,234,2590,1.0,79,8,2
7928,0,6674,2719,6861,603,629,2017,11,6,274,3803,103.0,79,10,2
7929,0,6675,336,6863,603,797,2017,11,204,285,2811,86.0,79,10,0
7930,0,6676,2717,7246,603,294,2016,10,212,274,2975,92.0,79,10,0
7931,0,6680,480,6496,251,1146,1977,12,30,319,1989,123.0,29,12,2
7932,1,6681,4303,5156,736,613,2018,9,0,412,2852,1.0,80,16,3
7933,0,6684,4185,3451,718,1147,2007,8,21,315,1731,116.0,79,12,3
7935,0,6689,1740,3469,621,1119,2017,8,213,325,4471,93.0,79,12,0
7936,0,6692,893,5579,712,842,2016,8,217,199,1306,97.0,79,7,0
7937,0,6696,1066,3904,108,364,2016,11,11,39,4124,108.0,12,0,2
7938,0,6697,730,4859,239,694,1980,8,4,52,6050,101.0,26,0,3
7939,1,6701,4303,6953,603,1132,2010,12,0,422,2123,1.0,79,17,2
7940,0,6713,4034,594,251,564,1999,12,91,328,2908,177.0,29,12,2
7941,0,6718,3746,5737,251,668,2008,9,215,326,1849,95.0,29,12,0
7942,0,6721,2785,7166,656,944,2011,8,217,230,6030,97.0,79,7,0
7943,1,6726,4303,1491,206,828,2018,9,110,258,1642,2.0,20,8,3
7944,1,6735,4303,5441,589,984,1993,11,0,498,4335,1.0,78,31,1
7946,0,6740,2985,5344,251,458,2014,11,16,54,702,111.0,29,0,2
7947,0,6750,2108,3485,162,564,2015,11,199,375,835,81.0,20,15,0
7948,0,6752,755,7147,603,649,1999,3,207,121,1743,89.0,79,4,3
7949,0,6753,610,2624,603,373,2005,3,188,121,4245,72.0,79,4,3
7950,0,6754,3716,5081,150,937,2013,9,17,217,375,112.0,18,7,3
7951,0,6765,3650,5104,603,987,2016,14,160,121,1826,48.0,79,4,2
7952,0,6766,3935,7246,603,442,2017,9,199,274,4993,81.0,79,10,0
7953,0,6776,2393,456,251,564,2010,12,46,332,5253,137.0,29,12,2
7954,0,6778,1948,5292,603,257,2016,11,207,320,7562,89.0,79,12,0
7955,0,6779,2255,1376,246,930,2007,6,205,125,4725,87.0,26,4,0
7957,0,6780,2815,5500,667,1147,1991,6,206,125,6535,88.0,79,4,0
7958,0,6781,3994,3577,736,1147,1990,6,214,20,1791,94.0,80,0,0
7959,0,6782,1256,3826,251,685,2010,12,32,219,449,125.0,29,7,2
7960,0,6785,1154,7246,688,222,2016,14,182,121,7232,67.0,79,4,0
7961,0,6787,2971,2427,7,668,2017,11,11,326,2460,108.0,0,12,2
7962,0,6788,1886,7501,239,853,2015,11,5,319,3686,102.0,26,12,2
7963,1,6791,4303,584,342,517,2010,12,0,391,7694,1.0,44,16,2
7964,0,6793,2033,748,660,1147,2003,8,12,60,6364,109.0,79,0,3
7965,0,6794,2749,1411,662,1147,2009,7,20,60,2124,115.0,79,0,3
7966,0,6795,4456,7272,162,143,2015,12,218,281,7162,98.0,20,10,0
7968,0,6800,882,3176,603,709,2017,11,202,349,5501,84.0,79,13,0
7969,0,6803,4049,2608,251,458,2016,12,42,220,5431,133.0,29,7,2
7970,0,6804,3335,596,555,495,2012,11,28,53,7047,121.0,78,0,2
7971,1,6805,1078,6345,251,589,2015,14,0,433,635,1.0,29,17,2
7972,1,6807,4303,7246,251,953,2019,11,0,512,3950,1.0,29,34,1
7973,1,6812,4303,7169,603,474,2005,9,196,487,3610,8.0,79,30,1
7974,1,6819,4303,7246,603,859,2018,11,0,291,3492,1.0,79,11,2
7975,0,6820,2975,7246,603,1104,2016,11,3,289,2383,100.0,79,10,2
7976,0,6826,2896,149,349,595,2016,11,22,39,4500,117.0,44,0,2
7977,0,6831,2726,7246,58,987,2018,9,194,281,3169,78.0,10,10,0
7979,0,6832,3155,2984,603,668,2015,8,205,344,2702,87.0,79,12,0
7980,1,6833,4303,6194,736,438,2010,12,110,412,2380,2.0,80,16,2
7981,0,6834,1404,6261,58,343,2016,14,206,121,1804,88.0,10,4,0
7982,1,6835,4303,4447,15,1147,2015,14,110,433,4271,2.0,1,17,2
7983,0,6837,3559,6979,603,1450,2005,6,213,121,26,93.0,79,4,0
7984,0,6839,4020,3013,697,1108,2011,6,10,121,6769,107.0,79,4,3
7985,0,6840,1226,5783,2,590,2007,11,219,330,4625,99.0,0,12,0
7986,0,6843,1818,3699,435,518,2016,11,50,39,3806,140.0,67,0,2
7987,0,6851,3527,4895,603,1478,1995,7,18,203,6722,113.0,79,7,3
7988,0,6852,273,6190,603,1147,2005,8,207,345,7045,89.0,79,13,0
7990,1,6853,4303,558,603,380,1967,10,196,159,4212,8.0,79,5,0
7991,0,6855,4174,3083,161,1196,2019,6,217,125,3447,97.0,19,4,0
7992,0,6856,1053,7246,603,1206,2019,11,217,274,2457,97.0,79,10,0
7993,0,6857,3716,475,150,970,2010,9,11,200,5852,108.0,18,7,3
7994,1,6858,4303,3018,419,800,2014,12,110,385,8652,2.0,63,16,2
7995,0,6859,1267,7680,457,343,2015,11,198,200,1423,80.0,69,7,0
7996,0,6865,2034,4096,86,795,2013,8,210,24,3123,90.0,10,0,0
7997,0,6864,789,7443,621,1310,2000,8,22,0,3878,117.0,79,0,3
7998,0,6868,4397,4957,177,1209,2016,8,215,0,621,95.0,20,0,0
7999,0,6869,294,2058,589,816,2016,8,204,349,423,86.0,78,13,0
8002,1,6876,4303,7246,736,1119,2009,9,0,447,1049,1.0,80,21,3
8003,0,6878,2327,2872,603,556,2017,9,3,309,2024,100.0,79,12,3
8004,0,6880,1175,2905,506,801,2015,11,205,185,2880,87.0,78,7,0
8005,0,6881,2211,7246,603,314,2016,11,4,274,4773,101.0,79,10,2
8006,0,6887,1997,30,239,694,1993,9,201,52,8533,83.0,26,0,0
8007,0,6889,605,5037,603,908,2018,11,207,359,5137,89.0,79,13,0
8008,0,6891,1956,2684,603,313,1942,9,94,173,3268,18.0,79,6,3
8009,1,6895,4303,2677,736,438,2012,11,0,412,6470,1.0,80,16,2
8010,1,6898,1228,7246,45,213,2016,12,0,294,7648,1.0,6,11,2
8011,1,6902,4303,2296,506,844,2011,9,0,102,4234,1.0,78,3,3
8013,1,6903,4303,906,506,844,2015,12,0,114,4442,1.0,78,3,2
8014,0,6908,4241,7132,603,817,2018,11,188,274,6910,72.0,79,10,0
8015,0,6915,3607,5224,603,403,2016,11,215,345,270,95.0,79,13,0
8016,0,6916,3121,2088,86,946,2015,8,215,349,8397,95.0,10,13,0
8017,0,6919,3295,4285,603,897,2016,8,218,343,4254,98.0,79,12,0
8018,1,6927,126,1699,506,81,2001,10,0,100,3156,1.0,78,3,3
8019,0,6931,2247,7246,603,398,2016,9,173,274,3791,59.0,79,10,0
8020,1,6932,4303,1437,506,844,2011,11,0,99,6889,1.0,78,3,2
8021,0,6934,128,1804,603,987,2010,8,23,60,3248,118.0,79,0,3
8022,0,6940,3103,1406,162,301,2015,11,218,329,8535,98.0,20,12,0
8024,0,6942,303,3181,603,1063,2010,7,16,27,2864,111.0,79,0,3
8025,0,6943,3488,1180,603,959,2009,7,21,467,262,116.0,79,24,1
8026,0,6944,4420,3295,623,1282,2016,7,217,349,805,97.0,79,13,0
8027,0,6947,2637,771,589,818,2008,7,215,319,8244,95.0,78,12,0
8028,0,6951,2994,3348,603,1092,2007,8,29,344,5426,122.0,79,12,3
8029,0,6952,2227,7633,603,946,2019,11,215,324,5446,95.0,79,12,0
8030,0,6953,3061,6207,281,555,2017,7,213,141,274,93.0,32,4,0
8031,0,6956,3274,7348,603,1000,2006,7,10,203,3018,107.0,79,7,3
8032,0,6960,2325,1342,368,1038,2017,9,24,329,101,119.0,49,12,3
8033,0,6963,4146,4763,640,987,2005,7,24,60,2890,119.0,79,0,3
8035,0,6964,3527,2900,603,1063,2007,7,217,197,7569,97.0,79,7,0
8036,0,6965,1616,3725,736,937,2013,11,216,217,1170,96.0,80,7,0
8037,0,6966,4303,1364,239,727,1983,9,6,39,1914,103.0,26,0,3
8038,0,6970,3956,1909,632,900,2017,7,216,359,7191,96.0,79,13,0
8039,0,6971,1455,2489,603,1217,2019,11,9,363,4194,106.0,79,14,2
8040,0,6975,3082,6364,297,791,2017,9,12,319,7806,109.0,33,12,3
8041,1,6977,637,7246,251,900,2018,11,0,385,3766,1.0,29,16,2
8042,0,6978,417,6193,58,672,2014,8,17,344,3416,112.0,10,12,3
8043,0,6979,1176,2974,603,1282,1977,6,216,270,4569,96.0,79,9,0
8044,0,6981,3800,7346,603,613,2017,11,175,289,3588,60.0,79,10,0
8046,0,6982,2008,5002,603,489,2017,12,18,310,2858,113.0,79,12,2
8047,0,6985,4121,191,150,970,2017,11,33,39,1088,126.0,18,0,2
8048,0,6973,2325,7405,368,1038,2016,9,12,332,545,109.0,49,12,3
8049,0,6990,860,1167,603,273,2016,8,213,359,1709,93.0,79,13,0
8050,1,6993,4303,1593,15,1014,2017,9,0,385,4208,1.0,1,16,3
8051,0,6994,2524,5121,150,976,2010,11,4,328,318,101.0,18,12,2
8052,0,6995,355,357,462,323,2016,9,16,332,4309,111.0,69,12,3
8053,0,6997,1011,5166,346,146,2015,11,10,319,8742,107.0,44,12,2
8054,0,6998,1987,2605,589,1092,2013,6,3,310,923,100.0,78,12,3
8055,0,7001,2774,2926,603,869,2016,12,212,125,3818,92.0,79,4,0
8057,0,7002,3066,6787,603,1092,1965,9,6,174,4377,103.0,79,6,3
8058,1,7013,4303,4625,506,542,2011,12,0,100,4899,1.0,78,3,2
8059,0,7017,1994,898,603,680,2010,8,8,318,1147,105.0,79,12,3
8060,0,7018,1551,7042,603,1007,2018,9,6,230,1768,103.0,79,7,3
8061,0,7022,560,1489,58,848,2016,7,4,199,359,101.0,10,7,3
8062,0,7024,377,6075,299,1029,2013,11,30,330,1519,123.0,33,12,2
8063,0,7027,239,3960,150,924,2011,9,19,223,839,114.0,18,7,3
8064,0,7030,275,6071,603,1147,1996,8,4,359,2657,101.0,79,13,3
8065,1,7031,4303,5532,435,328,2016,9,110,382,6765,2.0,67,16,3
8066,0,7037,2292,5318,603,1011,2013,6,219,125,8114,99.0,79,4,0
8068,0,7038,162,1061,603,818,1994,8,5,33,5604,102.0,79,0,3
8069,0,7041,2601,3023,394,1063,1970,12,181,190,8357,66.0,55,7,0
8070,0,7042,2994,6765,564,1147,1992,8,17,182,4257,112.0,78,6,3
8071,1,7046,4303,6035,603,1048,2016,12,0,300,5536,1.0,79,11,2
8072,0,7047,1758,2886,589,315,2015,8,4,185,686,101.0,78,7,3
8073,0,7050,3767,6695,251,518,2009,9,219,326,2406,99.0,29,12,0
8074,0,7051,1633,5720,272,795,2011,11,8,329,5621,105.0,30,12,2
8075,0,7053,1331,3290,718,930,1982,6,213,121,4844,93.0,79,4,0
8076,0,7055,4123,4522,251,1146,2018,11,28,326,6272,121.0,29,12,2
8077,0,7056,4303,7246,506,649,2016,11,191,50,2272,75.0,78,0,0
8079,0,7059,3914,2399,15,333,2015,11,215,309,4129,95.0,1,12,0
8080,0,7060,3257,7133,35,872,2017,11,3,289,2922,100.0,2,10,2
8081,1,7063,4303,4480,59,63,2015,14,110,433,131,2.0,10,17,2
8082,0,7078,2671,4247,667,1478,2006,8,63,344,7544,151.0,79,12,3
8083,0,7079,687,5609,4,771,2017,9,194,326,8516,78.0,0,12,0
8084,0,7080,552,323,603,856,2017,9,203,359,3680,85.0,79,13,0
8085,0,7088,4422,7246,316,675,2017,12,184,280,4398,69.0,34,10,0
8086,0,7083,4420,2263,603,1108,2012,8,202,359,2679,84.0,79,13,0
8087,1,7084,4303,6200,319,900,2013,9,0,75,7271,1.0,36,2,3
8088,0,7087,3974,7246,603,831,2018,9,206,274,6859,88.0,79,10,0
8090,0,7090,207,367,603,684,2015,11,204,358,6371,86.0,79,13,0
8091,0,7107,3514,7339,272,740,2009,12,28,326,1255,121.0,30,12,2
8092,0,7108,525,3525,667,426,2016,11,219,513,2981,99.0,79,35,1
8093,1,7110,4303,3428,58,701,2011,11,0,409,1283,1.0,10,16,2
8094,0,7112,2271,7507,603,960,2016,8,15,309,4285,110.0,79,12,3
8095,0,7113,1786,3459,603,1147,2005,7,7,20,6395,104.0,79,0,3
8096,0,7114,3539,5876,603,1147,2007,8,215,20,6626,95.0,79,0,0
8097,0,7119,3189,4709,567,425,2015,11,216,326,7073,96.0,78,12,0
8098,1,7120,4303,7246,603,736,2016,12,0,291,7086,1.0,79,11,2
8099,0,7125,1728,3075,603,678,2015,8,9,318,13,106.0,79,12,3
8101,0,7126,2132,31,603,726,2017,11,17,362,2588,112.0,79,14,2
8102,0,7131,3703,1118,603,1154,1981,11,203,172,3362,85.0,79,6,0
8103,0,7132,996,4296,589,1010,2016,8,10,337,3359,107.0,78,12,3
8104,0,7134,3027,3979,603,317,2016,8,192,346,2693,76.0,79,13,0
8105,1,7139,2820,5642,506,313,2012,11,0,98,5891,1.0,78,3,2
8106,0,7140,1021,7246,506,153,2015,11,215,281,1539,95.0,78,10,0
8107,0,7141,1859,3203,603,657,2018,11,206,213,3384,88.0,79,7,0
8108,0,7143,1008,4684,603,829,2010,8,21,343,1670,116.0,79,12,3
8109,0,7144,2325,5860,368,1063,2009,9,28,353,7970,121.0,49,13,3
8110,0,7145,1013,1035,603,1147,2009,8,200,345,5452,82.0,79,13,0
8113,0,7148,833,5513,666,192,2014,9,205,318,7498,87.0,79,12,0
8114,0,7149,3589,2502,45,1121,2019,11,158,217,5043,46.0,6,7,0
8115,0,7150,1613,953,603,1108,1996,6,6,185,3742,103.0,79,7,3
8116,1,7152,2654,7100,506,436,2016,11,0,98,7449,1.0,78,3,2
8117,0,7153,730,5656,239,683,1978,8,217,32,387,97.0,26,0,0
8118,0,7156,604,3405,603,1063,1994,6,211,125,6404,91.0,79,4,0
8119,0,7157,604,4663,603,1063,2000,6,211,132,8699,91.0,79,4,0
8120,0,7160,2759,4082,239,680,1975,11,4,39,4397,101.0,26,0,2
8121,0,7161,3526,2915,632,987,2008,7,7,60,5013,104.0,79,0,3
8122,0,7162,3258,7246,603,539,2017,11,212,274,6904,92.0,79,10,0
8124,0,7163,2665,5665,525,1186,2017,8,18,52,1848,113.0,78,0,3
8125,0,7167,3091,1479,506,433,2014,11,207,345,1673,89.0,78,13,0
8126,1,7169,4303,7001,603,451,2017,9,162,498,7088,5.0,79,31,1
8127,0,7170,1969,4160,664,1356,2016,7,20,309,1607,115.0,79,12,3
8128,0,7173,4202,3547,363,448,2016,12,202,289,5497,84.0,48,10,0
8129,0,7175,3792,5321,603,1362,2013,8,9,344,4791,106.0,79,12,3
8130,1,7177,4303,6366,589,270,2015,13,110,110,3432,2.0,78,3,2
8131,1,7179,4303,7246,370,161,2007,12,0,294,681,1.0,50,11,2
8132,0,7184,3004,1548,272,795,2003,9,31,200,2804,124.0,30,7,3
8133,0,7185,2620,7246,603,843,2018,11,201,289,6897,83.0,79,10,0
8135,0,7188,832,2372,603,1231,2019,11,10,325,3209,107.0,79,12,2
8136,0,7197,979,1614,713,1482,2011,8,70,344,8064,158.0,79,12,3
8137,1,7200,4303,7246,251,358,2016,10,0,292,8694,1.0,29,11,2
8138,0,7201,1111,2593,296,982,2018,11,215,347,2596,95.0,33,13,0
8139,0,7203,3205,7638,603,535,2017,7,217,203,1455,97.0,79,7,0
8140,0,7206,2184,2976,603,226,2016,11,217,325,7560,97.0,79,12,0
8141,0,7208,2989,3209,603,1108,2009,8,207,185,4191,89.0,79,7,0
8142,0,7209,963,6466,600,754,2014,9,74,310,4646,161.0,78,12,3
8143,0,7210,963,6464,731,753,2015,9,116,310,8675,205.0,79,12,0
8144,0,7211,963,6465,736,753,2015,9,30,310,5974,123.0,80,12,3
8146,0,7212,963,6467,736,753,2014,9,103,310,6382,190.0,80,12,3
8147,0,7215,4303,7663,435,907,2018,11,45,39,4607,136.0,67,0,2
8148,1,7218,4303,4727,506,788,2018,12,151,114,4244,4.0,78,3,0
8149,0,7220,3837,467,251,1146,1979,9,74,16,2069,161.0,29,0,3
8150,0,7224,1951,934,606,1092,2005,8,42,36,4402,133.0,79,0,3
8151,1,7225,4303,4443,506,313,2013,5,0,97,7158,1.0,78,3,3
8152,0,7226,2835,6483,603,1241,2011,7,24,20,593,119.0,79,0,3
8153,1,7232,4303,2250,603,870,2013,11,0,487,3572,1.0,79,30,1
8154,0,7240,2792,6369,603,501,2017,8,214,345,3871,94.0,79,13,0
8155,0,7245,2846,2573,603,740,2008,7,203,359,1266,85.0,79,13,0
8157,0,7246,3146,5426,448,1282,2017,9,11,139,584,108.0,69,4,3
8158,0,7250,2742,7246,58,935,2018,11,187,274,6039,71.0,10,10,0
8159,0,7251,4127,2094,603,1282,2011,7,57,309,1486,147.0,79,12,3
8160,0,7252,692,5355,58,1039,2017,11,206,345,1337,88.0,10,13,0
8161,0,7253,4511,2066,444,153,2015,11,219,326,7231,99.0,69,12,0
8162,0,7254,2629,2986,603,561,2017,11,216,318,2242,96.0,79,12,0
8163,0,7261,1450,5564,603,304,2016,8,217,0,5438,97.0,79,0,0
8164,0,7263,3067,5689,488,677,2005,9,212,205,3807,92.0,74,7,0
8165,1,7264,4303,6436,736,359,2015,12,0,378,5652,1.0,80,16,2
8166,0,7273,880,7246,603,379,2016,9,195,274,7025,79.0,79,10,0
8168,1,7269,4303,7344,251,313,2015,12,138,385,8609,3.0,29,16,2
8169,0,7276,3634,7246,251,314,2013,12,167,283,398,53.0,29,10,0
8170,0,7277,3531,5325,58,804,2017,8,214,60,4433,94.0,10,0,0
8171,0,7279,2359,2672,675,843,2014,6,30,197,201,123.0,79,7,3
8172,1,7280,4303,1699,506,346,2015,12,0,102,8663,1.0,78,3,2
8173,0,7281,3520,7083,589,732,2018,7,6,0,292,103.0,78,0,3
8174,0,7282,4383,3929,603,270,2016,7,16,289,3597,111.0,79,10,3
8175,0,7288,4146,2658,517,876,2009,7,30,60,7862,123.0,78,0,3
8176,1,7292,4303,6644,506,518,2010,11,138,117,7112,3.0,78,3,0
8177,0,7293,1650,5902,342,369,2014,11,3,373,7491,100.0,44,15,2
8179,0,7295,3287,5601,134,869,2018,10,191,121,5966,75.0,17,4,0
8180,0,7296,571,1533,603,842,2018,6,23,125,7738,118.0,79,4,3
8181,0,7298,1330,2571,603,1424,1995,6,216,138,134,96.0,79,4,0
8182,0,7300,4019,4764,603,684,2009,8,11,197,8462,108.0,79,7,3
8183,0,7307,1277,1931,506,347,2016,11,219,332,1751,99.0,78,12,0
8184,0,7308,1278,3656,506,861,2018,11,6,326,3365,103.0,78,12,2
8185,0,7313,3505,5980,603,1147,2009,7,219,230,4513,99.0,79,7,0
8186,1,7314,4303,4690,506,1202,2018,11,110,96,1544,2.0,78,3,0
8187,0,7317,2179,4342,603,165,2015,11,3,349,700,100.0,79,13,2
8188,1,7318,4303,4968,736,222,2008,11,0,234,6857,1.0,80,8,2
8190,0,7321,3298,4869,531,993,2011,7,8,326,5284,105.0,78,12,3
8191,0,7326,506,7246,162,519,2015,9,166,281,6874,52.0,20,10,0
8192,1,7327,4303,2948,603,495,2010,12,0,295,5332,1.0,79,11,2
8193,0,7328,3573,4632,603,876,2007,7,9,203,6107,106.0,79,7,3
8194,1,7332,4303,2096,257,939,2010,14,0,422,6791,1.0,29,17,2
8195,0,7333,3514,5719,272,764,2013,12,210,326,2359,90.0,30,12,0
8196,0,7339,2172,4216,603,709,2017,7,215,344,8721,95.0,79,12,0
8197,1,7343,4303,4239,736,930,2019,12,0,446,4237,1.0,80,21,2
8198,0,7346,4228,1504,590,637,2010,8,23,326,4734,118.0,78,12,3
8199,1,7357,4303,3186,86,580,2009,11,174,462,7149,6.0,10,23,1
8201,1,7358,4303,2665,435,540,2017,11,0,383,6723,1.0,67,16,2
8202,0,7359,133,3851,603,1038,2006,6,218,338,677,98.0,79,12,0
8203,0,7360,4195,6799,603,638,2017,6,204,145,116,86.0,79,4,0
8204,0,7365,3307,6677,41,247,2016,11,202,281,4670,84.0,5,10,0
8205,0,7376,1434,4316,15,208,1992,8,213,174,6278,93.0,1,6,0
8206,0,7377,930,5553,206,1038,2010,7,206,349,5812,88.0,20,13,0
8207,0,7378,3802,3095,603,1157,2016,8,40,309,5935,131.0,79,12,3
8208,0,7379,3589,2351,45,807,2018,11,156,217,4733,44.0,6,7,0
8209,0,7385,2630,2175,506,150,2014,12,216,274,2642,96.0,78,10,0
8210,0,7389,1061,7246,603,920,2018,9,186,274,4693,70.0,79,10,0
8212,0,7394,3530,1048,603,1086,2019,6,206,343,1669,88.0,79,12,0
8213,0,7403,3265,7246,603,495,2017,11,205,274,6880,87.0,79,10,0
8214,0,7408,2558,752,251,900,2016,9,23,200,1618,118.0,29,7,3
8215,1,7413,4303,170,736,464,2013,9,0,244,2681,1.0,80,8,3
8216,0,7424,1822,392,86,809,2017,8,207,211,5183,89.0,10,7,0
8217,0,7425,554,7489,603,788,2018,6,203,138,4895,85.0,79,4,0
8218,0,7427,2645,3149,176,1429,2015,6,10,121,8127,107.0,20,4,3
8219,0,7431,1301,7233,212,883,2006,8,47,332,2539,138.0,22,12,3
8220,1,7432,4303,1428,603,112,2015,9,0,265,3498,1.0,79,8,3
8221,0,7433,4474,1499,290,789,2015,8,24,220,4457,119.0,32,7,3
8224,0,7434,606,1311,279,700,2017,8,213,350,7454,93.0,32,13,0
8225,0,7437,1792,7246,603,979,2019,12,205,277,3543,87.0,79,10,0
8226,0,7439,3537,1148,603,1108,1974,8,28,169,7690,121.0,79,6,3
8227,0,7440,1338,2779,603,842,2008,6,215,204,8088,95.0,79,7,0
8228,0,7441,2070,7246,142,121,2014,7,6,281,4486,103.0,17,10,3
8229,0,7442,3251,2007,367,1147,2003,7,113,60,2469,201.0,48,0,3
8230,0,7443,3251,2008,367,1147,2002,7,93,60,3916,179.0,48,0,3
8231,0,7452,2593,4991,551,1108,2008,7,205,233,5791,87.0,78,7,0
8232,0,7456,3540,7246,506,288,2016,9,218,281,7035,98.0,78,10,0
8233,0,7930,3958,3225,394,1063,1982,9,200,326,912,82.0,55,12,0
8235,0,7458,2001,6756,239,694,1993,9,203,221,7296,85.0,26,7,0
8236,0,7459,3562,5632,610,608,2017,12,210,274,3295,90.0,79,10,0
8237,1,7467,4303,1699,601,111,2012,12,0,102,3296,1.0,78,3,2
8238,0,7469,1975,3024,603,526,2009,9,183,288,7071,68.0,79,10,0
8239,0,7475,2665,681,659,1147,1998,7,47,58,2231,138.0,79,0,3
8240,0,7479,2431,3846,603,1092,1999,8,45,60,236,136.0,79,0,3
8241,0,7480,2431,3847,603,1092,2003,8,47,60,6506,138.0,79,0,3
8242,0,7481,2431,3848,603,1092,2003,8,36,60,6547,129.0,79,0,3
8243,0,7483,2223,5633,603,918,2018,9,21,274,680,116.0,79,10,3
8244,0,7484,3165,5019,435,447,2017,11,39,326,8645,130.0,67,12,2
8246,0,7489,4428,7246,603,313,1944,12,152,173,6845,40.0,79,6,0
8247,0,7490,1458,2403,718,962,2009,8,214,185,642,94.0,79,7,0
8248,1,7492,4303,6562,603,137,2015,9,0,500,564,1.0,79,31,1
8249,1,7500,4303,658,603,474,2016,12,162,291,5752,5.0,79,11,0
8250,1,7503,4303,7246,162,602,2012,10,110,433,6150,2.0,20,17,1
8251,1,7505,4303,6083,444,538,2017,11,138,398,7219,3.0,69,16,0
8252,0,7516,2521,4636,134,227,2016,11,7,319,3146,104.0,17,12,2
8253,0,7518,629,7667,621,825,2016,8,211,346,1264,91.0,79,13,0
8254,0,7519,1944,2505,363,97,2015,11,186,309,5816,70.0,48,12,0
8255,1,7520,4303,7246,603,550,2018,11,0,291,2867,1.0,79,11,2
8257,1,7522,4303,1007,470,392,2017,11,0,410,1101,1.0,70,16,2
8258,0,7528,1712,3074,603,1367,2011,6,7,125,8349,104.0,79,4,3
8259,1,7529,4303,7246,506,313,2015,11,0,96,7134,1.0,78,3,2
8260,0,7530,2816,7084,302,657,2017,12,20,328,2747,115.0,34,12,2
8261,0,7534,1031,4259,736,1147,1991,7,203,185,2900,85.0,80,7,0
8262,0,7535,1031,4260,603,1478,1988,7,203,186,4105,85.0,79,7,0
8263,0,7536,472,6063,603,1147,1984,6,47,180,507,138.0,79,6,3
8264,0,7537,4028,7246,603,313,1944,9,152,173,6964,40.0,79,6,0
8265,1,7540,4303,1733,603,1479,2021,11,0,472,4242,1.0,79,28,1
8266,0,7543,675,7068,58,914,2018,11,200,215,3605,82.0,10,7,0
8268,1,7551,4303,7246,603,736,2017,9,0,291,6779,1.0,79,11,3
8269,0,7532,3964,7246,212,244,2016,9,210,281,3768,90.0,22,10,0
8270,0,7554,2360,4483,603,956,2018,6,219,121,8213,99.0,79,4,0
8271,1,7560,4303,6774,603,105,2012,9,208,487,7049,9.0,79,30,1
8272,0,7566,721,4668,603,957,2014,8,211,199,3100,91.0,79,7,0
8273,0,7567,4405,217,388,867,2008,12,9,217,5794,106.0,54,7,2
8274,0,7574,50,7460,603,1174,2010,7,11,20,5428,108.0,79,0,3
8275,0,7590,1953,6778,506,684,2001,8,214,20,2081,94.0,78,0,0
8276,0,7591,488,6169,506,818,2016,5,205,320,6608,87.0,78,12,0
8277,0,7592,2888,2405,603,1147,1997,8,31,0,2014,124.0,79,0,3
8279,0,7593,121,3591,603,1092,1993,7,51,344,8293,141.0,79,12,3
8280,0,7595,1813,7246,736,709,2018,9,213,284,3895,93.0,80,10,0
8281,0,7600,3978,4341,603,1225,2012,7,6,197,1039,103.0,79,7,3
8282,0,7601,1934,2421,589,959,2004,7,51,336,4286,141.0,78,12,3
8283,0,7604,3292,7119,212,67,2013,8,67,39,747,155.0,22,0,3
8284,0,7607,3865,6785,639,987,2006,6,213,125,2899,93.0,79,4,0
8285,0,7608,3231,4508,603,25,2014,3,194,121,4887,78.0,79,4,3
8286,0,7609,630,2187,425,564,2017,8,23,309,2274,118.0,65,12,3
8287,0,7610,3253,2747,589,1394,2012,6,206,125,2301,88.0,78,4,0
8288,0,7612,1063,6177,603,348,2012,8,50,318,1297,140.0,79,12,3
8290,0,7614,2205,518,251,564,2015,11,31,332,1741,124.0,29,12,2
8291,0,7617,81,5846,150,976,2012,11,15,217,7356,110.0,18,7,2
8292,0,7619,3565,7108,603,1478,2004,3,3,121,4910,100.0,79,4,3
8293,0,7622,3423,7246,86,701,2017,9,216,274,6823,96.0,10,10,0
8294,0,7624,699,3700,435,448,2004,11,21,200,6650,116.0,67,7,2
8295,0,7626,596,3069,718,862,2014,8,211,0,462,91.0,79,0,0
8296,0,7627,2662,3596,639,1394,2004,6,16,230,595,111.0,79,7,3
8297,0,7633,3615,592,603,1000,2009,3,218,121,4392,98.0,79,4,3
8298,0,7634,2950,6822,435,488,2017,11,32,39,255,125.0,67,0,2
8299,0,7640,1979,755,603,1019,2019,9,192,274,4494,76.0,79,10,0
8301,0,7641,1360,7469,603,1063,2006,7,22,309,7726,117.0,79,12,3
8302,0,7642,1459,2493,603,965,2018,11,210,289,1668,90.0,79,10,0
8303,1,7643,4303,6246,58,116,2009,12,0,300,4247,1.0,10,11,2
8304,0,7651,3514,1547,272,755,2008,12,24,141,7463,119.0,30,4,2
8305,0,7652,1314,4759,656,1108,1997,7,45,344,1390,136.0,79,12,3
8306,1,7654,4303,3217,603,1048,2016,9,0,446,8751,1.0,79,21,3
8307,0,7655,2892,7246,251,247,2010,12,166,281,3493,52.0,29,10,0
8308,1,7657,4303,1658,506,515,2006,11,0,100,3494,1.0,78,3,2
8309,0,7658,2245,2346,628,367,2015,12,199,289,682,81.0,79,10,0
8310,0,7660,3836,5469,603,868,2016,11,193,289,6907,77.0,79,10,0
8312,0,7663,1563,7246,603,657,2017,9,27,289,5767,120.0,79,10,3
8313,0,7664,206,3006,363,518,2016,11,5,319,378,102.0,48,12,2
8314,0,7668,83,872,736,964,2015,9,210,326,5206,90.0,80,12,0
8315,1,7672,4303,639,162,858,2015,11,0,413,5547,1.0,20,16,2
8316,0,7673,3993,1911,584,258,2016,11,210,350,1614,90.0,78,13,0
8317,0,7675,1049,3884,417,561,2016,11,212,348,8028,92.0,62,13,0
8318,0,7676,1501,2594,150,970,2011,9,213,329,7618,93.0,18,12,0
8319,0,7677,1454,5179,603,1147,2002,7,21,359,971,116.0,79,13,3
8320,0,7678,2454,6262,506,304,2014,8,10,326,1728,107.0,78,12,3
8321,0,7683,2949,3360,603,256,2016,5,205,318,603,87.0,79,12,0
8323,0,7684,868,4871,603,709,1994,7,16,0,1272,111.0,79,0,3
8324,1,7685,4303,620,407,709,2017,9,0,412,6299,1.0,59,16,3
8325,0,7688,3192,4965,506,890,2016,11,4,283,3722,101.0,78,10,2
8326,0,7689,790,4232,603,1225,2011,7,211,513,8444,91.0,79,35,1
8327,0,7691,1003,2539,30,671,2014,8,6,375,6026,103.0,1,15,3
8328,0,6707,626,3448,718,1124,2011,8,27,197,5056,120.0,79,7,3
8329,0,7697,428,5326,603,432,2015,8,210,318,75,90.0,79,12,0
8330,0,7702,2310,4505,146,295,2014,8,212,319,4628,92.0,17,12,0
8331,0,7703,4402,1384,15,925,2012,7,219,199,6104,99.0,1,7,0
8332,0,7706,1330,6040,216,1116,2001,8,31,344,5813,124.0,22,12,3
8335,0,7707,1496,4782,603,771,2015,7,16,309,157,111.0,79,12,3
8336,0,7709,3977,7246,603,590,2016,10,143,274,7310,32.0,79,10,0
8337,0,7712,772,5574,650,1143,2019,6,204,125,5515,86.0,79,4,0
8338,0,7716,4182,7246,603,323,2014,8,7,274,7114,104.0,79,10,3
8339,1,7718,4303,7246,603,736,2015,12,0,291,7122,1.0,79,11,2
8340,0,7721,33,253,251,564,2014,11,30,219,7227,123.0,29,7,2
8341,0,7723,1427,3528,603,1282,2017,11,8,309,350,105.0,79,12,2
8342,0,7726,1095,6714,302,1433,1955,9,217,165,8512,97.0,34,6,0
8343,0,7727,4421,1079,603,666,2014,7,217,467,3385,97.0,79,24,1
8344,0,7732,1650,2534,342,257,2015,5,210,347,6248,90.0,44,13,0
8346,0,7733,4059,2692,272,734,2013,9,76,329,8072,163.0,30,12,3
8347,1,7741,4303,4018,498,636,2017,11,138,244,2350,3.0,76,8,0
8348,0,7744,979,3227,603,1225,2010,7,28,309,3267,121.0,79,12,3
8349,0,7751,3239,2379,603,959,2016,7,27,59,2091,120.0,79,0,3
8350,0,7752,1728,5010,603,668,2013,8,215,322,3009,95.0,79,12,0
8351,0,7931,2316,3025,394,1063,1978,11,202,319,8130,84.0,55,12,0
8352,0,7757,604,2911,603,1424,2010,6,214,9,8447,94.0,79,0,0
8353,0,7758,4167,7246,506,904,2019,11,214,281,2734,94.0,78,10,0
8354,0,7766,2333,996,603,368,2015,8,29,325,3095,122.0,79,12,3
8355,1,7770,4303,5106,603,844,2017,9,110,291,4238,2.0,79,11,3
8357,1,7771,4303,5106,603,844,2017,9,0,291,3519,1.0,79,11,3
8358,0,7777,4017,382,603,883,2017,9,210,513,7925,90.0,79,35,1
8359,0,7781,851,7246,506,300,2015,11,211,281,6311,91.0,78,10,0
8360,0,7782,3972,5556,603,857,2017,8,207,345,8120,89.0,79,13,0
8361,1,7783,4303,1189,621,148,1989,14,0,422,5364,1.0,79,17,2
8362,0,7786,4415,7246,603,707,2018,9,218,274,6358,98.0,79,10,0
8363,0,7790,4253,1806,718,1038,2009,8,9,0,7903,106.0,79,0,3
8364,0,7791,342,4762,603,1147,1999,8,48,344,197,139.0,79,12,3
8365,0,7795,4203,2523,603,1082,1974,8,201,271,8329,83.0,79,9,0
8366,0,7797,2906,3959,150,964,2013,9,216,326,1111,96.0,18,12,0
8368,0,7800,2399,1666,603,597,2016,9,214,199,4983,94.0,79,7,0
8369,0,7801,2378,2772,506,766,2017,10,172,274,6911,58.0,78,10,0
8370,0,7802,3916,2540,717,1111,2002,7,216,60,2745,96.0,79,0,0
8371,0,7803,3560,5771,603,1063,2009,7,10,338,3342,107.0,79,12,3
8372,1,7809,4303,5273,603,533,2016,11,0,234,4807,1.0,79,8,2
8373,0,7816,583,3191,603,1119,2017,8,7,324,7951,104.0,79,12,3
8374,0,7817,989,4106,603,518,1996,8,214,513,7978,94.0,79,35,1
8375,0,7818,2833,6780,506,502,2016,11,11,185,3063,108.0,78,7,2
8376,0,7819,490,5317,603,900,2015,8,211,513,3279,91.0,79,35,1
8377,0,7821,967,3094,506,398,2016,9,172,281,3435,58.0,78,10,0
8379,1,7823,4303,3489,283,522,2010,11,151,498,2127,4.0,32,31,1
8380,0,7824,2246,2914,603,1092,2002,7,219,20,1615,99.0,79,0,0
8381,1,7830,4303,6079,603,380,1963,9,151,162,4241,4.0,79,5,0
8382,0,7833,3549,3794,603,924,2009,8,216,230,198,96.0,79,7,0
8383,0,7836,3310,6682,488,682,2011,11,213,350,257,93.0,74,13,0
8384,1,7839,4303,7013,736,646,2017,11,0,417,7674,1.0,80,16,2
8385,1,7841,4303,2148,603,1048,2009,9,0,300,3274,1.0,79,11,3
8386,0,7843,1812,169,39,502,2016,11,9,326,580,106.0,5,12,2
8387,0,7844,1221,1892,603,862,2013,7,6,274,3300,103.0,79,10,3
8388,0,7856,2643,5434,603,1242,2015,7,211,359,1474,91.0,79,13,0
8390,1,7860,2224,7246,603,647,2017,11,0,291,5111,1.0,79,11,2
8391,0,7864,3124,5097,150,917,2015,9,218,39,1916,98.0,18,0,0
8392,1,7867,4303,3861,603,287,2007,9,0,291,1025,1.0,79,11,3
8393,0,7869,3641,6163,30,1069,2014,8,16,326,8724,111.0,1,12,3
8394,0,7870,1795,2078,366,766,2007,6,17,121,136,112.0,48,4,3
8395,0,7872,1327,101,603,299,1998,7,210,233,1308,90.0,79,7,0
8396,0,7875,741,4054,388,889,2006,12,4,350,7576,101.0,54,13,2
8397,0,7878,3049,2120,368,1054,2017,9,218,220,4874,98.0,49,7,0
8398,1,7881,4303,4719,603,101,2005,9,185,498,7093,7.0,79,31,1
8399,0,7892,3544,708,520,724,2015,8,212,346,2780,92.0,78,13,0
8401,0,7893,2334,2723,603,844,2018,9,206,359,354,88.0,79,13,0
8402,1,7901,4303,4134,105,182,2010,11,0,393,5182,1.0,12,16,2
8403,0,7902,2996,7246,506,398,2016,11,159,281,3502,47.0,78,10,0
8404,0,7904,1182,2193,296,507,2016,12,3,198,243,100.0,33,7,2
8405,0,7906,2370,4645,162,773,2017,11,19,326,4534,114.0,20,12,2
8406,0,7907,2768,5669,589,1146,1999,7,35,0,4074,128.0,78,0,3
8407,0,7912,4339,4635,506,900,2018,12,167,274,242,53.0,78,10,0
8408,0,7916,1412,1672,58,974,2017,9,207,513,1325,89.0,10,35,1
8409,1,7919,4303,428,483,182,2009,12,0,393,5044,1.0,73,16,2
8410,0,7924,3245,332,279,300,2016,11,201,217,5424,83.0,32,7,0
8412,0,7925,4092,1332,239,694,1985,9,203,25,7293,85.0,26,0,0
8413,0,7932,3267,4749,58,390,2016,12,214,274,6895,94.0,10,10,0
8414,0,7933,3675,5702,251,657,2017,9,7,329,2292,104.0,29,12,3
8415,0,7935,724,7019,603,1092,1988,7,207,288,6691,89.0,79,10,0
8416,0,7938,1019,7246,603,236,2016,9,204,274,2148,86.0,79,10,0
8417,1,7950,4303,7014,488,869,2014,9,0,418,571,1.0,74,16,3
8418,1,7954,4303,3313,435,351,2015,9,0,379,965,1.0,67,16,3
8419,0,7955,1064,6924,105,457,2017,12,10,220,5907,107.0,12,7,2
8420,0,7961,4432,7246,38,97,2015,5,193,283,6453,77.0,5,10,0
8421,0,7962,3354,7012,271,300,2015,11,30,319,4409,123.0,29,12,2
8423,0,7967,546,1141,488,527,2017,11,29,56,1911,122.0,74,0,2
8424,0,7968,4097,1380,603,639,2017,7,40,28,7352,131.0,79,0,3
8425,0,7969,3696,4787,621,1238,2011,14,193,121,7171,77.0,79,4,0
8426,0,7970,509,1727,506,209,2010,5,32,326,4136,125.0,78,12,3
8427,0,7971,3987,1726,509,209,2010,5,32,326,4971,125.0,78,12,3
8428,0,7973,1997,4378,241,360,2016,11,206,52,741,88.0,26,0,0
8429,0,7978,2899,5075,736,976,2010,9,216,200,3237,96.0,80,7,0
8430,0,7982,2041,2016,603,545,2017,11,213,344,1944,93.0,79,12,0
8431,0,7984,4429,3008,603,313,1947,12,154,173,80,42.0,79,6,0
8432,1,7989,4303,4272,105,548,2017,9,0,244,4535,1.0,12,8,3
8434,0,7999,2423,7408,105,380,2016,9,11,332,890,108.0,12,12,3
8435,0,8000,63,7290,251,684,2017,11,63,326,7512,151.0,29,12,2
8436,0,8008,3715,5722,251,518,2013,9,32,200,5683,125.0,29,7,3
8437,1,8014,4303,4348,736,438,2009,9,0,412,295,1.0,80,16,3
8438,1,8015,4303,6354,736,558,2014,9,0,235,3659,1.0,80,8,3
8439,0,8018,4003,2451,603,54,2014,3,194,121,8336,78.0,79,4,3
8440,0,8019,3937,1477,603,887,2018,9,217,323,8449,97.0,79,12,0
8441,1,8023,4303,404,232,426,2014,13,0,422,4571,1.0,22,17,2
8442,0,8031,1148,7246,735,247,2016,9,202,274,3517,84.0,79,10,0
8443,0,8034,485,5562,603,1014,1995,7,11,191,7179,108.0,79,7,3
8446,1,8038,2779,4757,506,426,2015,11,138,95,1599,3.0,78,3,0
8447,1,8039,4303,5412,58,1044,2018,14,110,423,6756,2.0,10,17,2
8448,0,8050,2337,7246,519,448,2017,9,207,283,6890,89.0,78,10,0
8449,0,8059,3283,5965,736,1132,2001,14,175,125,8078,60.0,80,4,0
8450,0,8061,3599,5664,589,1146,1997,7,24,0,5694,119.0,78,0,3
8451,1,8074,4303,7246,592,883,2018,9,0,102,7128,1.0,78,3,3
8452,1,8076,4303,7246,603,817,2018,11,138,446,6143,3.0,79,21,1
8453,0,8078,636,6813,251,564,2016,9,205,319,6706,87.0,29,12,0
8454,0,8082,2605,2659,603,1378,2001,7,7,203,8542,104.0,79,7,3
8455,0,8084,4399,3658,603,237,2016,5,214,185,341,94.0,79,7,0
8457,1,8088,4303,7246,736,514,2016,11,0,385,2700,1.0,80,16,2
8458,0,8090,904,4396,603,1082,2015,7,214,0,7821,94.0,79,0,0
8459,0,8092,2518,4086,251,1146,2007,11,39,319,3821,130.0,29,12,2
8460,0,8105,4050,3921,488,677,2007,11,206,350,3688,88.0,74,13,0
8461,0,8106,3731,2472,435,306,2016,11,23,46,2554,118.0,67,0,2
8462,0,8108,939,2197,506,1063,1996,8,214,187,5858,94.0,78,7,0
8463,0,8109,1835,1886,603,657,2008,7,19,344,2204,114.0,79,12,3
8464,0,8112,4395,3455,524,766,2014,7,24,467,7486,119.0,78,24,1
8465,0,8123,3982,7401,515,818,2014,8,19,325,7223,114.0,78,12,3
8466,0,8124,3479,148,603,271,2016,8,214,199,6290,94.0,79,7,0
8468,0,8130,3693,7246,506,518,2017,10,200,276,6817,82.0,78,10,0
8469,0,8132,2015,7246,58,208,2015,12,200,274,3454,82.0,10,10,0
8470,0,8134,3621,3924,603,1147,1990,7,216,188,1658,96.0,79,7,0
8471,0,8135,3656,2330,736,1147,1995,7,3,210,944,100.0,80,7,3
8472,0,8136,588,4905,603,1147,2001,6,7,210,8038,104.0,79,7,3
8473,0,8137,3656,4904,603,1147,2004,7,4,210,5862,101.0,79,7,3
8474,0,8138,1105,4901,431,1147,2015,7,219,210,8183,99.0,66,7,0
8475,0,8139,1105,4902,706,613,2018,7,218,23,6702,98.0,79,0,0
8476,0,8143,56,4899,506,862,2016,8,3,309,712,100.0,78,12,3
8477,0,8152,3899,4227,251,1146,1985,9,43,199,54,134.0,29,7,3
8479,0,8153,2935,604,251,564,1995,12,88,39,1735,173.0,29,0,2
8480,0,8156,1898,4585,251,474,2014,11,18,375,7288,113.0,29,15,2
8481,0,8162,3014,1089,603,1221,2019,11,211,288,3314,91.0,79,10,0
8482,0,8167,3860,7246,569,549,2017,11,15,281,6883,110.0,78,10,2
8483,1,8169,4303,4043,407,797,2017,11,0,412,6502,1.0,59,16,2
8484,0,8171,4140,1941,603,574,2017,11,210,0,6220,90.0,79,0,0
8485,0,8173,1575,3445,603,1147,1969,3,35,174,6356,128.0,79,6,3
8486,0,8177,3333,1515,603,564,2017,8,11,309,7873,108.0,79,12,3
8487,0,8188,1794,1134,603,1270,2015,8,31,318,8182,124.0,79,12,3
8488,0,8193,1160,7218,91,897,2010,8,207,208,3500,89.0,10,7,0
8490,0,8197,705,3327,251,551,2012,12,75,312,204,162.0,29,12,2
8491,0,8202,1325,1146,718,313,1944,9,192,173,2881,76.0,79,6,0
8492,0,8204,1024,919,603,1045,2013,6,216,125,1092,96.0,79,4,0
8493,0,8209,2261,4924,603,676,2014,8,5,345,8052,102.0,79,13,3
8494,0,8211,1587,6803,322,517,2010,9,167,281,6932,53.0,36,10,0
8495,1,8215,4303,4107,603,380,1990,9,110,152,20,2.0,79,5,3
8496,0,8217,643,3744,603,883,2018,11,204,349,8060,86.0,79,13,0
8497,1,8218,4303,4309,506,1266,2018,13,110,110,6493,2.0,78,3,2
8498,0,8219,4303,7327,251,257,2015,9,207,326,2013,89.0,29,12,0
8499,0,8223,1388,1248,506,930,2018,11,198,513,364,80.0,78,35,1
8501,0,8224,2279,1602,58,337,2016,8,215,322,1261,95.0,10,12,0
8502,0,8227,4070,7246,15,92,2015,9,194,281,6928,78.0,1,10,0
8503,0,8229,1731,5001,643,869,2008,8,210,289,4894,90.0,79,10,0
8504,0,8235,362,5795,251,294,2013,5,32,332,7798,125.0,29,12,3
8505,1,8238,4303,5103,488,856,2015,9,151,394,8761,4.0,74,16,0
8506,0,8249,504,6117,520,590,2016,8,214,326,1480,94.0,78,12,0
8507,0,8251,3193,4262,603,1063,2006,6,210,125,3675,90.0,79,4,0
8508,0,8252,2809,7246,603,417,2017,11,7,274,5474,104.0,79,10,2
8509,0,8271,756,1372,603,504,2017,9,152,35,6109,40.0,79,0,0
8510,0,8270,2026,6415,479,668,2013,8,11,319,1008,108.0,71,12,3
8512,0,8279,1214,2975,58,474,2016,7,214,9,5021,94.0,10,0,0
8513,0,8281,1956,7246,603,313,1943,12,176,173,6781,61.0,79,6,0
8514,0,8287,3189,6996,545,1006,2012,7,214,199,8608,94.0,78,7,0
8515,0,8291,3737,5796,69,1146,2017,9,8,319,7394,105.0,10,12,3
8516,0,8303,3875,4010,150,976,2011,9,201,375,1470,83.0,18,15,0
8517,0,8318,1771,2406,603,1147,2009,8,15,203,5924,110.0,79,7,3
8518,0,8324,3315,6737,251,527,2017,11,28,319,1816,121.0,29,12,2
8519,0,8328,2899,5073,150,1038,2018,9,215,25,7318,95.0,18,0,0
8520,0,8232,2622,5327,603,1058,2016,8,39,0,1722,130.0,79,0,3
8521,0,8331,1726,5221,726,737,2005,8,41,41,738,132.0,79,0,3
8523,1,8332,4303,4939,603,105,1995,10,110,422,7208,2.0,79,17,1
8524,0,8346,3236,1798,603,1092,2008,7,210,0,5369,90.0,79,0,0
8525,0,8349,3408,6321,251,458,2016,9,22,39,891,117.0,29,0,3
8526,0,8350,402,5734,251,1146,2018,9,39,200,5768,130.0,29,7,3
8527,0,8351,219,7246,603,381,2016,9,194,274,66,78.0,79,10,0
8528,0,8368,1492,2741,556,502,2017,5,9,309,2627,106.0,78,12,3
8529,0,8371,579,5552,603,394,2015,7,15,309,4324,110.0,79,12,3
8530,0,8374,991,623,513,845,2018,8,211,60,3876,91.0,78,0,0
8531,0,8375,1550,2139,603,294,2016,12,18,274,2470,113.0,79,10,2
8532,0,8378,1381,2063,603,427,2016,8,4,344,4601,101.0,79,12,3
8534,1,8367,4303,7318,736,589,2013,14,110,422,4250,2.0,80,17,2
8535,0,8391,3133,6133,251,657,2017,9,32,326,7950,125.0,29,12,3
8536,0,8392,1367,1859,251,388,2014,9,21,326,4473,116.0,29,12,3
8537,0,8396,4492,7622,492,301,2004,5,9,200,8573,106.0,75,7,3
8538,0,8397,2329,3833,251,1146,2018,9,18,332,8476,113.0,29,12,3
8539,1,8404,4303,3497,435,398,2016,13,138,423,3781,3.0,67,17,2
8540,0,8333,1134,1519,506,975,2018,11,219,309,1433,99.0,78,12,0
8541,0,8414,535,6494,380,380,2013,11,39,52,7774,130.0,51,0,2
8542,0,8415,3160,5343,251,474,2016,9,27,55,4454,120.0,29,0,3
8543,0,8420,359,5189,251,613,2015,11,214,326,8531,94.0,29,12,0
8545,0,8422,3524,6187,603,1386,2005,8,214,211,3441,94.0,79,7,0
8546,1,8423,4303,2942,736,589,2017,9,110,412,2010,2.0,80,16,3
8547,0,8425,3573,1135,603,870,2016,8,12,309,2444,109.0,79,12,3
8548,0,8430,2578,932,506,513,2017,12,214,274,230,94.0,78,10,0
8549,0,8432,165,4758,603,1063,2017,7,216,325,1142,96.0,79,12,0
8550,0,8439,3288,3264,621,900,2007,8,6,0,8267,103.0,79,0,3
8551,0,8441,1258,6573,251,870,2013,9,12,200,6028,109.0,29,7,3
8552,0,8443,4020,2080,671,934,2011,7,57,309,3356,147.0,79,12,3
8553,0,8445,1974,343,506,1121,2016,8,218,20,6372,98.0,78,0,0
8554,0,8446,1501,5137,150,917,2014,9,189,347,8106,73.0,18,13,0
8557,0,8447,1691,3548,342,474,2015,9,212,200,1082,92.0,44,7,0
8558,1,8450,4303,7246,394,188,2014,11,0,292,5657,1.0,55,11,2
8559,0,8455,2617,7246,603,542,2017,6,194,274,2921,78.0,79,10,0
8560,0,8456,4178,7246,615,677,2018,10,183,274,6123,68.0,79,10,0
8561,0,8469,2735,7627,542,1170,2015,8,216,321,2249,96.0,78,12,0
8562,0,8474,780,1290,603,1000,2018,9,201,513,361,83.0,79,35,1
8563,0,8477,1018,2752,444,182,2016,11,211,220,589,91.0,69,7,0
8564,0,8480,1862,2190,603,852,2018,8,213,318,1251,93.0,79,12,0
8565,0,8485,1467,7246,603,657,2017,12,149,281,5404,38.0,79,10,0
8566,0,8484,133,3400,605,411,2015,11,214,199,7630,94.0,79,7,0
8568,0,8487,352,2578,394,1063,1983,11,211,326,7864,91.0,55,12,0
8569,1,8491,4303,4735,603,23,2012,11,196,488,1141,8.0,79,30,1
8570,0,8492,734,4325,239,733,2016,11,215,319,4341,95.0,26,12,0
8571,1,8493,4303,1387,506,313,2016,12,110,102,3939,2.0,78,3,2
8572,0,8495,398,753,251,564,2015,11,31,217,3198,124.0,29,7,2
8573,0,8499,3983,1757,603,448,2016,14,189,121,3311,73.0,79,4,0
8574,0,8500,24,2547,643,309,2014,8,11,318,663,108.0,79,12,3
8575,0,8503,4269,990,603,546,2017,11,202,208,732,84.0,79,7,0
8576,0,8511,3958,7677,394,1063,1967,11,213,176,2691,93.0,55,6,0
8577,0,8514,2789,6108,736,1021,2019,11,216,289,684,96.0,80,10,0
8579,0,8536,1611,2738,105,657,2017,9,5,200,4446,102.0,12,7,3
8580,1,8523,4303,6485,492,339,2016,9,0,410,808,1.0,75,16,3
8581,1,8525,4303,1403,483,247,2012,9,0,393,37,1.0,73,16,3
8582,0,8528,3565,2631,603,1147,2000,7,39,359,7728,130.0,79,13,3
8583,0,8529,3445,7246,506,844,2017,9,166,274,7168,52.0,78,10,0
8584,0,8531,2063,4453,603,807,2018,9,211,344,6271,91.0,79,12,0
8585,0,8545,3636,1836,272,795,2002,8,15,329,901,110.0,30,12,3
8586,1,8552,4303,2156,603,815,2017,12,162,498,5164,5.0,79,31,1
8587,0,8553,3516,7246,557,241,2013,5,191,281,1070,75.0,78,10,3
8588,0,8558,1564,7246,387,221,2016,9,6,281,6954,103.0,53,10,3
8590,0,8561,2599,5591,234,1159,2000,7,207,22,5670,89.0,22,0,0
8591,0,8562,3793,531,603,533,2017,8,204,185,4252,86.0,79,7,0
8592,0,8563,3051,925,603,466,2015,8,217,199,370,97.0,79,7,0
8593,0,8569,3201,6585,506,1014,2018,11,207,467,7844,89.0,78,24,1
8594,0,8574,510,4464,506,442,2016,11,211,216,5872,91.0,78,7,0
8595,0,8585,1120,4880,603,426,2017,11,194,286,6310,78.0,79,10,0
8596,0,8586,2671,7659,603,987,1967,8,210,175,1361,90.0,79,6,0
8597,1,8588,4303,7046,483,247,2011,9,0,393,366,1.0,73,16,3
8598,0,8591,2885,2439,506,844,2016,9,164,274,46,50.0,78,10,0
8599,0,8595,1080,7246,70,458,2016,11,202,274,5740,84.0,10,10,0
8601,0,8597,1324,7246,603,313,1943,12,200,274,7056,82.0,79,10,0
8602,1,8598,4303,1910,506,313,2015,12,0,102,6633,1.0,78,3,2
8603,1,8599,4303,342,506,313,2013,12,0,102,6721,1.0,78,3,2
8604,0,8605,473,7471,603,1147,1999,7,9,28,2485,106.0,79,0,3
8605,0,8606,3191,1193,603,1367,2018,7,8,318,1211,105.0,79,12,3
8606,0,8608,2918,7246,506,476,2017,11,8,284,7055,105.0,78,10,2
8607,0,8609,2755,2393,642,1147,1971,3,3,123,8768,100.0,79,4,3
8608,0,8616,3176,7246,195,561,2017,9,203,281,8552,85.0,20,10,0
8609,1,8617,4303,1889,603,801,2016,10,0,446,1513,1.0,79,21,2
8610,0,8619,1953,3580,15,208,1981,5,204,174,2021,86.0,1,6,0
8612,1,8618,4303,7691,492,398,2014,11,0,416,8717,1.0,75,16,2
8613,0,8621,1043,3194,603,869,2010,8,3,318,4904,100.0,79,12,3
8614,0,8625,4494,7630,603,694,2014,8,9,199,8592,106.0,79,7,3
8615,0,8626,4154,542,603,1121,2019,9,11,138,2006,108.0,79,4,3
8616,0,8630,66,29,58,613,2017,11,190,318,7604,74.0,10,12,0
8617,0,8636,474,4932,603,897,2016,8,12,324,925,109.0,79,12,3
8618,1,8637,4303,7246,603,208,2010,9,138,234,7106,3.0,79,8,0
8619,0,8643,462,7246,603,1023,2019,11,217,288,3777,97.0,79,10,0
8620,0,8653,3094,5323,603,1108,2006,7,36,36,8681,129.0,79,0,3
8621,1,8657,4303,607,506,844,2017,12,0,99,3924,1.0,78,3,2
8623,0,8659,4026,1297,736,844,2015,12,161,442,3928,49.0,80,19,1
8624,0,8663,986,1108,603,963,2013,11,213,349,4582,93.0,79,13,0
8625,0,8665,4460,3092,380,380,2015,9,42,220,7521,133.0,51,7,3
8626,0,8666,2881,5711,251,448,2016,11,50,326,6601,140.0,29,12,2
8627,0,8413,1965,7246,603,313,1943,12,157,274,3643,45.0,79,10,0
8628,0,8669,2373,3931,603,1147,1994,7,104,0,5176,191.0,79,0,3
8629,0,8675,2079,5212,86,372,2017,8,199,345,7037,81.0,10,13,0
8630,0,8677,3520,7343,603,818,2002,7,31,63,843,124.0,79,0,3
8631,0,8676,2390,2780,603,818,2005,7,4,0,4716,101.0,79,0,3
8632,0,8680,185,4639,342,358,2001,8,9,319,8314,106.0,44,12,3
8634,0,8681,2947,700,251,564,2008,11,46,319,6612,137.0,29,12,2
8635,0,8686,4034,2922,251,564,2001,9,86,329,7590,171.0,29,12,3
8636,0,8688,2317,2611,251,474,2011,9,41,328,6647,132.0,29,12,3
8637,0,8689,3732,1830,251,336,2013,9,57,25,7638,147.0,29,0,3
8638,0,8690,2203,615,251,518,2006,12,63,200,6377,151.0,29,7,2
8639,0,8795,36,5781,152,1082,2018,9,217,319,708,97.0,18,12,0
8640,1,8696,4303,7379,251,708,2018,12,0,409,4675,1.0,29,16,2
8641,0,8697,786,1574,165,70,2014,6,210,125,2414,90.0,20,4,0
8642,0,8700,3756,6865,488,793,2010,12,16,365,7401,111.0,74,15,2
8643,0,8701,3756,6851,488,771,2012,12,17,365,5464,112.0,74,15,2
8645,0,8702,2289,6850,488,771,2015,12,10,365,5914,107.0,74,15,2
8646,1,8704,4303,3464,603,132,2015,14,0,86,5408,1.0,79,2,2
8647,0,8705,2648,3465,322,222,2016,14,216,66,5409,96.0,36,1,0
8648,0,8706,2261,2616,603,223,2016,7,206,208,8568,88.0,79,7,0
8649,1,8707,4303,1992,736,649,2016,13,0,422,3907,1.0,80,17,2
8650,0,8708,4303,1992,409,649,2015,13,194,121,7665,78.0,59,4,0
8651,1,8684,4303,6240,736,640,2016,14,0,422,8642,1.0,80,17,2
8652,0,8715,1713,4298,506,517,2017,10,205,121,513,87.0,78,4,0
8653,0,8717,2235,1068,603,507,2017,12,203,230,1999,85.0,79,7,0
8654,0,8718,1671,4135,127,161,2015,11,69,326,1074,157.0,14,12,2
8656,0,8719,685,3418,388,867,2009,12,21,200,5144,116.0,54,7,2
8657,0,8720,1058,99,603,1038,2008,17,18,20,2214,113.0,79,0,2
8658,0,8729,1771,1306,603,1108,2011,8,214,199,7869,94.0,79,7,0
8659,0,8731,2928,5750,239,208,1973,5,199,52,2109,81.0,26,0,0
8660,0,8739,3383,1799,603,1108,2005,6,206,125,7881,88.0,79,4,0
8661,0,8792,2898,5271,154,746,2016,9,218,319,2165,98.0,18,12,0
8662,1,8742,4303,4985,320,613,2015,14,110,86,5487,2.0,36,2,2
8663,1,8745,4303,2548,492,259,2016,12,110,412,3379,2.0,75,16,2
8664,1,8753,4303,4916,653,720,2016,14,138,422,6347,3.0,79,17,2
8665,0,8757,703,135,251,1146,2014,11,40,200,871,131.0,29,7,2
8668,0,8758,430,6356,251,551,2009,9,27,326,193,120.0,29,12,3
8669,1,8763,4303,6320,380,235,2012,12,0,394,6261,1.0,51,16,2
8670,0,8767,2536,370,500,125,2015,11,216,332,5831,96.0,77,12,0
8671,0,8770,979,4677,603,1108,2007,8,70,269,895,158.0,79,9,3
8672,1,8773,4303,7246,736,987,2018,14,110,424,8483,2.0,80,17,2
8673,0,8774,3631,3231,603,1092,2009,8,206,207,5228,88.0,79,7,0
8674,0,8777,3247,7061,603,1155,2006,6,206,125,3315,88.0,79,4,0
8675,0,8781,2926,7298,251,870,2015,9,16,328,1004,111.0,29,12,3
